timestamp,price,position,period_start,period_end
2022-12-31 23:00:00+00:00,-3.61,1,2022-12-31 23:00:00+00:00,2023-01-01 23:00:00+00:00
2023-01-01 00:00:00+00:00,-1.46,2,2022-12-31 23:00:00+00:00,2023-01-01 23:00:00+00:00
2023-01-01 01:00:00+00:00,-1.52,3,2022-12-31 23:00:00+00:00,2023-01-01 23:00:00+00:00
2023-01-01 02:00:00+00:00,-5.0,4,2022-12-31 23:00:00+00:00,2023-01-01 23:00:00+00:00
2023-01-01 03:00:00+00:00,-4.6,5,2022-12-31 23:00:00+00:00,2023-01-01 23:00:00+00:00
2023-01-01 04:00:00+00:00,-4.05,6,2022-12-31 23:00:00+00:00,2023-01-01 23:00:00+00:00
2023-01-01 05:00:00+00:00,-3.6,7,2022-12-31 23:00:00+00:00,2023-01-01 23:00:00+00:00
2023-01-01 06:00:00+00:00,0.0,8,2022-12-31 23:00:00+00:00,2023-01-01 23:00:00+00:00
2023-01-01 09:00:00+00:00,0.99,11,2022-12-31 23:00:00+00:00,2023-01-01 23:00:00+00:00
2023-01-01 10:00:00+00:00,0.58,12,2022-12-31 23:00:00+00:00,2023-01-01 23:00:00+00:00
2023-01-01 11:00:00+00:00,0.04,13,2022-12-31 23:00:00+00:00,2023-01-01 23:00:00+00:00
2023-01-01 12:00:00+00:00,0.0,14,2022-12-31 23:00:00+00:00,2023-01-01 23:00:00+00:00
2023-01-01 13:00:00+00:00,0.85,15,2022-12-31 23:00:00+00:00,2023-01-01 23:00:00+00:00
2023-01-01 14:00:00+00:00,23.53,16,2022-12-31 23:00:00+00:00,2023-01-01 23:00:00+00:00
2023-01-01 15:00:00+00:00,36.54,17,2022-12-31 23:00:00+00:00,2023-01-01 23:00:00+00:00
2023-01-01 16:00:00+00:00,46.03,18,2022-12-31 23:00:00+00:00,2023-01-01 23:00:00+00:00
2023-01-01 17:00:00+00:00,99.9,19,2022-12-31 23:00:00+00:00,2023-01-01 23:00:00+00:00
2023-01-01 18:00:00+00:00,54.95,20,2022-12-31 23:00:00+00:00,2023-01-01 23:00:00+00:00
2023-01-01 19:00:00+00:00,62.0,21,2022-12-31 23:00:00+00:00,2023-01-01 23:00:00+00:00
2023-01-01 20:00:00+00:00,52.93,22,2022-12-31 23:00:00+00:00,2023-01-01 23:00:00+00:00
2023-01-01 21:00:00+00:00,45.96,23,2022-12-31 23:00:00+00:00,2023-01-01 23:00:00+00:00
2023-01-01 22:00:00+00:00,35.0,24,2022-12-31 23:00:00+00:00,2023-01-01 23:00:00+00:00
2023-01-01 23:00:00+00:00,109.9,1,2023-01-01 23:00:00+00:00,2023-01-02 23:00:00+00:00
2023-01-02 00:00:00+00:00,94.9,2,2023-01-01 23:00:00+00:00,2023-01-02 23:00:00+00:00
2023-01-02 01:00:00+00:00,52.93,3,2023-01-01 23:00:00+00:00,2023-01-02 23:00:00+00:00
2023-01-02 02:00:00+00:00,44.16,4,2023-01-01 23:00:00+00:00,2023-01-02 23:00:00+00:00
2023-01-02 03:00:00+00:00,50.08,5,2023-01-01 23:00:00+00:00,2023-01-02 23:00:00+00:00
2023-01-02 04:00:00+00:00,77.09,6,2023-01-01 23:00:00+00:00,2023-01-02 23:00:00+00:00
2023-01-02 05:00:00+00:00,105.08,7,2023-01-01 23:00:00+00:00,2023-01-02 23:00:00+00:00
2023-01-02 06:00:00+00:00,140.64,8,2023-01-01 23:00:00+00:00,2023-01-02 23:00:00+00:00
2023-01-02 07:00:00+00:00,162.44,9,2023-01-01 23:00:00+00:00,2023-01-02 23:00:00+00:00
2023-01-02 08:00:00+00:00,180.0,10,2023-01-01 23:00:00+00:00,2023-01-02 23:00:00+00:00
2023-01-02 09:00:00+00:00,145.61,11,2023-01-01 23:00:00+00:00,2023-01-02 23:00:00+00:00
2023-01-02 10:00:00+00:00,143.35,12,2023-01-01 23:00:00+00:00,2023-01-02 23:00:00+00:00
2023-01-02 11:00:00+00:00,144.38,13,2023-01-01 23:00:00+00:00,2023-01-02 23:00:00+00:00
2023-01-02 12:00:00+00:00,143.76,14,2023-01-01 23:00:00+00:00,2023-01-02 23:00:00+00:00
2023-01-02 13:00:00+00:00,148.2,15,2023-01-01 23:00:00+00:00,2023-01-02 23:00:00+00:00
2023-01-02 14:00:00+00:00,155.34,16,2023-01-01 23:00:00+00:00,2023-01-02 23:00:00+00:00
2023-01-02 15:00:00+00:00,164.0,17,2023-01-01 23:00:00+00:00,2023-01-02 23:00:00+00:00
2023-01-02 16:00:00+00:00,185.68,18,2023-01-01 23:00:00+00:00,2023-01-02 23:00:00+00:00
2023-01-02 17:00:00+00:00,174.74,19,2023-01-01 23:00:00+00:00,2023-01-02 23:00:00+00:00
2023-01-02 18:00:00+00:00,169.9,20,2023-01-01 23:00:00+00:00,2023-01-02 23:00:00+00:00
2023-01-02 19:00:00+00:00,153.0,21,2023-01-01 23:00:00+00:00,2023-01-02 23:00:00+00:00
2023-01-02 20:00:00+00:00,141.67,22,2023-01-01 23:00:00+00:00,2023-01-02 23:00:00+00:00
2023-01-02 21:00:00+00:00,134.91,23,2023-01-01 23:00:00+00:00,2023-01-02 23:00:00+00:00
2023-01-02 22:00:00+00:00,124.22,24,2023-01-01 23:00:00+00:00,2023-01-02 23:00:00+00:00
2023-01-02 23:00:00+00:00,130.01,1,2023-01-02 23:00:00+00:00,2023-01-03 23:00:00+00:00
2023-01-03 00:00:00+00:00,120.0,2,2023-01-02 23:00:00+00:00,2023-01-03 23:00:00+00:00
2023-01-03 01:00:00+00:00,118.76,3,2023-01-02 23:00:00+00:00,2023-01-03 23:00:00+00:00
2023-01-03 02:00:00+00:00,115.0,4,2023-01-02 23:00:00+00:00,2023-01-03 23:00:00+00:00
2023-01-03 03:00:00+00:00,113.63,5,2023-01-02 23:00:00+00:00,2023-01-03 23:00:00+00:00
2023-01-03 04:00:00+00:00,116.27,6,2023-01-02 23:00:00+00:00,2023-01-03 23:00:00+00:00
2023-01-03 05:00:00+00:00,138.92,7,2023-01-02 23:00:00+00:00,2023-01-03 23:00:00+00:00
2023-01-03 06:00:00+00:00,159.92,8,2023-01-02 23:00:00+00:00,2023-01-03 23:00:00+00:00
2023-01-03 07:00:00+00:00,169.17,9,2023-01-02 23:00:00+00:00,2023-01-03 23:00:00+00:00
2023-01-03 08:00:00+00:00,171.18,10,2023-01-02 23:00:00+00:00,2023-01-03 23:00:00+00:00
2023-01-03 09:00:00+00:00,168.57,11,2023-01-02 23:00:00+00:00,2023-01-03 23:00:00+00:00
2023-01-03 10:00:00+00:00,169.49,12,2023-01-02 23:00:00+00:00,2023-01-03 23:00:00+00:00
2023-01-03 11:00:00+00:00,164.5,13,2023-01-02 23:00:00+00:00,2023-01-03 23:00:00+00:00
2023-01-03 12:00:00+00:00,160.91,14,2023-01-02 23:00:00+00:00,2023-01-03 23:00:00+00:00
2023-01-03 13:00:00+00:00,163.06,15,2023-01-02 23:00:00+00:00,2023-01-03 23:00:00+00:00
2023-01-03 14:00:00+00:00,166.79,16,2023-01-02 23:00:00+00:00,2023-01-03 23:00:00+00:00
2023-01-03 15:00:00+00:00,166.57,17,2023-01-02 23:00:00+00:00,2023-01-03 23:00:00+00:00
2023-01-03 16:00:00+00:00,170.82,18,2023-01-02 23:00:00+00:00,2023-01-03 23:00:00+00:00
2023-01-03 17:00:00+00:00,168.95,19,2023-01-02 23:00:00+00:00,2023-01-03 23:00:00+00:00
2023-01-03 18:00:00+00:00,160.99,20,2023-01-02 23:00:00+00:00,2023-01-03 23:00:00+00:00
2023-01-03 19:00:00+00:00,149.62,21,2023-01-02 23:00:00+00:00,2023-01-03 23:00:00+00:00
2023-01-03 20:00:00+00:00,130.63,22,2023-01-02 23:00:00+00:00,2023-01-03 23:00:00+00:00
2023-01-03 21:00:00+00:00,114.42,23,2023-01-02 23:00:00+00:00,2023-01-03 23:00:00+00:00
2023-01-03 22:00:00+00:00,92.48,24,2023-01-02 23:00:00+00:00,2023-01-03 23:00:00+00:00
2023-01-03 23:00:00+00:00,80.07,1,2023-01-03 23:00:00+00:00,2023-01-04 23:00:00+00:00
2023-01-04 00:00:00+00:00,68.44,2,2023-01-03 23:00:00+00:00,2023-01-04 23:00:00+00:00
2023-01-04 01:00:00+00:00,37.92,3,2023-01-03 23:00:00+00:00,2023-01-04 23:00:00+00:00
2023-01-04 02:00:00+00:00,0.0,4,2023-01-03 23:00:00+00:00,2023-01-04 23:00:00+00:00
2023-01-04 04:00:00+00:00,6.33,6,2023-01-03 23:00:00+00:00,2023-01-04 23:00:00+00:00
2023-01-04 05:00:00+00:00,54.9,7,2023-01-03 23:00:00+00:00,2023-01-04 23:00:00+00:00
2023-01-04 06:00:00+00:00,85.32,8,2023-01-03 23:00:00+00:00,2023-01-04 23:00:00+00:00
2023-01-04 07:00:00+00:00,150.0,9,2023-01-03 23:00:00+00:00,2023-01-04 23:00:00+00:00
2023-01-04 08:00:00+00:00,146.0,10,2023-01-03 23:00:00+00:00,2023-01-04 23:00:00+00:00
2023-01-04 09:00:00+00:00,131.19,11,2023-01-03 23:00:00+00:00,2023-01-04 23:00:00+00:00
2023-01-04 10:00:00+00:00,130.53,12,2023-01-03 23:00:00+00:00,2023-01-04 23:00:00+00:00
2023-01-04 11:00:00+00:00,127.87,13,2023-01-03 23:00:00+00:00,2023-01-04 23:00:00+00:00
2023-01-04 12:00:00+00:00,119.08,14,2023-01-03 23:00:00+00:00,2023-01-04 23:00:00+00:00
2023-01-04 13:00:00+00:00,116.55,15,2023-01-03 23:00:00+00:00,2023-01-04 23:00:00+00:00
2023-01-04 14:00:00+00:00,127.99,16,2023-01-03 23:00:00+00:00,2023-01-04 23:00:00+00:00
2023-01-04 15:00:00+00:00,131.25,17,2023-01-03 23:00:00+00:00,2023-01-04 23:00:00+00:00
2023-01-04 16:00:00+00:00,150.2,18,2023-01-03 23:00:00+00:00,2023-01-04 23:00:00+00:00
2023-01-04 17:00:00+00:00,137.5,19,2023-01-03 23:00:00+00:00,2023-01-04 23:00:00+00:00
2023-01-04 18:00:00+00:00,129.49,20,2023-01-03 23:00:00+00:00,2023-01-04 23:00:00+00:00
2023-01-04 19:00:00+00:00,122.4,21,2023-01-03 23:00:00+00:00,2023-01-04 23:00:00+00:00
2023-01-04 20:00:00+00:00,129.39,22,2023-01-03 23:00:00+00:00,2023-01-04 23:00:00+00:00
2023-01-04 21:00:00+00:00,108.96,23,2023-01-03 23:00:00+00:00,2023-01-04 23:00:00+00:00
2023-01-04 22:00:00+00:00,106.0,24,2023-01-03 23:00:00+00:00,2023-01-04 23:00:00+00:00
2023-01-04 23:00:00+00:00,5.4,1,2023-01-04 23:00:00+00:00,2023-01-05 23:00:00+00:00
2023-01-05 00:00:00+00:00,3.63,2,2023-01-04 23:00:00+00:00,2023-01-05 23:00:00+00:00
2023-01-05 01:00:00+00:00,4.9,3,2023-01-04 23:00:00+00:00,2023-01-05 23:00:00+00:00
2023-01-05 02:00:00+00:00,0.0,4,2023-01-04 23:00:00+00:00,2023-01-05 23:00:00+00:00
2023-01-05 03:00:00+00:00,6.87,5,2023-01-04 23:00:00+00:00,2023-01-05 23:00:00+00:00
2023-01-05 04:00:00+00:00,16.32,6,2023-01-04 23:00:00+00:00,2023-01-05 23:00:00+00:00
2023-01-05 05:00:00+00:00,67.8,7,2023-01-04 23:00:00+00:00,2023-01-05 23:00:00+00:00
2023-01-05 06:00:00+00:00,119.9,8,2023-01-04 23:00:00+00:00,2023-01-05 23:00:00+00:00
2023-01-05 07:00:00+00:00,179.0,9,2023-01-04 23:00:00+00:00,2023-01-05 23:00:00+00:00
2023-01-05 08:00:00+00:00,171.04,10,2023-01-04 23:00:00+00:00,2023-01-05 23:00:00+00:00
2023-01-05 09:00:00+00:00,169.47,11,2023-01-04 23:00:00+00:00,2023-01-05 23:00:00+00:00
2023-01-05 10:00:00+00:00,154.0,12,2023-01-04 23:00:00+00:00,2023-01-05 23:00:00+00:00
2023-01-05 11:00:00+00:00,146.0,13,2023-01-04 23:00:00+00:00,2023-01-05 23:00:00+00:00
2023-01-05 12:00:00+00:00,145.1,14,2023-01-04 23:00:00+00:00,2023-01-05 23:00:00+00:00
2023-01-05 13:00:00+00:00,151.03,15,2023-01-04 23:00:00+00:00,2023-01-05 23:00:00+00:00
2023-01-05 14:00:00+00:00,159.48,16,2023-01-04 23:00:00+00:00,2023-01-05 23:00:00+00:00
2023-01-05 15:00:00+00:00,172.73,17,2023-01-04 23:00:00+00:00,2023-01-05 23:00:00+00:00
2023-01-05 16:00:00+00:00,222.1,18,2023-01-04 23:00:00+00:00,2023-01-05 23:00:00+00:00
2023-01-05 17:00:00+00:00,194.67,19,2023-01-04 23:00:00+00:00,2023-01-05 23:00:00+00:00
2023-01-05 18:00:00+00:00,177.98,20,2023-01-04 23:00:00+00:00,2023-01-05 23:00:00+00:00
2023-01-05 19:00:00+00:00,163.99,21,2023-01-04 23:00:00+00:00,2023-01-05 23:00:00+00:00
2023-01-05 20:00:00+00:00,152.0,22,2023-01-04 23:00:00+00:00,2023-01-05 23:00:00+00:00
2023-01-05 21:00:00+00:00,144.64,23,2023-01-04 23:00:00+00:00,2023-01-05 23:00:00+00:00
2023-01-05 22:00:00+00:00,127.0,24,2023-01-04 23:00:00+00:00,2023-01-05 23:00:00+00:00
2023-01-05 23:00:00+00:00,107.21,1,2023-01-05 23:00:00+00:00,2023-01-06 23:00:00+00:00
2023-01-06 00:00:00+00:00,101.1,2,2023-01-05 23:00:00+00:00,2023-01-06 23:00:00+00:00
2023-01-06 01:00:00+00:00,96.73,3,2023-01-05 23:00:00+00:00,2023-01-06 23:00:00+00:00
2023-01-06 02:00:00+00:00,81.42,4,2023-01-05 23:00:00+00:00,2023-01-06 23:00:00+00:00
2023-01-06 03:00:00+00:00,74.45,5,2023-01-05 23:00:00+00:00,2023-01-06 23:00:00+00:00
2023-01-06 04:00:00+00:00,78.32,6,2023-01-05 23:00:00+00:00,2023-01-06 23:00:00+00:00
2023-01-06 05:00:00+00:00,96.89,7,2023-01-05 23:00:00+00:00,2023-01-06 23:00:00+00:00
2023-01-06 06:00:00+00:00,107.02,8,2023-01-05 23:00:00+00:00,2023-01-06 23:00:00+00:00
2023-01-06 07:00:00+00:00,122.94,9,2023-01-05 23:00:00+00:00,2023-01-06 23:00:00+00:00
2023-01-06 08:00:00+00:00,166.4,10,2023-01-05 23:00:00+00:00,2023-01-06 23:00:00+00:00
2023-01-06 09:00:00+00:00,182.4,11,2023-01-05 23:00:00+00:00,2023-01-06 23:00:00+00:00
2023-01-06 10:00:00+00:00,163.67,12,2023-01-05 23:00:00+00:00,2023-01-06 23:00:00+00:00
2023-01-06 11:00:00+00:00,140.2,13,2023-01-05 23:00:00+00:00,2023-01-06 23:00:00+00:00
2023-01-06 12:00:00+00:00,135.0,14,2023-01-05 23:00:00+00:00,2023-01-06 23:00:00+00:00
2023-01-06 13:00:00+00:00,158.0,15,2023-01-05 23:00:00+00:00,2023-01-06 23:00:00+00:00
2023-01-06 14:00:00+00:00,170.4,16,2023-01-05 23:00:00+00:00,2023-01-06 23:00:00+00:00
2023-01-06 15:00:00+00:00,140.1,17,2023-01-05 23:00:00+00:00,2023-01-06 23:00:00+00:00
2023-01-06 16:00:00+00:00,155.93,18,2023-01-05 23:00:00+00:00,2023-01-06 23:00:00+00:00
2023-01-06 17:00:00+00:00,163.5,19,2023-01-05 23:00:00+00:00,2023-01-06 23:00:00+00:00
2023-01-06 18:00:00+00:00,146.74,20,2023-01-05 23:00:00+00:00,2023-01-06 23:00:00+00:00
2023-01-06 19:00:00+00:00,139.39,21,2023-01-05 23:00:00+00:00,2023-01-06 23:00:00+00:00
2023-01-06 20:00:00+00:00,131.84,22,2023-01-05 23:00:00+00:00,2023-01-06 23:00:00+00:00
2023-01-06 21:00:00+00:00,129.94,23,2023-01-05 23:00:00+00:00,2023-01-06 23:00:00+00:00
2023-01-06 22:00:00+00:00,121.31,24,2023-01-05 23:00:00+00:00,2023-01-06 23:00:00+00:00
2023-01-06 23:00:00+00:00,97.28,1,2023-01-06 23:00:00+00:00,2023-01-07 23:00:00+00:00
2023-01-07 00:00:00+00:00,98.16,2,2023-01-06 23:00:00+00:00,2023-01-07 23:00:00+00:00
2023-01-07 01:00:00+00:00,94.96,3,2023-01-06 23:00:00+00:00,2023-01-07 23:00:00+00:00
2023-01-07 02:00:00+00:00,83.86,4,2023-01-06 23:00:00+00:00,2023-01-07 23:00:00+00:00
2023-01-07 03:00:00+00:00,76.66,5,2023-01-06 23:00:00+00:00,2023-01-07 23:00:00+00:00
2023-01-07 04:00:00+00:00,69.88,6,2023-01-06 23:00:00+00:00,2023-01-07 23:00:00+00:00
2023-01-07 05:00:00+00:00,76.49,7,2023-01-06 23:00:00+00:00,2023-01-07 23:00:00+00:00
2023-01-07 06:00:00+00:00,92.53,8,2023-01-06 23:00:00+00:00,2023-01-07 23:00:00+00:00
2023-01-07 07:00:00+00:00,109.94,9,2023-01-06 23:00:00+00:00,2023-01-07 23:00:00+00:00
2023-01-07 08:00:00+00:00,112.87,10,2023-01-06 23:00:00+00:00,2023-01-07 23:00:00+00:00
2023-01-07 09:00:00+00:00,100.69,11,2023-01-06 23:00:00+00:00,2023-01-07 23:00:00+00:00
2023-01-07 10:00:00+00:00,88.32,12,2023-01-06 23:00:00+00:00,2023-01-07 23:00:00+00:00
2023-01-07 11:00:00+00:00,87.9,13,2023-01-06 23:00:00+00:00,2023-01-07 23:00:00+00:00
2023-01-07 12:00:00+00:00,74.29,14,2023-01-06 23:00:00+00:00,2023-01-07 23:00:00+00:00
2023-01-07 13:00:00+00:00,90.0,15,2023-01-06 23:00:00+00:00,2023-01-07 23:00:00+00:00
2023-01-07 14:00:00+00:00,86.9,16,2023-01-06 23:00:00+00:00,2023-01-07 23:00:00+00:00
2023-01-07 15:00:00+00:00,94.31,17,2023-01-06 23:00:00+00:00,2023-01-07 23:00:00+00:00
2023-01-07 16:00:00+00:00,98.32,18,2023-01-06 23:00:00+00:00,2023-01-07 23:00:00+00:00
2023-01-07 17:00:00+00:00,100.96,19,2023-01-06 23:00:00+00:00,2023-01-07 23:00:00+00:00
2023-01-07 18:00:00+00:00,96.0,20,2023-01-06 23:00:00+00:00,2023-01-07 23:00:00+00:00
2023-01-07 19:00:00+00:00,89.1,21,2023-01-06 23:00:00+00:00,2023-01-07 23:00:00+00:00
2023-01-07 20:00:00+00:00,62.98,22,2023-01-06 23:00:00+00:00,2023-01-07 23:00:00+00:00
2023-01-07 21:00:00+00:00,51.2,23,2023-01-06 23:00:00+00:00,2023-01-07 23:00:00+00:00
2023-01-07 22:00:00+00:00,38.79,24,2023-01-06 23:00:00+00:00,2023-01-07 23:00:00+00:00
2023-01-07 23:00:00+00:00,11.55,1,2023-01-07 23:00:00+00:00,2023-01-08 23:00:00+00:00
2023-01-08 00:00:00+00:00,9.07,2,2023-01-07 23:00:00+00:00,2023-01-08 23:00:00+00:00
2023-01-08 01:00:00+00:00,9.1,3,2023-01-07 23:00:00+00:00,2023-01-08 23:00:00+00:00
2023-01-08 02:00:00+00:00,3.46,4,2023-01-07 23:00:00+00:00,2023-01-08 23:00:00+00:00
2023-01-08 03:00:00+00:00,2.8,5,2023-01-07 23:00:00+00:00,2023-01-08 23:00:00+00:00
2023-01-08 04:00:00+00:00,5.08,6,2023-01-07 23:00:00+00:00,2023-01-08 23:00:00+00:00
2023-01-08 05:00:00+00:00,9.02,7,2023-01-07 23:00:00+00:00,2023-01-08 23:00:00+00:00
2023-01-08 06:00:00+00:00,16.47,8,2023-01-07 23:00:00+00:00,2023-01-08 23:00:00+00:00
2023-01-08 07:00:00+00:00,50.23,9,2023-01-07 23:00:00+00:00,2023-01-08 23:00:00+00:00
2023-01-08 08:00:00+00:00,83.02,10,2023-01-07 23:00:00+00:00,2023-01-08 23:00:00+00:00
2023-01-08 09:00:00+00:00,93.88,11,2023-01-07 23:00:00+00:00,2023-01-08 23:00:00+00:00
2023-01-08 10:00:00+00:00,103.87,12,2023-01-07 23:00:00+00:00,2023-01-08 23:00:00+00:00
2023-01-08 11:00:00+00:00,101.69,13,2023-01-07 23:00:00+00:00,2023-01-08 23:00:00+00:00
2023-01-08 12:00:00+00:00,99.0,14,2023-01-07 23:00:00+00:00,2023-01-08 23:00:00+00:00
2023-01-08 13:00:00+00:00,104.29,15,2023-01-07 23:00:00+00:00,2023-01-08 23:00:00+00:00
2023-01-08 14:00:00+00:00,103.33,16,2023-01-07 23:00:00+00:00,2023-01-08 23:00:00+00:00
2023-01-08 15:00:00+00:00,108.43,17,2023-01-07 23:00:00+00:00,2023-01-08 23:00:00+00:00
2023-01-08 16:00:00+00:00,118.72,18,2023-01-07 23:00:00+00:00,2023-01-08 23:00:00+00:00
2023-01-08 17:00:00+00:00,122.76,19,2023-01-07 23:00:00+00:00,2023-01-08 23:00:00+00:00
2023-01-08 18:00:00+00:00,109.44,20,2023-01-07 23:00:00+00:00,2023-01-08 23:00:00+00:00
2023-01-08 19:00:00+00:00,104.41,21,2023-01-07 23:00:00+00:00,2023-01-08 23:00:00+00:00
2023-01-08 20:00:00+00:00,98.65,22,2023-01-07 23:00:00+00:00,2023-01-08 23:00:00+00:00
2023-01-08 21:00:00+00:00,99.38,23,2023-01-07 23:00:00+00:00,2023-01-08 23:00:00+00:00
2023-01-08 22:00:00+00:00,81.34,24,2023-01-07 23:00:00+00:00,2023-01-08 23:00:00+00:00
2023-01-08 23:00:00+00:00,75.13,1,2023-01-08 23:00:00+00:00,2023-01-09 23:00:00+00:00
2023-01-09 00:00:00+00:00,64.38,2,2023-01-08 23:00:00+00:00,2023-01-09 23:00:00+00:00
2023-01-09 01:00:00+00:00,60.28,3,2023-01-08 23:00:00+00:00,2023-01-09 23:00:00+00:00
2023-01-09 02:00:00+00:00,39.41,4,2023-01-08 23:00:00+00:00,2023-01-09 23:00:00+00:00
2023-01-09 03:00:00+00:00,43.12,5,2023-01-08 23:00:00+00:00,2023-01-09 23:00:00+00:00
2023-01-09 04:00:00+00:00,69.07,6,2023-01-08 23:00:00+00:00,2023-01-09 23:00:00+00:00
2023-01-09 05:00:00+00:00,107.13,7,2023-01-08 23:00:00+00:00,2023-01-09 23:00:00+00:00
2023-01-09 06:00:00+00:00,160.0,8,2023-01-08 23:00:00+00:00,2023-01-09 23:00:00+00:00
2023-01-09 07:00:00+00:00,180.0,9,2023-01-08 23:00:00+00:00,2023-01-09 23:00:00+00:00
2023-01-09 08:00:00+00:00,177.16,10,2023-01-08 23:00:00+00:00,2023-01-09 23:00:00+00:00
2023-01-09 09:00:00+00:00,159.13,11,2023-01-08 23:00:00+00:00,2023-01-09 23:00:00+00:00
2023-01-09 10:00:00+00:00,160.78,12,2023-01-08 23:00:00+00:00,2023-01-09 23:00:00+00:00
2023-01-09 11:00:00+00:00,141.0,13,2023-01-08 23:00:00+00:00,2023-01-09 23:00:00+00:00
2023-01-09 12:00:00+00:00,142.07,14,2023-01-08 23:00:00+00:00,2023-01-09 23:00:00+00:00
2023-01-09 13:00:00+00:00,138.97,15,2023-01-08 23:00:00+00:00,2023-01-09 23:00:00+00:00
2023-01-09 14:00:00+00:00,151.23,16,2023-01-08 23:00:00+00:00,2023-01-09 23:00:00+00:00
2023-01-09 15:00:00+00:00,162.04,17,2023-01-08 23:00:00+00:00,2023-01-09 23:00:00+00:00
2023-01-09 16:00:00+00:00,174.27,18,2023-01-08 23:00:00+00:00,2023-01-09 23:00:00+00:00
2023-01-09 17:00:00+00:00,182.18,19,2023-01-08 23:00:00+00:00,2023-01-09 23:00:00+00:00
2023-01-09 18:00:00+00:00,170.24,20,2023-01-08 23:00:00+00:00,2023-01-09 23:00:00+00:00
2023-01-09 19:00:00+00:00,160.51,21,2023-01-08 23:00:00+00:00,2023-01-09 23:00:00+00:00
2023-01-09 20:00:00+00:00,138.93,22,2023-01-08 23:00:00+00:00,2023-01-09 23:00:00+00:00
2023-01-09 21:00:00+00:00,132.0,23,2023-01-08 23:00:00+00:00,2023-01-09 23:00:00+00:00
2023-01-09 22:00:00+00:00,108.31,24,2023-01-08 23:00:00+00:00,2023-01-09 23:00:00+00:00
2023-01-09 23:00:00+00:00,106.01,1,2023-01-09 23:00:00+00:00,2023-01-10 23:00:00+00:00
2023-01-10 00:00:00+00:00,96.72,2,2023-01-09 23:00:00+00:00,2023-01-10 23:00:00+00:00
2023-01-10 01:00:00+00:00,95.15,3,2023-01-09 23:00:00+00:00,2023-01-10 23:00:00+00:00
2023-01-10 02:00:00+00:00,90.33,4,2023-01-09 23:00:00+00:00,2023-01-10 23:00:00+00:00
2023-01-10 03:00:00+00:00,95.61,5,2023-01-09 23:00:00+00:00,2023-01-10 23:00:00+00:00
2023-01-10 04:00:00+00:00,108.6,6,2023-01-09 23:00:00+00:00,2023-01-10 23:00:00+00:00
2023-01-10 05:00:00+00:00,138.13,7,2023-01-09 23:00:00+00:00,2023-01-10 23:00:00+00:00
2023-01-10 06:00:00+00:00,156.0,8,2023-01-09 23:00:00+00:00,2023-01-10 23:00:00+00:00
2023-01-10 07:00:00+00:00,220.0,9,2023-01-09 23:00:00+00:00,2023-01-10 23:00:00+00:00
2023-01-10 08:00:00+00:00,222.0,10,2023-01-09 23:00:00+00:00,2023-01-10 23:00:00+00:00
2023-01-10 09:00:00+00:00,163.52,11,2023-01-09 23:00:00+00:00,2023-01-10 23:00:00+00:00
2023-01-10 10:00:00+00:00,147.6,12,2023-01-09 23:00:00+00:00,2023-01-10 23:00:00+00:00
2023-01-10 11:00:00+00:00,141.25,13,2023-01-09 23:00:00+00:00,2023-01-10 23:00:00+00:00
2023-01-10 12:00:00+00:00,141.68,14,2023-01-09 23:00:00+00:00,2023-01-10 23:00:00+00:00
2023-01-10 13:00:00+00:00,145.41,15,2023-01-09 23:00:00+00:00,2023-01-10 23:00:00+00:00
2023-01-10 14:00:00+00:00,145.92,16,2023-01-09 23:00:00+00:00,2023-01-10 23:00:00+00:00
2023-01-10 15:00:00+00:00,140.11,17,2023-01-09 23:00:00+00:00,2023-01-10 23:00:00+00:00
2023-01-10 16:00:00+00:00,147.9,18,2023-01-09 23:00:00+00:00,2023-01-10 23:00:00+00:00
2023-01-10 17:00:00+00:00,144.74,19,2023-01-09 23:00:00+00:00,2023-01-10 23:00:00+00:00
2023-01-10 18:00:00+00:00,130.1,20,2023-01-09 23:00:00+00:00,2023-01-10 23:00:00+00:00
2023-01-10 19:00:00+00:00,122.81,21,2023-01-09 23:00:00+00:00,2023-01-10 23:00:00+00:00
2023-01-10 20:00:00+00:00,101.9,22,2023-01-09 23:00:00+00:00,2023-01-10 23:00:00+00:00
2023-01-10 21:00:00+00:00,82.0,23,2023-01-09 23:00:00+00:00,2023-01-10 23:00:00+00:00
2023-01-10 22:00:00+00:00,42.96,24,2023-01-09 23:00:00+00:00,2023-01-10 23:00:00+00:00
2023-01-10 23:00:00+00:00,5.0,1,2023-01-10 23:00:00+00:00,2023-01-11 23:00:00+00:00
2023-01-11 00:00:00+00:00,0.0,2,2023-01-10 23:00:00+00:00,2023-01-11 23:00:00+00:00
2023-01-11 01:00:00+00:00,-0.33,3,2023-01-10 23:00:00+00:00,2023-01-11 23:00:00+00:00
2023-01-11 02:00:00+00:00,-0.23,4,2023-01-10 23:00:00+00:00,2023-01-11 23:00:00+00:00
2023-01-11 03:00:00+00:00,0.0,5,2023-01-10 23:00:00+00:00,2023-01-11 23:00:00+00:00
2023-01-11 04:00:00+00:00,2.59,6,2023-01-10 23:00:00+00:00,2023-01-11 23:00:00+00:00
2023-01-11 05:00:00+00:00,57.31,7,2023-01-10 23:00:00+00:00,2023-01-11 23:00:00+00:00
2023-01-11 06:00:00+00:00,91.11,8,2023-01-10 23:00:00+00:00,2023-01-11 23:00:00+00:00
2023-01-11 07:00:00+00:00,163.58,9,2023-01-10 23:00:00+00:00,2023-01-11 23:00:00+00:00
2023-01-11 08:00:00+00:00,155.6,10,2023-01-10 23:00:00+00:00,2023-01-11 23:00:00+00:00
2023-01-11 09:00:00+00:00,131.78,11,2023-01-10 23:00:00+00:00,2023-01-11 23:00:00+00:00
2023-01-11 10:00:00+00:00,130.6,12,2023-01-10 23:00:00+00:00,2023-01-11 23:00:00+00:00
2023-01-11 11:00:00+00:00,117.82,13,2023-01-10 23:00:00+00:00,2023-01-11 23:00:00+00:00
2023-01-11 12:00:00+00:00,110.54,14,2023-01-10 23:00:00+00:00,2023-01-11 23:00:00+00:00
2023-01-11 13:00:00+00:00,115.74,15,2023-01-10 23:00:00+00:00,2023-01-11 23:00:00+00:00
2023-01-11 14:00:00+00:00,118.83,16,2023-01-10 23:00:00+00:00,2023-01-11 23:00:00+00:00
2023-01-11 15:00:00+00:00,120.81,17,2023-01-10 23:00:00+00:00,2023-01-11 23:00:00+00:00
2023-01-11 16:00:00+00:00,133.79,18,2023-01-10 23:00:00+00:00,2023-01-11 23:00:00+00:00
2023-01-11 17:00:00+00:00,133.87,19,2023-01-10 23:00:00+00:00,2023-01-11 23:00:00+00:00
2023-01-11 18:00:00+00:00,129.9,20,2023-01-10 23:00:00+00:00,2023-01-11 23:00:00+00:00
2023-01-11 19:00:00+00:00,118.53,21,2023-01-10 23:00:00+00:00,2023-01-11 23:00:00+00:00
2023-01-11 20:00:00+00:00,94.87,22,2023-01-10 23:00:00+00:00,2023-01-11 23:00:00+00:00
2023-01-11 21:00:00+00:00,92.03,23,2023-01-10 23:00:00+00:00,2023-01-11 23:00:00+00:00
2023-01-11 22:00:00+00:00,69.23,24,2023-01-10 23:00:00+00:00,2023-01-11 23:00:00+00:00
2023-01-11 23:00:00+00:00,21.74,1,2023-01-11 23:00:00+00:00,2023-01-12 23:00:00+00:00
2023-01-12 00:00:00+00:00,5.92,2,2023-01-11 23:00:00+00:00,2023-01-12 23:00:00+00:00
2023-01-12 01:00:00+00:00,5.66,3,2023-01-11 23:00:00+00:00,2023-01-12 23:00:00+00:00
2023-01-12 02:00:00+00:00,0.1,4,2023-01-11 23:00:00+00:00,2023-01-12 23:00:00+00:00
2023-01-12 03:00:00+00:00,2.73,5,2023-01-11 23:00:00+00:00,2023-01-12 23:00:00+00:00
2023-01-12 04:00:00+00:00,25.55,6,2023-01-11 23:00:00+00:00,2023-01-12 23:00:00+00:00
2023-01-12 05:00:00+00:00,85.72,7,2023-01-11 23:00:00+00:00,2023-01-12 23:00:00+00:00
2023-01-12 06:00:00+00:00,115.35,8,2023-01-11 23:00:00+00:00,2023-01-12 23:00:00+00:00
2023-01-12 07:00:00+00:00,138.6,9,2023-01-11 23:00:00+00:00,2023-01-12 23:00:00+00:00
2023-01-12 08:00:00+00:00,156.6,10,2023-01-11 23:00:00+00:00,2023-01-12 23:00:00+00:00
2023-01-12 09:00:00+00:00,110.0,11,2023-01-11 23:00:00+00:00,2023-01-12 23:00:00+00:00
2023-01-12 10:00:00+00:00,111.92,12,2023-01-11 23:00:00+00:00,2023-01-12 23:00:00+00:00
2023-01-12 11:00:00+00:00,106.7,13,2023-01-11 23:00:00+00:00,2023-01-12 23:00:00+00:00
2023-01-12 12:00:00+00:00,102.87,14,2023-01-11 23:00:00+00:00,2023-01-12 23:00:00+00:00
2023-01-12 13:00:00+00:00,110.24,15,2023-01-11 23:00:00+00:00,2023-01-12 23:00:00+00:00
2023-01-12 14:00:00+00:00,108.66,16,2023-01-11 23:00:00+00:00,2023-01-12 23:00:00+00:00
2023-01-12 15:00:00+00:00,107.91,17,2023-01-11 23:00:00+00:00,2023-01-12 23:00:00+00:00
2023-01-12 16:00:00+00:00,130.0,18,2023-01-11 23:00:00+00:00,2023-01-12 23:00:00+00:00
2023-01-12 17:00:00+00:00,144.5,19,2023-01-11 23:00:00+00:00,2023-01-12 23:00:00+00:00
2023-01-12 18:00:00+00:00,130.0,20,2023-01-11 23:00:00+00:00,2023-01-12 23:00:00+00:00
2023-01-12 19:00:00+00:00,131.14,21,2023-01-11 23:00:00+00:00,2023-01-12 23:00:00+00:00
2023-01-12 20:00:00+00:00,86.0,22,2023-01-11 23:00:00+00:00,2023-01-12 23:00:00+00:00
2023-01-12 21:00:00+00:00,74.1,23,2023-01-11 23:00:00+00:00,2023-01-12 23:00:00+00:00
2023-01-12 22:00:00+00:00,40.41,24,2023-01-11 23:00:00+00:00,2023-01-12 23:00:00+00:00
2023-01-12 23:00:00+00:00,32.92,1,2023-01-12 23:00:00+00:00,2023-01-13 23:00:00+00:00
2023-01-13 00:00:00+00:00,17.2,2,2023-01-12 23:00:00+00:00,2023-01-13 23:00:00+00:00
2023-01-13 01:00:00+00:00,10.43,3,2023-01-12 23:00:00+00:00,2023-01-13 23:00:00+00:00
2023-01-13 02:00:00+00:00,2.65,4,2023-01-12 23:00:00+00:00,2023-01-13 23:00:00+00:00
2023-01-13 03:00:00+00:00,3.35,5,2023-01-12 23:00:00+00:00,2023-01-13 23:00:00+00:00
2023-01-13 04:00:00+00:00,25.7,6,2023-01-12 23:00:00+00:00,2023-01-13 23:00:00+00:00
2023-01-13 05:00:00+00:00,55.5,7,2023-01-12 23:00:00+00:00,2023-01-13 23:00:00+00:00
2023-01-13 06:00:00+00:00,88.65,8,2023-01-12 23:00:00+00:00,2023-01-13 23:00:00+00:00
2023-01-13 07:00:00+00:00,112.43,9,2023-01-12 23:00:00+00:00,2023-01-13 23:00:00+00:00
2023-01-13 08:00:00+00:00,107.07,10,2023-01-12 23:00:00+00:00,2023-01-13 23:00:00+00:00
2023-01-13 09:00:00+00:00,97.1,11,2023-01-12 23:00:00+00:00,2023-01-13 23:00:00+00:00
2023-01-13 10:00:00+00:00,89.03,12,2023-01-12 23:00:00+00:00,2023-01-13 23:00:00+00:00
2023-01-13 11:00:00+00:00,76.77,13,2023-01-12 23:00:00+00:00,2023-01-13 23:00:00+00:00
2023-01-13 12:00:00+00:00,70.24,14,2023-01-12 23:00:00+00:00,2023-01-13 23:00:00+00:00
2023-01-13 13:00:00+00:00,74.23,15,2023-01-12 23:00:00+00:00,2023-01-13 23:00:00+00:00
2023-01-13 14:00:00+00:00,80.6,16,2023-01-12 23:00:00+00:00,2023-01-13 23:00:00+00:00
2023-01-13 15:00:00+00:00,87.58,17,2023-01-12 23:00:00+00:00,2023-01-13 23:00:00+00:00
2023-01-13 16:00:00+00:00,141.83,18,2023-01-12 23:00:00+00:00,2023-01-13 23:00:00+00:00
2023-01-13 17:00:00+00:00,155.0,19,2023-01-12 23:00:00+00:00,2023-01-13 23:00:00+00:00
2023-01-13 18:00:00+00:00,144.2,20,2023-01-12 23:00:00+00:00,2023-01-13 23:00:00+00:00
2023-01-13 19:00:00+00:00,121.77,21,2023-01-12 23:00:00+00:00,2023-01-13 23:00:00+00:00
2023-01-13 20:00:00+00:00,125.4,22,2023-01-12 23:00:00+00:00,2023-01-13 23:00:00+00:00
2023-01-13 21:00:00+00:00,120.0,23,2023-01-12 23:00:00+00:00,2023-01-13 23:00:00+00:00
2023-01-13 22:00:00+00:00,97.29,24,2023-01-12 23:00:00+00:00,2023-01-13 23:00:00+00:00
2023-01-13 23:00:00+00:00,135.0,1,2023-01-13 23:00:00+00:00,2023-01-14 23:00:00+00:00
2023-01-14 00:00:00+00:00,117.2,2,2023-01-13 23:00:00+00:00,2023-01-14 23:00:00+00:00
2023-01-14 01:00:00+00:00,98.67,3,2023-01-13 23:00:00+00:00,2023-01-14 23:00:00+00:00
2023-01-14 02:00:00+00:00,57.45,4,2023-01-13 23:00:00+00:00,2023-01-14 23:00:00+00:00
2023-01-14 03:00:00+00:00,40.85,5,2023-01-13 23:00:00+00:00,2023-01-14 23:00:00+00:00
2023-01-14 04:00:00+00:00,41.02,6,2023-01-13 23:00:00+00:00,2023-01-14 23:00:00+00:00
2023-01-14 05:00:00+00:00,45.1,7,2023-01-13 23:00:00+00:00,2023-01-14 23:00:00+00:00
2023-01-14 06:00:00+00:00,54.9,8,2023-01-13 23:00:00+00:00,2023-01-14 23:00:00+00:00
2023-01-14 07:00:00+00:00,77.15,9,2023-01-13 23:00:00+00:00,2023-01-14 23:00:00+00:00
2023-01-14 08:00:00+00:00,100.1,10,2023-01-13 23:00:00+00:00,2023-01-14 23:00:00+00:00
2023-01-14 09:00:00+00:00,96.73,11,2023-01-13 23:00:00+00:00,2023-01-14 23:00:00+00:00
2023-01-14 10:00:00+00:00,99.2,12,2023-01-13 23:00:00+00:00,2023-01-14 23:00:00+00:00
2023-01-14 11:00:00+00:00,104.97,13,2023-01-13 23:00:00+00:00,2023-01-14 23:00:00+00:00
2023-01-14 12:00:00+00:00,93.86,14,2023-01-13 23:00:00+00:00,2023-01-14 23:00:00+00:00
2023-01-14 13:00:00+00:00,93.85,15,2023-01-13 23:00:00+00:00,2023-01-14 23:00:00+00:00
2023-01-14 14:00:00+00:00,100.0,16,2023-01-13 23:00:00+00:00,2023-01-14 23:00:00+00:00
2023-01-14 16:00:00+00:00,134.26,18,2023-01-13 23:00:00+00:00,2023-01-14 23:00:00+00:00
2023-01-14 17:00:00+00:00,144.2,19,2023-01-13 23:00:00+00:00,2023-01-14 23:00:00+00:00
2023-01-14 18:00:00+00:00,127.0,20,2023-01-13 23:00:00+00:00,2023-01-14 23:00:00+00:00
2023-01-14 19:00:00+00:00,143.51,21,2023-01-13 23:00:00+00:00,2023-01-14 23:00:00+00:00
2023-01-14 20:00:00+00:00,99.37,22,2023-01-13 23:00:00+00:00,2023-01-14 23:00:00+00:00
2023-01-14 21:00:00+00:00,93.42,23,2023-01-13 23:00:00+00:00,2023-01-14 23:00:00+00:00
2023-01-14 22:00:00+00:00,69.1,24,2023-01-13 23:00:00+00:00,2023-01-14 23:00:00+00:00
2023-01-14 23:00:00+00:00,60.01,1,2023-01-14 23:00:00+00:00,2023-01-15 23:00:00+00:00
2023-01-15 00:00:00+00:00,29.4,2,2023-01-14 23:00:00+00:00,2023-01-15 23:00:00+00:00
2023-01-15 01:00:00+00:00,27.93,3,2023-01-14 23:00:00+00:00,2023-01-15 23:00:00+00:00
2023-01-15 02:00:00+00:00,6.94,4,2023-01-14 23:00:00+00:00,2023-01-15 23:00:00+00:00
2023-01-15 03:00:00+00:00,2.93,5,2023-01-14 23:00:00+00:00,2023-01-15 23:00:00+00:00
2023-01-15 04:00:00+00:00,4.05,6,2023-01-14 23:00:00+00:00,2023-01-15 23:00:00+00:00
2023-01-15 05:00:00+00:00,1.58,7,2023-01-14 23:00:00+00:00,2023-01-15 23:00:00+00:00
2023-01-15 06:00:00+00:00,1.81,8,2023-01-14 23:00:00+00:00,2023-01-15 23:00:00+00:00
2023-01-15 07:00:00+00:00,11.2,9,2023-01-14 23:00:00+00:00,2023-01-15 23:00:00+00:00
2023-01-15 08:00:00+00:00,37.4,10,2023-01-14 23:00:00+00:00,2023-01-15 23:00:00+00:00
2023-01-15 09:00:00+00:00,38.86,11,2023-01-14 23:00:00+00:00,2023-01-15 23:00:00+00:00
2023-01-15 10:00:00+00:00,74.9,12,2023-01-14 23:00:00+00:00,2023-01-15 23:00:00+00:00
2023-01-15 11:00:00+00:00,80.0,13,2023-01-14 23:00:00+00:00,2023-01-15 23:00:00+00:00
2023-01-15 12:00:00+00:00,65.01,14,2023-01-14 23:00:00+00:00,2023-01-15 23:00:00+00:00
2023-01-15 13:00:00+00:00,80.15,15,2023-01-14 23:00:00+00:00,2023-01-15 23:00:00+00:00
2023-01-15 14:00:00+00:00,86.02,16,2023-01-14 23:00:00+00:00,2023-01-15 23:00:00+00:00
2023-01-15 15:00:00+00:00,95.0,17,2023-01-14 23:00:00+00:00,2023-01-15 23:00:00+00:00
2023-01-15 16:00:00+00:00,139.64,18,2023-01-14 23:00:00+00:00,2023-01-15 23:00:00+00:00
2023-01-15 17:00:00+00:00,174.6,19,2023-01-14 23:00:00+00:00,2023-01-15 23:00:00+00:00
2023-01-15 18:00:00+00:00,197.7,20,2023-01-14 23:00:00+00:00,2023-01-15 23:00:00+00:00
2023-01-15 19:00:00+00:00,199.9,21,2023-01-14 23:00:00+00:00,2023-01-15 23:00:00+00:00
2023-01-15 20:00:00+00:00,168.34,22,2023-01-14 23:00:00+00:00,2023-01-15 23:00:00+00:00
2023-01-15 21:00:00+00:00,160.0,23,2023-01-14 23:00:00+00:00,2023-01-15 23:00:00+00:00
2023-01-15 22:00:00+00:00,133.0,24,2023-01-14 23:00:00+00:00,2023-01-15 23:00:00+00:00
2023-01-15 23:00:00+00:00,60.01,1,2023-01-15 23:00:00+00:00,2023-01-16 23:00:00+00:00
2023-01-16 01:00:00+00:00,62.72,3,2023-01-15 23:00:00+00:00,2023-01-16 23:00:00+00:00
2023-01-16 02:00:00+00:00,56.1,4,2023-01-15 23:00:00+00:00,2023-01-16 23:00:00+00:00
2023-01-16 03:00:00+00:00,63.3,5,2023-01-15 23:00:00+00:00,2023-01-16 23:00:00+00:00
2023-01-16 04:00:00+00:00,87.0,6,2023-01-15 23:00:00+00:00,2023-01-16 23:00:00+00:00
2023-01-16 05:00:00+00:00,154.63,7,2023-01-15 23:00:00+00:00,2023-01-16 23:00:00+00:00
2023-01-16 06:00:00+00:00,175.11,8,2023-01-15 23:00:00+00:00,2023-01-16 23:00:00+00:00
2023-01-16 07:00:00+00:00,185.99,9,2023-01-15 23:00:00+00:00,2023-01-16 23:00:00+00:00
2023-01-16 08:00:00+00:00,170.0,10,2023-01-15 23:00:00+00:00,2023-01-16 23:00:00+00:00
2023-01-16 09:00:00+00:00,200.1,11,2023-01-15 23:00:00+00:00,2023-01-16 23:00:00+00:00
2023-01-16 10:00:00+00:00,165.6,12,2023-01-15 23:00:00+00:00,2023-01-16 23:00:00+00:00
2023-01-16 11:00:00+00:00,148.59,13,2023-01-15 23:00:00+00:00,2023-01-16 23:00:00+00:00
2023-01-16 12:00:00+00:00,145.47,14,2023-01-15 23:00:00+00:00,2023-01-16 23:00:00+00:00
2023-01-16 13:00:00+00:00,146.1,15,2023-01-15 23:00:00+00:00,2023-01-16 23:00:00+00:00
2023-01-16 14:00:00+00:00,149.9,16,2023-01-15 23:00:00+00:00,2023-01-16 23:00:00+00:00
2023-01-16 15:00:00+00:00,151.45,17,2023-01-15 23:00:00+00:00,2023-01-16 23:00:00+00:00
2023-01-16 16:00:00+00:00,166.79,18,2023-01-15 23:00:00+00:00,2023-01-16 23:00:00+00:00
2023-01-16 17:00:00+00:00,173.72,19,2023-01-15 23:00:00+00:00,2023-01-16 23:00:00+00:00
2023-01-16 18:00:00+00:00,150.5,20,2023-01-15 23:00:00+00:00,2023-01-16 23:00:00+00:00
2023-01-16 19:00:00+00:00,145.9,21,2023-01-15 23:00:00+00:00,2023-01-16 23:00:00+00:00
2023-01-16 20:00:00+00:00,131.97,22,2023-01-15 23:00:00+00:00,2023-01-16 23:00:00+00:00
2023-01-16 21:00:00+00:00,127.31,23,2023-01-15 23:00:00+00:00,2023-01-16 23:00:00+00:00
2023-01-16 22:00:00+00:00,120.0,24,2023-01-15 23:00:00+00:00,2023-01-16 23:00:00+00:00
2023-01-16 23:00:00+00:00,101.19,1,2023-01-16 23:00:00+00:00,2023-01-17 23:00:00+00:00
2023-01-17 00:00:00+00:00,95.45,2,2023-01-16 23:00:00+00:00,2023-01-17 23:00:00+00:00
2023-01-17 01:00:00+00:00,97.98,3,2023-01-16 23:00:00+00:00,2023-01-17 23:00:00+00:00
2023-01-17 02:00:00+00:00,100.0,4,2023-01-16 23:00:00+00:00,2023-01-17 23:00:00+00:00
2023-01-17 03:00:00+00:00,101.09,5,2023-01-16 23:00:00+00:00,2023-01-17 23:00:00+00:00
2023-01-17 04:00:00+00:00,113.55,6,2023-01-16 23:00:00+00:00,2023-01-17 23:00:00+00:00
2023-01-17 05:00:00+00:00,131.05,7,2023-01-16 23:00:00+00:00,2023-01-17 23:00:00+00:00
2023-01-17 06:00:00+00:00,140.8,8,2023-01-16 23:00:00+00:00,2023-01-17 23:00:00+00:00
2023-01-17 07:00:00+00:00,200.0,9,2023-01-16 23:00:00+00:00,2023-01-17 23:00:00+00:00
2023-01-17 08:00:00+00:00,232.8,10,2023-01-16 23:00:00+00:00,2023-01-17 23:00:00+00:00
2023-01-17 09:00:00+00:00,128.92,11,2023-01-16 23:00:00+00:00,2023-01-17 23:00:00+00:00
2023-01-17 10:00:00+00:00,120.0,12,2023-01-16 23:00:00+00:00,2023-01-17 23:00:00+00:00
2023-01-17 11:00:00+00:00,115.95,13,2023-01-16 23:00:00+00:00,2023-01-17 23:00:00+00:00
2023-01-17 12:00:00+00:00,112.9,14,2023-01-16 23:00:00+00:00,2023-01-17 23:00:00+00:00
2023-01-17 13:00:00+00:00,115.93,15,2023-01-16 23:00:00+00:00,2023-01-17 23:00:00+00:00
2023-01-17 14:00:00+00:00,147.72,16,2023-01-16 23:00:00+00:00,2023-01-17 23:00:00+00:00
2023-01-17 15:00:00+00:00,171.0,17,2023-01-16 23:00:00+00:00,2023-01-17 23:00:00+00:00
2023-01-17 16:00:00+00:00,184.73,18,2023-01-16 23:00:00+00:00,2023-01-17 23:00:00+00:00
2023-01-17 17:00:00+00:00,162.19,19,2023-01-16 23:00:00+00:00,2023-01-17 23:00:00+00:00
2023-01-17 18:00:00+00:00,150.1,20,2023-01-16 23:00:00+00:00,2023-01-17 23:00:00+00:00
2023-01-17 19:00:00+00:00,144.43,21,2023-01-16 23:00:00+00:00,2023-01-17 23:00:00+00:00
2023-01-17 20:00:00+00:00,141.41,22,2023-01-16 23:00:00+00:00,2023-01-17 23:00:00+00:00
2023-01-17 21:00:00+00:00,132.8,23,2023-01-16 23:00:00+00:00,2023-01-17 23:00:00+00:00
2023-01-17 22:00:00+00:00,131.4,24,2023-01-16 23:00:00+00:00,2023-01-17 23:00:00+00:00
2023-01-17 23:00:00+00:00,119.8,1,2023-01-17 23:00:00+00:00,2023-01-18 23:00:00+00:00
2023-01-18 00:00:00+00:00,120.1,2,2023-01-17 23:00:00+00:00,2023-01-18 23:00:00+00:00
2023-01-18 01:00:00+00:00,123.9,3,2023-01-17 23:00:00+00:00,2023-01-18 23:00:00+00:00
2023-01-18 02:00:00+00:00,122.87,4,2023-01-17 23:00:00+00:00,2023-01-18 23:00:00+00:00
2023-01-18 03:00:00+00:00,120.48,5,2023-01-17 23:00:00+00:00,2023-01-18 23:00:00+00:00
2023-01-18 04:00:00+00:00,121.91,6,2023-01-17 23:00:00+00:00,2023-01-18 23:00:00+00:00
2023-01-18 05:00:00+00:00,130.39,7,2023-01-17 23:00:00+00:00,2023-01-18 23:00:00+00:00
2023-01-18 06:00:00+00:00,166.4,8,2023-01-17 23:00:00+00:00,2023-01-18 23:00:00+00:00
2023-01-18 07:00:00+00:00,181.5,9,2023-01-17 23:00:00+00:00,2023-01-18 23:00:00+00:00
2023-01-18 08:00:00+00:00,176.56,10,2023-01-17 23:00:00+00:00,2023-01-18 23:00:00+00:00
2023-01-18 09:00:00+00:00,140.0,11,2023-01-17 23:00:00+00:00,2023-01-18 23:00:00+00:00
2023-01-18 10:00:00+00:00,123.05,12,2023-01-17 23:00:00+00:00,2023-01-18 23:00:00+00:00
2023-01-18 11:00:00+00:00,119.31,13,2023-01-17 23:00:00+00:00,2023-01-18 23:00:00+00:00
2023-01-18 12:00:00+00:00,115.75,14,2023-01-17 23:00:00+00:00,2023-01-18 23:00:00+00:00
2023-01-18 13:00:00+00:00,117.08,15,2023-01-17 23:00:00+00:00,2023-01-18 23:00:00+00:00
2023-01-18 14:00:00+00:00,140.0,16,2023-01-17 23:00:00+00:00,2023-01-18 23:00:00+00:00
2023-01-18 15:00:00+00:00,147.97,17,2023-01-17 23:00:00+00:00,2023-01-18 23:00:00+00:00
2023-01-18 16:00:00+00:00,160.0,18,2023-01-17 23:00:00+00:00,2023-01-18 23:00:00+00:00
2023-01-18 17:00:00+00:00,127.08,19,2023-01-17 23:00:00+00:00,2023-01-18 23:00:00+00:00
2023-01-18 18:00:00+00:00,123.07,20,2023-01-17 23:00:00+00:00,2023-01-18 23:00:00+00:00
2023-01-18 19:00:00+00:00,117.09,21,2023-01-17 23:00:00+00:00,2023-01-18 23:00:00+00:00
2023-01-18 20:00:00+00:00,119.9,22,2023-01-17 23:00:00+00:00,2023-01-18 23:00:00+00:00
2023-01-18 21:00:00+00:00,117.51,23,2023-01-17 23:00:00+00:00,2023-01-18 23:00:00+00:00
2023-01-18 22:00:00+00:00,111.46,24,2023-01-17 23:00:00+00:00,2023-01-18 23:00:00+00:00
2023-01-18 23:00:00+00:00,111.53,1,2023-01-18 23:00:00+00:00,2023-01-19 23:00:00+00:00
2023-01-19 00:00:00+00:00,106.98,2,2023-01-18 23:00:00+00:00,2023-01-19 23:00:00+00:00
2023-01-19 01:00:00+00:00,104.97,3,2023-01-18 23:00:00+00:00,2023-01-19 23:00:00+00:00
2023-01-19 02:00:00+00:00,101.72,4,2023-01-18 23:00:00+00:00,2023-01-19 23:00:00+00:00
2023-01-19 03:00:00+00:00,107.23,5,2023-01-18 23:00:00+00:00,2023-01-19 23:00:00+00:00
2023-01-19 04:00:00+00:00,114.62,6,2023-01-18 23:00:00+00:00,2023-01-19 23:00:00+00:00
2023-01-19 05:00:00+00:00,118.94,7,2023-01-18 23:00:00+00:00,2023-01-19 23:00:00+00:00
2023-01-19 06:00:00+00:00,159.9,8,2023-01-18 23:00:00+00:00,2023-01-19 23:00:00+00:00
2023-01-19 07:00:00+00:00,164.0,9,2023-01-18 23:00:00+00:00,2023-01-19 23:00:00+00:00
2023-01-19 08:00:00+00:00,171.69,10,2023-01-18 23:00:00+00:00,2023-01-19 23:00:00+00:00
2023-01-19 09:00:00+00:00,139.0,11,2023-01-18 23:00:00+00:00,2023-01-19 23:00:00+00:00
2023-01-19 10:00:00+00:00,136.35,12,2023-01-18 23:00:00+00:00,2023-01-19 23:00:00+00:00
2023-01-19 11:00:00+00:00,129.6,13,2023-01-18 23:00:00+00:00,2023-01-19 23:00:00+00:00
2023-01-19 12:00:00+00:00,154.87,14,2023-01-18 23:00:00+00:00,2023-01-19 23:00:00+00:00
2023-01-19 13:00:00+00:00,160.49,15,2023-01-18 23:00:00+00:00,2023-01-19 23:00:00+00:00
2023-01-19 14:00:00+00:00,175.96,16,2023-01-18 23:00:00+00:00,2023-01-19 23:00:00+00:00
2023-01-19 15:00:00+00:00,186.29,17,2023-01-18 23:00:00+00:00,2023-01-19 23:00:00+00:00
2023-01-19 16:00:00+00:00,203.94,18,2023-01-18 23:00:00+00:00,2023-01-19 23:00:00+00:00
2023-01-19 17:00:00+00:00,197.57,19,2023-01-18 23:00:00+00:00,2023-01-19 23:00:00+00:00
2023-01-19 18:00:00+00:00,171.43,20,2023-01-18 23:00:00+00:00,2023-01-19 23:00:00+00:00
2023-01-19 19:00:00+00:00,150.0,21,2023-01-18 23:00:00+00:00,2023-01-19 23:00:00+00:00
2023-01-19 20:00:00+00:00,148.41,22,2023-01-18 23:00:00+00:00,2023-01-19 23:00:00+00:00
2023-01-19 21:00:00+00:00,149.34,23,2023-01-18 23:00:00+00:00,2023-01-19 23:00:00+00:00
2023-01-19 22:00:00+00:00,139.0,24,2023-01-18 23:00:00+00:00,2023-01-19 23:00:00+00:00
2023-01-19 23:00:00+00:00,149.9,1,2023-01-19 23:00:00+00:00,2023-01-20 23:00:00+00:00
2023-01-20 00:00:00+00:00,144.5,2,2023-01-19 23:00:00+00:00,2023-01-20 23:00:00+00:00
2023-01-20 01:00:00+00:00,142.44,3,2023-01-19 23:00:00+00:00,2023-01-20 23:00:00+00:00
2023-01-20 02:00:00+00:00,142.8,4,2023-01-19 23:00:00+00:00,2023-01-20 23:00:00+00:00
2023-01-20 03:00:00+00:00,144.98,5,2023-01-19 23:00:00+00:00,2023-01-20 23:00:00+00:00
2023-01-20 04:00:00+00:00,150.01,6,2023-01-19 23:00:00+00:00,2023-01-20 23:00:00+00:00
2023-01-20 05:00:00+00:00,169.9,7,2023-01-19 23:00:00+00:00,2023-01-20 23:00:00+00:00
2023-01-20 06:00:00+00:00,208.07,8,2023-01-19 23:00:00+00:00,2023-01-20 23:00:00+00:00
2023-01-20 07:00:00+00:00,235.06,9,2023-01-19 23:00:00+00:00,2023-01-20 23:00:00+00:00
2023-01-20 08:00:00+00:00,221.7,10,2023-01-19 23:00:00+00:00,2023-01-20 23:00:00+00:00
2023-01-20 09:00:00+00:00,209.77,11,2023-01-19 23:00:00+00:00,2023-01-20 23:00:00+00:00
2023-01-20 10:00:00+00:00,199.42,12,2023-01-19 23:00:00+00:00,2023-01-20 23:00:00+00:00
2023-01-20 11:00:00+00:00,187.49,13,2023-01-19 23:00:00+00:00,2023-01-20 23:00:00+00:00
2023-01-20 12:00:00+00:00,181.62,14,2023-01-19 23:00:00+00:00,2023-01-20 23:00:00+00:00
2023-01-20 13:00:00+00:00,179.6,15,2023-01-19 23:00:00+00:00,2023-01-20 23:00:00+00:00
2023-01-20 14:00:00+00:00,192.0,16,2023-01-19 23:00:00+00:00,2023-01-20 23:00:00+00:00
2023-01-20 15:00:00+00:00,200.0,17,2023-01-19 23:00:00+00:00,2023-01-20 23:00:00+00:00
2023-01-20 16:00:00+00:00,208.22,18,2023-01-19 23:00:00+00:00,2023-01-20 23:00:00+00:00
2023-01-20 17:00:00+00:00,208.4,19,2023-01-19 23:00:00+00:00,2023-01-20 23:00:00+00:00
2023-01-20 18:00:00+00:00,183.68,20,2023-01-19 23:00:00+00:00,2023-01-20 23:00:00+00:00
2023-01-20 19:00:00+00:00,151.39,21,2023-01-19 23:00:00+00:00,2023-01-20 23:00:00+00:00
2023-01-20 20:00:00+00:00,155.3,22,2023-01-19 23:00:00+00:00,2023-01-20 23:00:00+00:00
2023-01-20 21:00:00+00:00,153.65,23,2023-01-19 23:00:00+00:00,2023-01-20 23:00:00+00:00
2023-01-20 22:00:00+00:00,147.55,24,2023-01-19 23:00:00+00:00,2023-01-20 23:00:00+00:00
2023-01-20 23:00:00+00:00,152.2,1,2023-01-20 23:00:00+00:00,2023-01-21 23:00:00+00:00
2023-01-21 00:00:00+00:00,147.86,2,2023-01-20 23:00:00+00:00,2023-01-21 23:00:00+00:00
2023-01-21 01:00:00+00:00,142.22,3,2023-01-20 23:00:00+00:00,2023-01-21 23:00:00+00:00
2023-01-21 02:00:00+00:00,135.88,4,2023-01-20 23:00:00+00:00,2023-01-21 23:00:00+00:00
2023-01-21 03:00:00+00:00,132.91,5,2023-01-20 23:00:00+00:00,2023-01-21 23:00:00+00:00
2023-01-21 04:00:00+00:00,134.84,6,2023-01-20 23:00:00+00:00,2023-01-21 23:00:00+00:00
2023-01-21 05:00:00+00:00,131.5,7,2023-01-20 23:00:00+00:00,2023-01-21 23:00:00+00:00
2023-01-21 06:00:00+00:00,140.77,8,2023-01-20 23:00:00+00:00,2023-01-21 23:00:00+00:00
2023-01-21 07:00:00+00:00,155.26,9,2023-01-20 23:00:00+00:00,2023-01-21 23:00:00+00:00
2023-01-21 08:00:00+00:00,171.84,10,2023-01-20 23:00:00+00:00,2023-01-21 23:00:00+00:00
2023-01-21 09:00:00+00:00,170.01,11,2023-01-20 23:00:00+00:00,2023-01-21 23:00:00+00:00
2023-01-21 10:00:00+00:00,156.94,12,2023-01-20 23:00:00+00:00,2023-01-21 23:00:00+00:00
2023-01-21 11:00:00+00:00,147.91,13,2023-01-20 23:00:00+00:00,2023-01-21 23:00:00+00:00
2023-01-21 12:00:00+00:00,137.02,14,2023-01-20 23:00:00+00:00,2023-01-21 23:00:00+00:00
2023-01-21 13:00:00+00:00,136.58,15,2023-01-20 23:00:00+00:00,2023-01-21 23:00:00+00:00
2023-01-21 14:00:00+00:00,135.9,16,2023-01-20 23:00:00+00:00,2023-01-21 23:00:00+00:00
2023-01-21 15:00:00+00:00,144.22,17,2023-01-20 23:00:00+00:00,2023-01-21 23:00:00+00:00
2023-01-21 16:00:00+00:00,173.92,18,2023-01-20 23:00:00+00:00,2023-01-21 23:00:00+00:00
2023-01-21 17:00:00+00:00,179.62,19,2023-01-20 23:00:00+00:00,2023-01-21 23:00:00+00:00
2023-01-21 18:00:00+00:00,159.41,20,2023-01-20 23:00:00+00:00,2023-01-21 23:00:00+00:00
2023-01-21 19:00:00+00:00,165.88,21,2023-01-20 23:00:00+00:00,2023-01-21 23:00:00+00:00
2023-01-21 20:00:00+00:00,147.74,22,2023-01-20 23:00:00+00:00,2023-01-21 23:00:00+00:00
2023-01-21 21:00:00+00:00,143.86,23,2023-01-20 23:00:00+00:00,2023-01-21 23:00:00+00:00
2023-01-21 22:00:00+00:00,132.58,24,2023-01-20 23:00:00+00:00,2023-01-21 23:00:00+00:00
2023-01-21 23:00:00+00:00,140.0,1,2023-01-21 23:00:00+00:00,2023-01-22 23:00:00+00:00
2023-01-22 00:00:00+00:00,122.94,2,2023-01-21 23:00:00+00:00,2023-01-22 23:00:00+00:00
2023-01-22 01:00:00+00:00,127.0,3,2023-01-21 23:00:00+00:00,2023-01-22 23:00:00+00:00
2023-01-22 02:00:00+00:00,130.99,4,2023-01-21 23:00:00+00:00,2023-01-22 23:00:00+00:00
2023-01-22 03:00:00+00:00,122.12,5,2023-01-21 23:00:00+00:00,2023-01-22 23:00:00+00:00
2023-01-22 04:00:00+00:00,121.68,6,2023-01-21 23:00:00+00:00,2023-01-22 23:00:00+00:00
2023-01-22 05:00:00+00:00,132.39,7,2023-01-21 23:00:00+00:00,2023-01-22 23:00:00+00:00
2023-01-22 06:00:00+00:00,127.6,8,2023-01-21 23:00:00+00:00,2023-01-22 23:00:00+00:00
2023-01-22 07:00:00+00:00,139.9,9,2023-01-21 23:00:00+00:00,2023-01-22 23:00:00+00:00
2023-01-22 08:00:00+00:00,150.71,10,2023-01-21 23:00:00+00:00,2023-01-22 23:00:00+00:00
2023-01-22 09:00:00+00:00,146.4,11,2023-01-21 23:00:00+00:00,2023-01-22 23:00:00+00:00
2023-01-22 10:00:00+00:00,153.1,12,2023-01-21 23:00:00+00:00,2023-01-22 23:00:00+00:00
2023-01-22 11:00:00+00:00,146.3,13,2023-01-21 23:00:00+00:00,2023-01-22 23:00:00+00:00
2023-01-22 12:00:00+00:00,150.0,14,2023-01-21 23:00:00+00:00,2023-01-22 23:00:00+00:00
2023-01-22 13:00:00+00:00,154.9,15,2023-01-21 23:00:00+00:00,2023-01-22 23:00:00+00:00
2023-01-22 14:00:00+00:00,157.49,16,2023-01-21 23:00:00+00:00,2023-01-22 23:00:00+00:00
2023-01-22 15:00:00+00:00,171.03,17,2023-01-21 23:00:00+00:00,2023-01-22 23:00:00+00:00
2023-01-22 16:00:00+00:00,191.99,18,2023-01-21 23:00:00+00:00,2023-01-22 23:00:00+00:00
2023-01-22 17:00:00+00:00,203.66,19,2023-01-21 23:00:00+00:00,2023-01-22 23:00:00+00:00
2023-01-22 18:00:00+00:00,197.58,20,2023-01-21 23:00:00+00:00,2023-01-22 23:00:00+00:00
2023-01-22 19:00:00+00:00,170.87,21,2023-01-21 23:00:00+00:00,2023-01-22 23:00:00+00:00
2023-01-22 20:00:00+00:00,166.4,22,2023-01-21 23:00:00+00:00,2023-01-22 23:00:00+00:00
2023-01-22 21:00:00+00:00,157.25,23,2023-01-21 23:00:00+00:00,2023-01-22 23:00:00+00:00
2023-01-22 22:00:00+00:00,148.3,24,2023-01-21 23:00:00+00:00,2023-01-22 23:00:00+00:00
2023-01-22 23:00:00+00:00,149.24,1,2023-01-22 23:00:00+00:00,2023-01-23 23:00:00+00:00
2023-01-23 00:00:00+00:00,149.0,2,2023-01-22 23:00:00+00:00,2023-01-23 23:00:00+00:00
2023-01-23 01:00:00+00:00,148.4,3,2023-01-22 23:00:00+00:00,2023-01-23 23:00:00+00:00
2023-01-23 02:00:00+00:00,147.59,4,2023-01-22 23:00:00+00:00,2023-01-23 23:00:00+00:00
2023-01-23 03:00:00+00:00,148.3,5,2023-01-22 23:00:00+00:00,2023-01-23 23:00:00+00:00
2023-01-23 04:00:00+00:00,144.9,6,2023-01-22 23:00:00+00:00,2023-01-23 23:00:00+00:00
2023-01-23 05:00:00+00:00,189.9,7,2023-01-22 23:00:00+00:00,2023-01-23 23:00:00+00:00
2023-01-23 06:00:00+00:00,226.54,8,2023-01-22 23:00:00+00:00,2023-01-23 23:00:00+00:00
2023-01-23 07:00:00+00:00,257.91,9,2023-01-22 23:00:00+00:00,2023-01-23 23:00:00+00:00
2023-01-23 08:00:00+00:00,270.2,10,2023-01-22 23:00:00+00:00,2023-01-23 23:00:00+00:00
2023-01-23 09:00:00+00:00,249.9,11,2023-01-22 23:00:00+00:00,2023-01-23 23:00:00+00:00
2023-01-23 10:00:00+00:00,230.2,12,2023-01-22 23:00:00+00:00,2023-01-23 23:00:00+00:00
2023-01-23 11:00:00+00:00,220.93,13,2023-01-22 23:00:00+00:00,2023-01-23 23:00:00+00:00
2023-01-23 12:00:00+00:00,219.16,14,2023-01-22 23:00:00+00:00,2023-01-23 23:00:00+00:00
2023-01-23 13:00:00+00:00,219.67,15,2023-01-22 23:00:00+00:00,2023-01-23 23:00:00+00:00
2023-01-23 14:00:00+00:00,218.99,16,2023-01-22 23:00:00+00:00,2023-01-23 23:00:00+00:00
2023-01-23 15:00:00+00:00,224.58,17,2023-01-22 23:00:00+00:00,2023-01-23 23:00:00+00:00
2023-01-23 16:00:00+00:00,248.9,18,2023-01-22 23:00:00+00:00,2023-01-23 23:00:00+00:00
2023-01-23 17:00:00+00:00,248.07,19,2023-01-22 23:00:00+00:00,2023-01-23 23:00:00+00:00
2023-01-23 18:00:00+00:00,223.19,20,2023-01-22 23:00:00+00:00,2023-01-23 23:00:00+00:00
2023-01-23 19:00:00+00:00,201.39,21,2023-01-22 23:00:00+00:00,2023-01-23 23:00:00+00:00
2023-01-23 20:00:00+00:00,183.95,22,2023-01-22 23:00:00+00:00,2023-01-23 23:00:00+00:00
2023-01-23 21:00:00+00:00,167.6,23,2023-01-22 23:00:00+00:00,2023-01-23 23:00:00+00:00
2023-01-23 22:00:00+00:00,157.01,24,2023-01-22 23:00:00+00:00,2023-01-23 23:00:00+00:00
2023-01-23 23:00:00+00:00,164.85,1,2023-01-23 23:00:00+00:00,2023-01-24 23:00:00+00:00
2023-01-24 00:00:00+00:00,160.05,2,2023-01-23 23:00:00+00:00,2023-01-24 23:00:00+00:00
2023-01-24 01:00:00+00:00,145.9,3,2023-01-23 23:00:00+00:00,2023-01-24 23:00:00+00:00
2023-01-24 02:00:00+00:00,142.4,4,2023-01-23 23:00:00+00:00,2023-01-24 23:00:00+00:00
2023-01-24 03:00:00+00:00,153.62,5,2023-01-23 23:00:00+00:00,2023-01-24 23:00:00+00:00
2023-01-24 04:00:00+00:00,156.7,6,2023-01-23 23:00:00+00:00,2023-01-24 23:00:00+00:00
2023-01-24 05:00:00+00:00,183.61,7,2023-01-23 23:00:00+00:00,2023-01-24 23:00:00+00:00
2023-01-24 06:00:00+00:00,210.06,8,2023-01-23 23:00:00+00:00,2023-01-24 23:00:00+00:00
2023-01-24 07:00:00+00:00,251.1,9,2023-01-23 23:00:00+00:00,2023-01-24 23:00:00+00:00
2023-01-24 08:00:00+00:00,256.43,10,2023-01-23 23:00:00+00:00,2023-01-24 23:00:00+00:00
2023-01-24 09:00:00+00:00,238.66,11,2023-01-23 23:00:00+00:00,2023-01-24 23:00:00+00:00
2023-01-24 10:00:00+00:00,229.96,12,2023-01-23 23:00:00+00:00,2023-01-24 23:00:00+00:00
2023-01-24 11:00:00+00:00,217.85,13,2023-01-23 23:00:00+00:00,2023-01-24 23:00:00+00:00
2023-01-24 12:00:00+00:00,205.99,14,2023-01-23 23:00:00+00:00,2023-01-24 23:00:00+00:00
2023-01-24 13:00:00+00:00,215.28,15,2023-01-23 23:00:00+00:00,2023-01-24 23:00:00+00:00
2023-01-24 14:00:00+00:00,217.98,16,2023-01-23 23:00:00+00:00,2023-01-24 23:00:00+00:00
2023-01-24 15:00:00+00:00,224.58,17,2023-01-23 23:00:00+00:00,2023-01-24 23:00:00+00:00
2023-01-24 16:00:00+00:00,250.0,18,2023-01-23 23:00:00+00:00,2023-01-24 23:00:00+00:00
2023-01-24 18:00:00+00:00,231.14,20,2023-01-23 23:00:00+00:00,2023-01-24 23:00:00+00:00
2023-01-24 19:00:00+00:00,207.29,21,2023-01-23 23:00:00+00:00,2023-01-24 23:00:00+00:00
2023-01-24 20:00:00+00:00,182.75,22,2023-01-23 23:00:00+00:00,2023-01-24 23:00:00+00:00
2023-01-24 21:00:00+00:00,149.9,23,2023-01-23 23:00:00+00:00,2023-01-24 23:00:00+00:00
2023-01-24 22:00:00+00:00,147.34,24,2023-01-23 23:00:00+00:00,2023-01-24 23:00:00+00:00
2023-01-24 23:00:00+00:00,138.2,1,2023-01-24 23:00:00+00:00,2023-01-25 23:00:00+00:00
2023-01-25 00:00:00+00:00,146.18,2,2023-01-24 23:00:00+00:00,2023-01-25 23:00:00+00:00
2023-01-25 01:00:00+00:00,145.26,3,2023-01-24 23:00:00+00:00,2023-01-25 23:00:00+00:00
2023-01-25 02:00:00+00:00,146.7,4,2023-01-24 23:00:00+00:00,2023-01-25 23:00:00+00:00
2023-01-25 03:00:00+00:00,146.8,5,2023-01-24 23:00:00+00:00,2023-01-25 23:00:00+00:00
2023-01-25 04:00:00+00:00,150.9,6,2023-01-24 23:00:00+00:00,2023-01-25 23:00:00+00:00
2023-01-25 05:00:00+00:00,160.0,7,2023-01-24 23:00:00+00:00,2023-01-25 23:00:00+00:00
2023-01-25 06:00:00+00:00,195.46,8,2023-01-24 23:00:00+00:00,2023-01-25 23:00:00+00:00
2023-01-25 07:00:00+00:00,225.04,9,2023-01-24 23:00:00+00:00,2023-01-25 23:00:00+00:00
2023-01-25 08:00:00+00:00,225.0,10,2023-01-24 23:00:00+00:00,2023-01-25 23:00:00+00:00
2023-01-25 09:00:00+00:00,212.42,11,2023-01-24 23:00:00+00:00,2023-01-25 23:00:00+00:00
2023-01-25 10:00:00+00:00,200.98,12,2023-01-24 23:00:00+00:00,2023-01-25 23:00:00+00:00
2023-01-25 11:00:00+00:00,193.2,13,2023-01-24 23:00:00+00:00,2023-01-25 23:00:00+00:00
2023-01-25 12:00:00+00:00,185.2,14,2023-01-24 23:00:00+00:00,2023-01-25 23:00:00+00:00
2023-01-25 13:00:00+00:00,190.8,15,2023-01-24 23:00:00+00:00,2023-01-25 23:00:00+00:00
2023-01-25 14:00:00+00:00,197.3,16,2023-01-24 23:00:00+00:00,2023-01-25 23:00:00+00:00
2023-01-25 15:00:00+00:00,199.19,17,2023-01-24 23:00:00+00:00,2023-01-25 23:00:00+00:00
2023-01-25 16:00:00+00:00,206.35,18,2023-01-24 23:00:00+00:00,2023-01-25 23:00:00+00:00
2023-01-25 17:00:00+00:00,200.1,19,2023-01-24 23:00:00+00:00,2023-01-25 23:00:00+00:00
2023-01-25 18:00:00+00:00,170.41,20,2023-01-24 23:00:00+00:00,2023-01-25 23:00:00+00:00
2023-01-25 19:00:00+00:00,150.0,21,2023-01-24 23:00:00+00:00,2023-01-25 23:00:00+00:00
2023-01-25 20:00:00+00:00,144.3,22,2023-01-24 23:00:00+00:00,2023-01-25 23:00:00+00:00
2023-01-25 21:00:00+00:00,145.08,23,2023-01-24 23:00:00+00:00,2023-01-25 23:00:00+00:00
2023-01-25 22:00:00+00:00,135.0,24,2023-01-24 23:00:00+00:00,2023-01-25 23:00:00+00:00
2023-01-25 23:00:00+00:00,150.0,1,2023-01-25 23:00:00+00:00,2023-01-26 23:00:00+00:00
2023-01-26 00:00:00+00:00,129.38,2,2023-01-25 23:00:00+00:00,2023-01-26 23:00:00+00:00
2023-01-26 01:00:00+00:00,128.48,3,2023-01-25 23:00:00+00:00,2023-01-26 23:00:00+00:00
2023-01-26 02:00:00+00:00,126.61,4,2023-01-25 23:00:00+00:00,2023-01-26 23:00:00+00:00
2023-01-26 03:00:00+00:00,128.94,5,2023-01-25 23:00:00+00:00,2023-01-26 23:00:00+00:00
2023-01-26 04:00:00+00:00,124.0,6,2023-01-25 23:00:00+00:00,2023-01-26 23:00:00+00:00
2023-01-26 05:00:00+00:00,160.39,7,2023-01-25 23:00:00+00:00,2023-01-26 23:00:00+00:00
2023-01-26 06:00:00+00:00,182.49,8,2023-01-25 23:00:00+00:00,2023-01-26 23:00:00+00:00
2023-01-26 07:00:00+00:00,198.95,9,2023-01-25 23:00:00+00:00,2023-01-26 23:00:00+00:00
2023-01-26 08:00:00+00:00,199.06,10,2023-01-25 23:00:00+00:00,2023-01-26 23:00:00+00:00
2023-01-26 09:00:00+00:00,192.38,11,2023-01-25 23:00:00+00:00,2023-01-26 23:00:00+00:00
2023-01-26 10:00:00+00:00,140.1,12,2023-01-25 23:00:00+00:00,2023-01-26 23:00:00+00:00
2023-01-26 11:00:00+00:00,136.44,13,2023-01-25 23:00:00+00:00,2023-01-26 23:00:00+00:00
2023-01-26 12:00:00+00:00,130.0,14,2023-01-25 23:00:00+00:00,2023-01-26 23:00:00+00:00
2023-01-26 13:00:00+00:00,127.96,15,2023-01-25 23:00:00+00:00,2023-01-26 23:00:00+00:00
2023-01-26 14:00:00+00:00,135.48,16,2023-01-25 23:00:00+00:00,2023-01-26 23:00:00+00:00
2023-01-26 15:00:00+00:00,153.0,17,2023-01-25 23:00:00+00:00,2023-01-26 23:00:00+00:00
2023-01-26 16:00:00+00:00,186.2,18,2023-01-25 23:00:00+00:00,2023-01-26 23:00:00+00:00
2023-01-26 17:00:00+00:00,150.0,19,2023-01-25 23:00:00+00:00,2023-01-26 23:00:00+00:00
2023-01-26 18:00:00+00:00,133.92,20,2023-01-25 23:00:00+00:00,2023-01-26 23:00:00+00:00
2023-01-26 19:00:00+00:00,128.49,21,2023-01-25 23:00:00+00:00,2023-01-26 23:00:00+00:00
2023-01-26 20:00:00+00:00,149.4,22,2023-01-25 23:00:00+00:00,2023-01-26 23:00:00+00:00
2023-01-26 21:00:00+00:00,130.0,23,2023-01-25 23:00:00+00:00,2023-01-26 23:00:00+00:00
2023-01-26 23:00:00+00:00,124.12,1,2023-01-26 23:00:00+00:00,2023-01-27 23:00:00+00:00
2023-01-27 00:00:00+00:00,114.61,2,2023-01-26 23:00:00+00:00,2023-01-27 23:00:00+00:00
2023-01-27 01:00:00+00:00,119.74,3,2023-01-26 23:00:00+00:00,2023-01-27 23:00:00+00:00
2023-01-27 02:00:00+00:00,116.0,4,2023-01-26 23:00:00+00:00,2023-01-27 23:00:00+00:00
2023-01-27 03:00:00+00:00,124.08,5,2023-01-26 23:00:00+00:00,2023-01-27 23:00:00+00:00
2023-01-27 04:00:00+00:00,127.26,6,2023-01-26 23:00:00+00:00,2023-01-27 23:00:00+00:00
2023-01-27 05:00:00+00:00,149.7,7,2023-01-26 23:00:00+00:00,2023-01-27 23:00:00+00:00
2023-01-27 06:00:00+00:00,176.1,8,2023-01-26 23:00:00+00:00,2023-01-27 23:00:00+00:00
2023-01-27 07:00:00+00:00,195.0,9,2023-01-26 23:00:00+00:00,2023-01-27 23:00:00+00:00
2023-01-27 08:00:00+00:00,199.19,10,2023-01-26 23:00:00+00:00,2023-01-27 23:00:00+00:00
2023-01-27 09:00:00+00:00,195.0,11,2023-01-26 23:00:00+00:00,2023-01-27 23:00:00+00:00
2023-01-27 10:00:00+00:00,190.0,12,2023-01-26 23:00:00+00:00,2023-01-27 23:00:00+00:00
2023-01-27 11:00:00+00:00,183.06,13,2023-01-26 23:00:00+00:00,2023-01-27 23:00:00+00:00
2023-01-27 12:00:00+00:00,180.0,14,2023-01-26 23:00:00+00:00,2023-01-27 23:00:00+00:00
2023-01-27 13:00:00+00:00,181.5,15,2023-01-26 23:00:00+00:00,2023-01-27 23:00:00+00:00
2023-01-27 14:00:00+00:00,185.0,16,2023-01-26 23:00:00+00:00,2023-01-27 23:00:00+00:00
2023-01-27 15:00:00+00:00,188.0,17,2023-01-26 23:00:00+00:00,2023-01-27 23:00:00+00:00
2023-01-27 16:00:00+00:00,198.05,18,2023-01-26 23:00:00+00:00,2023-01-27 23:00:00+00:00
2023-01-27 17:00:00+00:00,200.7,19,2023-01-26 23:00:00+00:00,2023-01-27 23:00:00+00:00
2023-01-27 18:00:00+00:00,193.7,20,2023-01-26 23:00:00+00:00,2023-01-27 23:00:00+00:00
2023-01-27 19:00:00+00:00,181.13,21,2023-01-26 23:00:00+00:00,2023-01-27 23:00:00+00:00
2023-01-27 20:00:00+00:00,161.86,22,2023-01-26 23:00:00+00:00,2023-01-27 23:00:00+00:00
2023-01-27 21:00:00+00:00,145.32,23,2023-01-26 23:00:00+00:00,2023-01-27 23:00:00+00:00
2023-01-27 22:00:00+00:00,146.0,24,2023-01-26 23:00:00+00:00,2023-01-27 23:00:00+00:00
2023-01-27 23:00:00+00:00,139.9,1,2023-01-27 23:00:00+00:00,2023-01-28 23:00:00+00:00
2023-01-28 00:00:00+00:00,135.0,2,2023-01-27 23:00:00+00:00,2023-01-28 23:00:00+00:00
2023-01-28 01:00:00+00:00,133.32,3,2023-01-27 23:00:00+00:00,2023-01-28 23:00:00+00:00
2023-01-28 02:00:00+00:00,129.47,4,2023-01-27 23:00:00+00:00,2023-01-28 23:00:00+00:00
2023-01-28 03:00:00+00:00,125.22,5,2023-01-27 23:00:00+00:00,2023-01-28 23:00:00+00:00
2023-01-28 04:00:00+00:00,122.82,6,2023-01-27 23:00:00+00:00,2023-01-28 23:00:00+00:00
2023-01-28 05:00:00+00:00,128.8,7,2023-01-27 23:00:00+00:00,2023-01-28 23:00:00+00:00
2023-01-28 06:00:00+00:00,136.26,8,2023-01-27 23:00:00+00:00,2023-01-28 23:00:00+00:00
2023-01-28 07:00:00+00:00,145.43,9,2023-01-27 23:00:00+00:00,2023-01-28 23:00:00+00:00
2023-01-28 08:00:00+00:00,160.14,10,2023-01-27 23:00:00+00:00,2023-01-28 23:00:00+00:00
2023-01-28 09:00:00+00:00,161.55,11,2023-01-27 23:00:00+00:00,2023-01-28 23:00:00+00:00
2023-01-28 10:00:00+00:00,153.92,12,2023-01-27 23:00:00+00:00,2023-01-28 23:00:00+00:00
2023-01-28 11:00:00+00:00,126.0,13,2023-01-27 23:00:00+00:00,2023-01-28 23:00:00+00:00
2023-01-28 12:00:00+00:00,119.9,14,2023-01-27 23:00:00+00:00,2023-01-28 23:00:00+00:00
2023-01-28 13:00:00+00:00,129.9,15,2023-01-27 23:00:00+00:00,2023-01-28 23:00:00+00:00
2023-01-28 14:00:00+00:00,123.0,16,2023-01-27 23:00:00+00:00,2023-01-28 23:00:00+00:00
2023-01-28 15:00:00+00:00,154.27,17,2023-01-27 23:00:00+00:00,2023-01-28 23:00:00+00:00
2023-01-28 16:00:00+00:00,164.93,18,2023-01-27 23:00:00+00:00,2023-01-28 23:00:00+00:00
2023-01-28 17:00:00+00:00,168.0,19,2023-01-27 23:00:00+00:00,2023-01-28 23:00:00+00:00
2023-01-28 18:00:00+00:00,150.0,20,2023-01-27 23:00:00+00:00,2023-01-28 23:00:00+00:00
2023-01-28 19:00:00+00:00,138.94,21,2023-01-27 23:00:00+00:00,2023-01-28 23:00:00+00:00
2023-01-28 20:00:00+00:00,143.84,22,2023-01-27 23:00:00+00:00,2023-01-28 23:00:00+00:00
2023-01-28 21:00:00+00:00,139.6,23,2023-01-27 23:00:00+00:00,2023-01-28 23:00:00+00:00
2023-01-28 22:00:00+00:00,124.1,24,2023-01-27 23:00:00+00:00,2023-01-28 23:00:00+00:00
2023-01-28 23:00:00+00:00,150.4,1,2023-01-28 23:00:00+00:00,2023-01-29 23:00:00+00:00
2023-01-29 00:00:00+00:00,139.03,2,2023-01-28 23:00:00+00:00,2023-01-29 23:00:00+00:00
2023-01-29 01:00:00+00:00,119.4,3,2023-01-28 23:00:00+00:00,2023-01-29 23:00:00+00:00
2023-01-29 02:00:00+00:00,125.22,4,2023-01-28 23:00:00+00:00,2023-01-29 23:00:00+00:00
2023-01-29 03:00:00+00:00,123.76,5,2023-01-28 23:00:00+00:00,2023-01-29 23:00:00+00:00
2023-01-29 04:00:00+00:00,123.58,6,2023-01-28 23:00:00+00:00,2023-01-29 23:00:00+00:00
2023-01-29 05:00:00+00:00,125.84,7,2023-01-28 23:00:00+00:00,2023-01-29 23:00:00+00:00
2023-01-29 06:00:00+00:00,133.22,8,2023-01-28 23:00:00+00:00,2023-01-29 23:00:00+00:00
2023-01-29 07:00:00+00:00,147.87,9,2023-01-28 23:00:00+00:00,2023-01-29 23:00:00+00:00
2023-01-29 08:00:00+00:00,149.9,10,2023-01-28 23:00:00+00:00,2023-01-29 23:00:00+00:00
2023-01-29 09:00:00+00:00,154.8,11,2023-01-28 23:00:00+00:00,2023-01-29 23:00:00+00:00
2023-01-29 10:00:00+00:00,122.0,12,2023-01-28 23:00:00+00:00,2023-01-29 23:00:00+00:00
2023-01-29 11:00:00+00:00,132.0,13,2023-01-28 23:00:00+00:00,2023-01-29 23:00:00+00:00
2023-01-29 12:00:00+00:00,120.8,14,2023-01-28 23:00:00+00:00,2023-01-29 23:00:00+00:00
2023-01-29 13:00:00+00:00,121.27,15,2023-01-28 23:00:00+00:00,2023-01-29 23:00:00+00:00
2023-01-29 14:00:00+00:00,125.37,16,2023-01-28 23:00:00+00:00,2023-01-29 23:00:00+00:00
2023-01-29 15:00:00+00:00,130.0,17,2023-01-28 23:00:00+00:00,2023-01-29 23:00:00+00:00
2023-01-29 16:00:00+00:00,155.8,18,2023-01-28 23:00:00+00:00,2023-01-29 23:00:00+00:00
2023-01-29 17:00:00+00:00,149.9,19,2023-01-28 23:00:00+00:00,2023-01-29 23:00:00+00:00
2023-01-29 18:00:00+00:00,118.0,20,2023-01-28 23:00:00+00:00,2023-01-29 23:00:00+00:00
2023-01-29 19:00:00+00:00,120.0,21,2023-01-28 23:00:00+00:00,2023-01-29 23:00:00+00:00
2023-01-29 20:00:00+00:00,101.61,22,2023-01-28 23:00:00+00:00,2023-01-29 23:00:00+00:00
2023-01-29 21:00:00+00:00,98.0,23,2023-01-28 23:00:00+00:00,2023-01-29 23:00:00+00:00
2023-01-29 22:00:00+00:00,73.11,24,2023-01-28 23:00:00+00:00,2023-01-29 23:00:00+00:00
2023-01-29 23:00:00+00:00,49.67,1,2023-01-29 23:00:00+00:00,2023-01-30 23:00:00+00:00
2023-01-30 00:00:00+00:00,9.46,2,2023-01-29 23:00:00+00:00,2023-01-30 23:00:00+00:00
2023-01-30 01:00:00+00:00,5.07,3,2023-01-29 23:00:00+00:00,2023-01-30 23:00:00+00:00
2023-01-30 02:00:00+00:00,2.03,4,2023-01-29 23:00:00+00:00,2023-01-30 23:00:00+00:00
2023-01-30 03:00:00+00:00,9.03,5,2023-01-29 23:00:00+00:00,2023-01-30 23:00:00+00:00
2023-01-30 04:00:00+00:00,37.5,6,2023-01-29 23:00:00+00:00,2023-01-30 23:00:00+00:00
2023-01-30 05:00:00+00:00,88.76,7,2023-01-29 23:00:00+00:00,2023-01-30 23:00:00+00:00
2023-01-30 06:00:00+00:00,150.0,8,2023-01-29 23:00:00+00:00,2023-01-30 23:00:00+00:00
2023-01-30 07:00:00+00:00,182.0,9,2023-01-29 23:00:00+00:00,2023-01-30 23:00:00+00:00
2023-01-30 08:00:00+00:00,142.0,10,2023-01-29 23:00:00+00:00,2023-01-30 23:00:00+00:00
2023-01-30 09:00:00+00:00,103.49,11,2023-01-29 23:00:00+00:00,2023-01-30 23:00:00+00:00
2023-01-30 10:00:00+00:00,88.23,12,2023-01-29 23:00:00+00:00,2023-01-30 23:00:00+00:00
2023-01-30 11:00:00+00:00,84.9,13,2023-01-29 23:00:00+00:00,2023-01-30 23:00:00+00:00
2023-01-30 12:00:00+00:00,83.38,14,2023-01-29 23:00:00+00:00,2023-01-30 23:00:00+00:00
2023-01-30 13:00:00+00:00,87.55,15,2023-01-29 23:00:00+00:00,2023-01-30 23:00:00+00:00
2023-01-30 14:00:00+00:00,99.92,16,2023-01-29 23:00:00+00:00,2023-01-30 23:00:00+00:00
2023-01-30 15:00:00+00:00,120.0,17,2023-01-29 23:00:00+00:00,2023-01-30 23:00:00+00:00
2023-01-30 16:00:00+00:00,167.5,18,2023-01-29 23:00:00+00:00,2023-01-30 23:00:00+00:00
2023-01-30 17:00:00+00:00,180.0,19,2023-01-29 23:00:00+00:00,2023-01-30 23:00:00+00:00
2023-01-30 19:00:00+00:00,171.0,21,2023-01-29 23:00:00+00:00,2023-01-30 23:00:00+00:00
2023-01-30 20:00:00+00:00,150.0,22,2023-01-29 23:00:00+00:00,2023-01-30 23:00:00+00:00
2023-01-30 21:00:00+00:00,149.9,23,2023-01-29 23:00:00+00:00,2023-01-30 23:00:00+00:00
2023-01-30 22:00:00+00:00,137.3,24,2023-01-29 23:00:00+00:00,2023-01-30 23:00:00+00:00
2023-01-30 23:00:00+00:00,151.8,1,2023-01-30 23:00:00+00:00,2023-01-31 23:00:00+00:00
2023-01-31 00:00:00+00:00,106.63,2,2023-01-30 23:00:00+00:00,2023-01-31 23:00:00+00:00
2023-01-31 01:00:00+00:00,108.63,3,2023-01-30 23:00:00+00:00,2023-01-31 23:00:00+00:00
2023-01-31 02:00:00+00:00,102.97,4,2023-01-30 23:00:00+00:00,2023-01-31 23:00:00+00:00
2023-01-31 03:00:00+00:00,105.8,5,2023-01-30 23:00:00+00:00,2023-01-31 23:00:00+00:00
2023-01-31 04:00:00+00:00,109.9,6,2023-01-30 23:00:00+00:00,2023-01-31 23:00:00+00:00
2023-01-31 05:00:00+00:00,141.35,7,2023-01-30 23:00:00+00:00,2023-01-31 23:00:00+00:00
2023-01-31 06:00:00+00:00,171.44,8,2023-01-30 23:00:00+00:00,2023-01-31 23:00:00+00:00
2023-01-31 07:00:00+00:00,182.8,9,2023-01-30 23:00:00+00:00,2023-01-31 23:00:00+00:00
2023-01-31 08:00:00+00:00,170.5,10,2023-01-30 23:00:00+00:00,2023-01-31 23:00:00+00:00
2023-01-31 09:00:00+00:00,165.3,11,2023-01-30 23:00:00+00:00,2023-01-31 23:00:00+00:00
2023-01-31 10:00:00+00:00,146.0,12,2023-01-30 23:00:00+00:00,2023-01-31 23:00:00+00:00
2023-01-31 11:00:00+00:00,118.67,13,2023-01-30 23:00:00+00:00,2023-01-31 23:00:00+00:00
2023-01-31 12:00:00+00:00,113.06,14,2023-01-30 23:00:00+00:00,2023-01-31 23:00:00+00:00
2023-01-31 13:00:00+00:00,113.59,15,2023-01-30 23:00:00+00:00,2023-01-31 23:00:00+00:00
2023-01-31 14:00:00+00:00,125.0,16,2023-01-30 23:00:00+00:00,2023-01-31 23:00:00+00:00
2023-01-31 15:00:00+00:00,141.4,17,2023-01-30 23:00:00+00:00,2023-01-31 23:00:00+00:00
2023-01-31 16:00:00+00:00,166.37,18,2023-01-30 23:00:00+00:00,2023-01-31 23:00:00+00:00
2023-01-31 17:00:00+00:00,200.0,19,2023-01-30 23:00:00+00:00,2023-01-31 23:00:00+00:00
2023-01-31 18:00:00+00:00,147.93,20,2023-01-30 23:00:00+00:00,2023-01-31 23:00:00+00:00
2023-01-31 19:00:00+00:00,124.3,21,2023-01-30 23:00:00+00:00,2023-01-31 23:00:00+00:00
2023-01-31 20:00:00+00:00,127.6,22,2023-01-30 23:00:00+00:00,2023-01-31 23:00:00+00:00
2023-01-31 21:00:00+00:00,122.7,23,2023-01-30 23:00:00+00:00,2023-01-31 23:00:00+00:00
2023-01-31 22:00:00+00:00,87.52,24,2023-01-30 23:00:00+00:00,2023-01-31 23:00:00+00:00
2023-01-31 23:00:00+00:00,85.03,1,2023-01-31 23:00:00+00:00,2023-02-01 23:00:00+00:00
2023-01-31 23:00:00+00:00,85.03,1,2023-01-31 23:00:00+00:00,2023-02-01 23:00:00+00:00
2023-02-01 00:00:00+00:00,80.02,2,2023-01-31 23:00:00+00:00,2023-02-01 23:00:00+00:00
2023-02-01 00:00:00+00:00,80.02,2,2023-01-31 23:00:00+00:00,2023-02-01 23:00:00+00:00
2023-02-01 01:00:00+00:00,71.67,3,2023-01-31 23:00:00+00:00,2023-02-01 23:00:00+00:00
2023-02-01 01:00:00+00:00,71.67,3,2023-01-31 23:00:00+00:00,2023-02-01 23:00:00+00:00
2023-02-01 02:00:00+00:00,71.05,4,2023-01-31 23:00:00+00:00,2023-02-01 23:00:00+00:00
2023-02-01 02:00:00+00:00,71.05,4,2023-01-31 23:00:00+00:00,2023-02-01 23:00:00+00:00
2023-02-01 03:00:00+00:00,79.21,5,2023-01-31 23:00:00+00:00,2023-02-01 23:00:00+00:00
2023-02-01 03:00:00+00:00,79.21,5,2023-01-31 23:00:00+00:00,2023-02-01 23:00:00+00:00
2023-02-01 04:00:00+00:00,83.93,6,2023-01-31 23:00:00+00:00,2023-02-01 23:00:00+00:00
2023-02-01 04:00:00+00:00,83.93,6,2023-01-31 23:00:00+00:00,2023-02-01 23:00:00+00:00
2023-02-01 05:00:00+00:00,99.5,7,2023-01-31 23:00:00+00:00,2023-02-01 23:00:00+00:00
2023-02-01 05:00:00+00:00,99.5,7,2023-01-31 23:00:00+00:00,2023-02-01 23:00:00+00:00
2023-02-01 06:00:00+00:00,130.0,8,2023-01-31 23:00:00+00:00,2023-02-01 23:00:00+00:00
2023-02-01 06:00:00+00:00,130.0,8,2023-01-31 23:00:00+00:00,2023-02-01 23:00:00+00:00
2023-02-01 07:00:00+00:00,163.7,9,2023-01-31 23:00:00+00:00,2023-02-01 23:00:00+00:00
2023-02-01 07:00:00+00:00,163.7,9,2023-01-31 23:00:00+00:00,2023-02-01 23:00:00+00:00
2023-02-01 08:00:00+00:00,120.1,10,2023-01-31 23:00:00+00:00,2023-02-01 23:00:00+00:00
2023-02-01 08:00:00+00:00,120.1,10,2023-01-31 23:00:00+00:00,2023-02-01 23:00:00+00:00
2023-02-01 09:00:00+00:00,108.51,11,2023-01-31 23:00:00+00:00,2023-02-01 23:00:00+00:00
2023-02-01 09:00:00+00:00,108.51,11,2023-01-31 23:00:00+00:00,2023-02-01 23:00:00+00:00
2023-02-01 10:00:00+00:00,104.81,12,2023-01-31 23:00:00+00:00,2023-02-01 23:00:00+00:00
2023-02-01 10:00:00+00:00,104.81,12,2023-01-31 23:00:00+00:00,2023-02-01 23:00:00+00:00
2023-02-01 11:00:00+00:00,102.63,13,2023-01-31 23:00:00+00:00,2023-02-01 23:00:00+00:00
2023-02-01 11:00:00+00:00,102.63,13,2023-01-31 23:00:00+00:00,2023-02-01 23:00:00+00:00
2023-02-01 12:00:00+00:00,101.79,14,2023-01-31 23:00:00+00:00,2023-02-01 23:00:00+00:00
2023-02-01 12:00:00+00:00,101.79,14,2023-01-31 23:00:00+00:00,2023-02-01 23:00:00+00:00
2023-02-01 13:00:00+00:00,101.58,15,2023-01-31 23:00:00+00:00,2023-02-01 23:00:00+00:00
2023-02-01 13:00:00+00:00,101.58,15,2023-01-31 23:00:00+00:00,2023-02-01 23:00:00+00:00
2023-02-01 14:00:00+00:00,101.82,16,2023-01-31 23:00:00+00:00,2023-02-01 23:00:00+00:00
2023-02-01 14:00:00+00:00,101.82,16,2023-01-31 23:00:00+00:00,2023-02-01 23:00:00+00:00
2023-02-01 15:00:00+00:00,130.0,17,2023-01-31 23:00:00+00:00,2023-02-01 23:00:00+00:00
2023-02-01 15:00:00+00:00,130.0,17,2023-01-31 23:00:00+00:00,2023-02-01 23:00:00+00:00
2023-02-01 16:00:00+00:00,167.62,18,2023-01-31 23:00:00+00:00,2023-02-01 23:00:00+00:00
2023-02-01 16:00:00+00:00,167.62,18,2023-01-31 23:00:00+00:00,2023-02-01 23:00:00+00:00
2023-02-01 17:00:00+00:00,179.69,19,2023-01-31 23:00:00+00:00,2023-02-01 23:00:00+00:00
2023-02-01 17:00:00+00:00,179.69,19,2023-01-31 23:00:00+00:00,2023-02-01 23:00:00+00:00
2023-02-01 18:00:00+00:00,126.0,20,2023-01-31 23:00:00+00:00,2023-02-01 23:00:00+00:00
2023-02-01 18:00:00+00:00,126.0,20,2023-01-31 23:00:00+00:00,2023-02-01 23:00:00+00:00
2023-02-01 19:00:00+00:00,100.88,21,2023-01-31 23:00:00+00:00,2023-02-01 23:00:00+00:00
2023-02-01 19:00:00+00:00,100.88,21,2023-01-31 23:00:00+00:00,2023-02-01 23:00:00+00:00
2023-02-01 20:00:00+00:00,117.0,22,2023-01-31 23:00:00+00:00,2023-02-01 23:00:00+00:00
2023-02-01 20:00:00+00:00,117.0,22,2023-01-31 23:00:00+00:00,2023-02-01 23:00:00+00:00
2023-02-01 21:00:00+00:00,99.9,23,2023-01-31 23:00:00+00:00,2023-02-01 23:00:00+00:00
2023-02-01 21:00:00+00:00,99.9,23,2023-01-31 23:00:00+00:00,2023-02-01 23:00:00+00:00
2023-02-01 22:00:00+00:00,94.9,24,2023-01-31 23:00:00+00:00,2023-02-01 23:00:00+00:00
2023-02-01 22:00:00+00:00,94.9,24,2023-01-31 23:00:00+00:00,2023-02-01 23:00:00+00:00
2023-02-01 23:00:00+00:00,83.46,1,2023-02-01 23:00:00+00:00,2023-02-02 23:00:00+00:00
2023-02-02 00:00:00+00:00,89.96,2,2023-02-01 23:00:00+00:00,2023-02-02 23:00:00+00:00
2023-02-02 01:00:00+00:00,85.57,3,2023-02-01 23:00:00+00:00,2023-02-02 23:00:00+00:00
2023-02-02 02:00:00+00:00,88.27,4,2023-02-01 23:00:00+00:00,2023-02-02 23:00:00+00:00
2023-02-02 03:00:00+00:00,94.4,5,2023-02-01 23:00:00+00:00,2023-02-02 23:00:00+00:00
2023-02-02 04:00:00+00:00,99.92,6,2023-02-01 23:00:00+00:00,2023-02-02 23:00:00+00:00
2023-02-02 05:00:00+00:00,116.62,7,2023-02-01 23:00:00+00:00,2023-02-02 23:00:00+00:00
2023-02-02 06:00:00+00:00,140.96,8,2023-02-01 23:00:00+00:00,2023-02-02 23:00:00+00:00
2023-02-02 07:00:00+00:00,170.13,9,2023-02-01 23:00:00+00:00,2023-02-02 23:00:00+00:00
2023-02-02 08:00:00+00:00,178.2,10,2023-02-01 23:00:00+00:00,2023-02-02 23:00:00+00:00
2023-02-02 09:00:00+00:00,170.09,11,2023-02-01 23:00:00+00:00,2023-02-02 23:00:00+00:00
2023-02-02 10:00:00+00:00,167.21,12,2023-02-01 23:00:00+00:00,2023-02-02 23:00:00+00:00
2023-02-02 11:00:00+00:00,156.86,13,2023-02-01 23:00:00+00:00,2023-02-02 23:00:00+00:00
2023-02-02 12:00:00+00:00,152.74,14,2023-02-01 23:00:00+00:00,2023-02-02 23:00:00+00:00
2023-02-02 13:00:00+00:00,161.44,15,2023-02-01 23:00:00+00:00,2023-02-02 23:00:00+00:00
2023-02-02 14:00:00+00:00,163.39,16,2023-02-01 23:00:00+00:00,2023-02-02 23:00:00+00:00
2023-02-02 15:00:00+00:00,167.28,17,2023-02-01 23:00:00+00:00,2023-02-02 23:00:00+00:00
2023-02-02 16:00:00+00:00,178.17,18,2023-02-01 23:00:00+00:00,2023-02-02 23:00:00+00:00
2023-02-02 17:00:00+00:00,183.12,19,2023-02-01 23:00:00+00:00,2023-02-02 23:00:00+00:00
2023-02-02 18:00:00+00:00,167.41,20,2023-02-01 23:00:00+00:00,2023-02-02 23:00:00+00:00
2023-02-02 19:00:00+00:00,146.86,21,2023-02-01 23:00:00+00:00,2023-02-02 23:00:00+00:00
2023-02-02 20:00:00+00:00,143.54,22,2023-02-01 23:00:00+00:00,2023-02-02 23:00:00+00:00
2023-02-02 21:00:00+00:00,130.15,23,2023-02-01 23:00:00+00:00,2023-02-02 23:00:00+00:00
2023-02-02 22:00:00+00:00,106.3,24,2023-02-01 23:00:00+00:00,2023-02-02 23:00:00+00:00
2023-02-02 23:00:00+00:00,110.1,1,2023-02-02 23:00:00+00:00,2023-02-03 23:00:00+00:00
2023-02-03 00:00:00+00:00,102.99,2,2023-02-02 23:00:00+00:00,2023-02-03 23:00:00+00:00
2023-02-03 01:00:00+00:00,96.55,3,2023-02-02 23:00:00+00:00,2023-02-03 23:00:00+00:00
2023-02-03 02:00:00+00:00,90.1,4,2023-02-02 23:00:00+00:00,2023-02-03 23:00:00+00:00
2023-02-03 03:00:00+00:00,82.4,5,2023-02-02 23:00:00+00:00,2023-02-03 23:00:00+00:00
2023-02-03 04:00:00+00:00,89.02,6,2023-02-02 23:00:00+00:00,2023-02-03 23:00:00+00:00
2023-02-03 05:00:00+00:00,103.23,7,2023-02-02 23:00:00+00:00,2023-02-03 23:00:00+00:00
2023-02-03 06:00:00+00:00,147.12,8,2023-02-02 23:00:00+00:00,2023-02-03 23:00:00+00:00
2023-02-03 07:00:00+00:00,173.32,9,2023-02-02 23:00:00+00:00,2023-02-03 23:00:00+00:00
2023-02-03 08:00:00+00:00,166.59,10,2023-02-02 23:00:00+00:00,2023-02-03 23:00:00+00:00
2023-02-03 09:00:00+00:00,139.9,11,2023-02-02 23:00:00+00:00,2023-02-03 23:00:00+00:00
2023-02-03 10:00:00+00:00,113.0,12,2023-02-02 23:00:00+00:00,2023-02-03 23:00:00+00:00
2023-02-03 11:00:00+00:00,130.0,13,2023-02-02 23:00:00+00:00,2023-02-03 23:00:00+00:00
2023-02-03 12:00:00+00:00,131.2,14,2023-02-02 23:00:00+00:00,2023-02-03 23:00:00+00:00
2023-02-03 13:00:00+00:00,143.38,15,2023-02-02 23:00:00+00:00,2023-02-03 23:00:00+00:00
2023-02-03 14:00:00+00:00,150.0,16,2023-02-02 23:00:00+00:00,2023-02-03 23:00:00+00:00
2023-02-03 15:00:00+00:00,149.9,17,2023-02-02 23:00:00+00:00,2023-02-03 23:00:00+00:00
2023-02-03 16:00:00+00:00,184.0,18,2023-02-02 23:00:00+00:00,2023-02-03 23:00:00+00:00
2023-02-03 17:00:00+00:00,194.4,19,2023-02-02 23:00:00+00:00,2023-02-03 23:00:00+00:00
2023-02-03 18:00:00+00:00,180.0,20,2023-02-02 23:00:00+00:00,2023-02-03 23:00:00+00:00
2023-02-03 19:00:00+00:00,166.7,21,2023-02-02 23:00:00+00:00,2023-02-03 23:00:00+00:00
2023-02-03 20:00:00+00:00,181.0,22,2023-02-02 23:00:00+00:00,2023-02-03 23:00:00+00:00
2023-02-03 21:00:00+00:00,143.9,23,2023-02-02 23:00:00+00:00,2023-02-03 23:00:00+00:00
2023-02-03 22:00:00+00:00,153.01,24,2023-02-02 23:00:00+00:00,2023-02-03 23:00:00+00:00
2023-02-03 23:00:00+00:00,152.53,1,2023-02-03 23:00:00+00:00,2023-02-04 23:00:00+00:00
2023-02-04 00:00:00+00:00,159.9,2,2023-02-03 23:00:00+00:00,2023-02-04 23:00:00+00:00
2023-02-04 01:00:00+00:00,124.68,3,2023-02-03 23:00:00+00:00,2023-02-04 23:00:00+00:00
2023-02-04 02:00:00+00:00,124.5,4,2023-02-03 23:00:00+00:00,2023-02-04 23:00:00+00:00
2023-02-04 03:00:00+00:00,127.28,5,2023-02-03 23:00:00+00:00,2023-02-04 23:00:00+00:00
2023-02-04 04:00:00+00:00,131.29,6,2023-02-03 23:00:00+00:00,2023-02-04 23:00:00+00:00
2023-02-04 05:00:00+00:00,139.61,7,2023-02-03 23:00:00+00:00,2023-02-04 23:00:00+00:00
2023-02-04 06:00:00+00:00,156.31,8,2023-02-03 23:00:00+00:00,2023-02-04 23:00:00+00:00
2023-02-04 07:00:00+00:00,164.19,9,2023-02-03 23:00:00+00:00,2023-02-04 23:00:00+00:00
2023-02-04 08:00:00+00:00,169.83,10,2023-02-03 23:00:00+00:00,2023-02-04 23:00:00+00:00
2023-02-04 09:00:00+00:00,164.11,11,2023-02-03 23:00:00+00:00,2023-02-04 23:00:00+00:00
2023-02-04 10:00:00+00:00,156.39,12,2023-02-03 23:00:00+00:00,2023-02-04 23:00:00+00:00
2023-02-04 11:00:00+00:00,148.84,13,2023-02-03 23:00:00+00:00,2023-02-04 23:00:00+00:00
2023-02-04 12:00:00+00:00,133.37,14,2023-02-03 23:00:00+00:00,2023-02-04 23:00:00+00:00
2023-02-04 13:00:00+00:00,134.09,15,2023-02-03 23:00:00+00:00,2023-02-04 23:00:00+00:00
2023-02-04 14:00:00+00:00,141.61,16,2023-02-03 23:00:00+00:00,2023-02-04 23:00:00+00:00
2023-02-04 15:00:00+00:00,155.36,17,2023-02-03 23:00:00+00:00,2023-02-04 23:00:00+00:00
2023-02-04 16:00:00+00:00,170.29,18,2023-02-03 23:00:00+00:00,2023-02-04 23:00:00+00:00
2023-02-04 17:00:00+00:00,184.16,19,2023-02-03 23:00:00+00:00,2023-02-04 23:00:00+00:00
2023-02-04 18:00:00+00:00,179.96,20,2023-02-03 23:00:00+00:00,2023-02-04 23:00:00+00:00
2023-02-04 19:00:00+00:00,167.88,21,2023-02-03 23:00:00+00:00,2023-02-04 23:00:00+00:00
2023-02-04 20:00:00+00:00,158.13,22,2023-02-03 23:00:00+00:00,2023-02-04 23:00:00+00:00
2023-02-04 21:00:00+00:00,152.38,23,2023-02-03 23:00:00+00:00,2023-02-04 23:00:00+00:00
2023-02-04 22:00:00+00:00,136.63,24,2023-02-03 23:00:00+00:00,2023-02-04 23:00:00+00:00
2023-02-04 23:00:00+00:00,146.92,1,2023-02-04 23:00:00+00:00,2023-02-05 23:00:00+00:00
2023-02-05 00:00:00+00:00,141.11,2,2023-02-04 23:00:00+00:00,2023-02-05 23:00:00+00:00
2023-02-05 01:00:00+00:00,148.56,3,2023-02-04 23:00:00+00:00,2023-02-05 23:00:00+00:00
2023-02-05 02:00:00+00:00,130.61,4,2023-02-04 23:00:00+00:00,2023-02-05 23:00:00+00:00
2023-02-05 03:00:00+00:00,115.9,5,2023-02-04 23:00:00+00:00,2023-02-05 23:00:00+00:00
2023-02-05 04:00:00+00:00,113.23,6,2023-02-04 23:00:00+00:00,2023-02-05 23:00:00+00:00
2023-02-05 05:00:00+00:00,114.16,7,2023-02-04 23:00:00+00:00,2023-02-05 23:00:00+00:00
2023-02-05 06:00:00+00:00,115.58,8,2023-02-04 23:00:00+00:00,2023-02-05 23:00:00+00:00
2023-02-05 07:00:00+00:00,110.1,9,2023-02-04 23:00:00+00:00,2023-02-05 23:00:00+00:00
2023-02-05 08:00:00+00:00,111.85,10,2023-02-04 23:00:00+00:00,2023-02-05 23:00:00+00:00
2023-02-05 09:00:00+00:00,108.54,11,2023-02-04 23:00:00+00:00,2023-02-05 23:00:00+00:00
2023-02-05 10:00:00+00:00,107.07,12,2023-02-04 23:00:00+00:00,2023-02-05 23:00:00+00:00
2023-02-05 11:00:00+00:00,101.62,13,2023-02-04 23:00:00+00:00,2023-02-05 23:00:00+00:00
2023-02-05 12:00:00+00:00,100.69,14,2023-02-04 23:00:00+00:00,2023-02-05 23:00:00+00:00
2023-02-05 13:00:00+00:00,103.81,15,2023-02-04 23:00:00+00:00,2023-02-05 23:00:00+00:00
2023-02-05 14:00:00+00:00,115.25,16,2023-02-04 23:00:00+00:00,2023-02-05 23:00:00+00:00
2023-02-05 15:00:00+00:00,125.13,17,2023-02-04 23:00:00+00:00,2023-02-05 23:00:00+00:00
2023-02-05 16:00:00+00:00,147.56,18,2023-02-04 23:00:00+00:00,2023-02-05 23:00:00+00:00
2023-02-05 17:00:00+00:00,171.49,19,2023-02-04 23:00:00+00:00,2023-02-05 23:00:00+00:00
2023-02-05 18:00:00+00:00,185.33,20,2023-02-04 23:00:00+00:00,2023-02-05 23:00:00+00:00
2023-02-05 19:00:00+00:00,172.03,21,2023-02-04 23:00:00+00:00,2023-02-05 23:00:00+00:00
2023-02-05 20:00:00+00:00,153.67,22,2023-02-04 23:00:00+00:00,2023-02-05 23:00:00+00:00
2023-02-05 21:00:00+00:00,155.77,23,2023-02-04 23:00:00+00:00,2023-02-05 23:00:00+00:00
2023-02-05 22:00:00+00:00,144.18,24,2023-02-04 23:00:00+00:00,2023-02-05 23:00:00+00:00
2023-02-05 23:00:00+00:00,145.0,1,2023-02-05 23:00:00+00:00,2023-02-06 23:00:00+00:00
2023-02-06 00:00:00+00:00,143.73,2,2023-02-05 23:00:00+00:00,2023-02-06 23:00:00+00:00
2023-02-06 01:00:00+00:00,145.44,3,2023-02-05 23:00:00+00:00,2023-02-06 23:00:00+00:00
2023-02-06 02:00:00+00:00,142.13,4,2023-02-05 23:00:00+00:00,2023-02-06 23:00:00+00:00
2023-02-06 03:00:00+00:00,140.1,5,2023-02-05 23:00:00+00:00,2023-02-06 23:00:00+00:00
2023-02-06 04:00:00+00:00,148.93,6,2023-02-05 23:00:00+00:00,2023-02-06 23:00:00+00:00
2023-02-06 05:00:00+00:00,175.67,7,2023-02-05 23:00:00+00:00,2023-02-06 23:00:00+00:00
2023-02-06 06:00:00+00:00,200.65,8,2023-02-05 23:00:00+00:00,2023-02-06 23:00:00+00:00
2023-02-06 07:00:00+00:00,213.39,9,2023-02-05 23:00:00+00:00,2023-02-06 23:00:00+00:00
2023-02-06 08:00:00+00:00,200.63,10,2023-02-05 23:00:00+00:00,2023-02-06 23:00:00+00:00
2023-02-06 09:00:00+00:00,185.08,11,2023-02-05 23:00:00+00:00,2023-02-06 23:00:00+00:00
2023-02-06 10:00:00+00:00,163.54,12,2023-02-05 23:00:00+00:00,2023-02-06 23:00:00+00:00
2023-02-06 11:00:00+00:00,129.8,13,2023-02-05 23:00:00+00:00,2023-02-06 23:00:00+00:00
2023-02-06 12:00:00+00:00,129.55,14,2023-02-05 23:00:00+00:00,2023-02-06 23:00:00+00:00
2023-02-06 13:00:00+00:00,135.48,15,2023-02-05 23:00:00+00:00,2023-02-06 23:00:00+00:00
2023-02-06 14:00:00+00:00,149.6,16,2023-02-05 23:00:00+00:00,2023-02-06 23:00:00+00:00
2023-02-06 15:00:00+00:00,181.8,17,2023-02-05 23:00:00+00:00,2023-02-06 23:00:00+00:00
2023-02-06 16:00:00+00:00,198.94,18,2023-02-05 23:00:00+00:00,2023-02-06 23:00:00+00:00
2023-02-06 17:00:00+00:00,213.5,19,2023-02-05 23:00:00+00:00,2023-02-06 23:00:00+00:00
2023-02-06 18:00:00+00:00,205.38,20,2023-02-05 23:00:00+00:00,2023-02-06 23:00:00+00:00
2023-02-06 19:00:00+00:00,186.21,21,2023-02-05 23:00:00+00:00,2023-02-06 23:00:00+00:00
2023-02-06 20:00:00+00:00,166.48,22,2023-02-05 23:00:00+00:00,2023-02-06 23:00:00+00:00
2023-02-06 21:00:00+00:00,152.5,23,2023-02-05 23:00:00+00:00,2023-02-06 23:00:00+00:00
2023-02-06 22:00:00+00:00,154.0,24,2023-02-05 23:00:00+00:00,2023-02-06 23:00:00+00:00
2023-02-06 23:00:00+00:00,145.72,1,2023-02-06 23:00:00+00:00,2023-02-07 23:00:00+00:00
2023-02-07 00:00:00+00:00,142.12,2,2023-02-06 23:00:00+00:00,2023-02-07 23:00:00+00:00
2023-02-07 01:00:00+00:00,140.31,3,2023-02-06 23:00:00+00:00,2023-02-07 23:00:00+00:00
2023-02-07 02:00:00+00:00,139.36,4,2023-02-06 23:00:00+00:00,2023-02-07 23:00:00+00:00
2023-02-07 03:00:00+00:00,141.6,5,2023-02-06 23:00:00+00:00,2023-02-07 23:00:00+00:00
2023-02-07 04:00:00+00:00,143.44,6,2023-02-06 23:00:00+00:00,2023-02-07 23:00:00+00:00
2023-02-07 05:00:00+00:00,170.54,7,2023-02-06 23:00:00+00:00,2023-02-07 23:00:00+00:00
2023-02-07 06:00:00+00:00,198.03,8,2023-02-06 23:00:00+00:00,2023-02-07 23:00:00+00:00
2023-02-07 07:00:00+00:00,214.16,9,2023-02-06 23:00:00+00:00,2023-02-07 23:00:00+00:00
2023-02-07 08:00:00+00:00,191.85,10,2023-02-06 23:00:00+00:00,2023-02-07 23:00:00+00:00
2023-02-07 09:00:00+00:00,168.38,11,2023-02-06 23:00:00+00:00,2023-02-07 23:00:00+00:00
2023-02-07 10:00:00+00:00,125.76,12,2023-02-06 23:00:00+00:00,2023-02-07 23:00:00+00:00
2023-02-07 11:00:00+00:00,123.57,13,2023-02-06 23:00:00+00:00,2023-02-07 23:00:00+00:00
2023-02-07 12:00:00+00:00,125.6,14,2023-02-06 23:00:00+00:00,2023-02-07 23:00:00+00:00
2023-02-07 13:00:00+00:00,139.93,15,2023-02-06 23:00:00+00:00,2023-02-07 23:00:00+00:00
2023-02-07 14:00:00+00:00,171.81,16,2023-02-06 23:00:00+00:00,2023-02-07 23:00:00+00:00
2023-02-07 15:00:00+00:00,189.98,17,2023-02-06 23:00:00+00:00,2023-02-07 23:00:00+00:00
2023-02-07 16:00:00+00:00,222.26,18,2023-02-06 23:00:00+00:00,2023-02-07 23:00:00+00:00
2023-02-07 17:00:00+00:00,245.6,19,2023-02-06 23:00:00+00:00,2023-02-07 23:00:00+00:00
2023-02-07 18:00:00+00:00,229.0,20,2023-02-06 23:00:00+00:00,2023-02-07 23:00:00+00:00
2023-02-07 19:00:00+00:00,199.03,21,2023-02-06 23:00:00+00:00,2023-02-07 23:00:00+00:00
2023-02-07 20:00:00+00:00,188.18,22,2023-02-06 23:00:00+00:00,2023-02-07 23:00:00+00:00
2023-02-07 21:00:00+00:00,173.34,23,2023-02-06 23:00:00+00:00,2023-02-07 23:00:00+00:00
2023-02-07 22:00:00+00:00,163.07,24,2023-02-06 23:00:00+00:00,2023-02-07 23:00:00+00:00
2023-02-07 23:00:00+00:00,160.04,1,2023-02-07 23:00:00+00:00,2023-02-08 23:00:00+00:00
2023-02-08 00:00:00+00:00,155.15,2,2023-02-07 23:00:00+00:00,2023-02-08 23:00:00+00:00
2023-02-08 01:00:00+00:00,150.0,3,2023-02-07 23:00:00+00:00,2023-02-08 23:00:00+00:00
2023-02-08 02:00:00+00:00,147.97,4,2023-02-07 23:00:00+00:00,2023-02-08 23:00:00+00:00
2023-02-08 03:00:00+00:00,145.97,5,2023-02-07 23:00:00+00:00,2023-02-08 23:00:00+00:00
2023-02-08 04:00:00+00:00,149.1,6,2023-02-07 23:00:00+00:00,2023-02-08 23:00:00+00:00
2023-02-08 05:00:00+00:00,175.69,7,2023-02-07 23:00:00+00:00,2023-02-08 23:00:00+00:00
2023-02-08 06:00:00+00:00,196.64,8,2023-02-07 23:00:00+00:00,2023-02-08 23:00:00+00:00
2023-02-08 07:00:00+00:00,216.19,9,2023-02-07 23:00:00+00:00,2023-02-08 23:00:00+00:00
2023-02-08 08:00:00+00:00,176.0,10,2023-02-07 23:00:00+00:00,2023-02-08 23:00:00+00:00
2023-02-08 09:00:00+00:00,128.0,11,2023-02-07 23:00:00+00:00,2023-02-08 23:00:00+00:00
2023-02-08 10:00:00+00:00,116.0,12,2023-02-07 23:00:00+00:00,2023-02-08 23:00:00+00:00
2023-02-08 11:00:00+00:00,115.61,13,2023-02-07 23:00:00+00:00,2023-02-08 23:00:00+00:00
2023-02-08 12:00:00+00:00,114.88,14,2023-02-07 23:00:00+00:00,2023-02-08 23:00:00+00:00
2023-02-08 13:00:00+00:00,114.24,15,2023-02-07 23:00:00+00:00,2023-02-08 23:00:00+00:00
2023-02-08 14:00:00+00:00,125.39,16,2023-02-07 23:00:00+00:00,2023-02-08 23:00:00+00:00
2023-02-08 15:00:00+00:00,156.78,17,2023-02-07 23:00:00+00:00,2023-02-08 23:00:00+00:00
2023-02-08 16:00:00+00:00,183.99,18,2023-02-07 23:00:00+00:00,2023-02-08 23:00:00+00:00
2023-02-08 17:00:00+00:00,192.45,19,2023-02-07 23:00:00+00:00,2023-02-08 23:00:00+00:00
2023-02-08 18:00:00+00:00,153.0,20,2023-02-07 23:00:00+00:00,2023-02-08 23:00:00+00:00
2023-02-08 19:00:00+00:00,145.0,21,2023-02-07 23:00:00+00:00,2023-02-08 23:00:00+00:00
2023-02-08 20:00:00+00:00,163.6,22,2023-02-07 23:00:00+00:00,2023-02-08 23:00:00+00:00
2023-02-08 21:00:00+00:00,170.6,23,2023-02-07 23:00:00+00:00,2023-02-08 23:00:00+00:00
2023-02-08 22:00:00+00:00,149.85,24,2023-02-07 23:00:00+00:00,2023-02-08 23:00:00+00:00
2023-02-08 23:00:00+00:00,134.11,1,2023-02-08 23:00:00+00:00,2023-02-09 23:00:00+00:00
2023-02-09 00:00:00+00:00,128.85,2,2023-02-08 23:00:00+00:00,2023-02-09 23:00:00+00:00
2023-02-09 01:00:00+00:00,128.2,3,2023-02-08 23:00:00+00:00,2023-02-09 23:00:00+00:00
2023-02-09 02:00:00+00:00,124.49,4,2023-02-08 23:00:00+00:00,2023-02-09 23:00:00+00:00
2023-02-09 03:00:00+00:00,115.71,5,2023-02-08 23:00:00+00:00,2023-02-09 23:00:00+00:00
2023-02-09 04:00:00+00:00,124.49,6,2023-02-08 23:00:00+00:00,2023-02-09 23:00:00+00:00
2023-02-09 05:00:00+00:00,146.57,7,2023-02-08 23:00:00+00:00,2023-02-09 23:00:00+00:00
2023-02-09 06:00:00+00:00,167.84,8,2023-02-08 23:00:00+00:00,2023-02-09 23:00:00+00:00
2023-02-09 07:00:00+00:00,181.99,9,2023-02-08 23:00:00+00:00,2023-02-09 23:00:00+00:00
2023-02-09 08:00:00+00:00,137.0,10,2023-02-08 23:00:00+00:00,2023-02-09 23:00:00+00:00
2023-02-09 09:00:00+00:00,125.0,11,2023-02-08 23:00:00+00:00,2023-02-09 23:00:00+00:00
2023-02-09 10:00:00+00:00,111.8,12,2023-02-08 23:00:00+00:00,2023-02-09 23:00:00+00:00
2023-02-09 11:00:00+00:00,125.43,13,2023-02-08 23:00:00+00:00,2023-02-09 23:00:00+00:00
2023-02-09 12:00:00+00:00,125.08,14,2023-02-08 23:00:00+00:00,2023-02-09 23:00:00+00:00
2023-02-09 13:00:00+00:00,135.59,15,2023-02-08 23:00:00+00:00,2023-02-09 23:00:00+00:00
2023-02-09 14:00:00+00:00,160.45,16,2023-02-08 23:00:00+00:00,2023-02-09 23:00:00+00:00
2023-02-09 15:00:00+00:00,165.04,17,2023-02-08 23:00:00+00:00,2023-02-09 23:00:00+00:00
2023-02-09 16:00:00+00:00,173.25,18,2023-02-08 23:00:00+00:00,2023-02-09 23:00:00+00:00
2023-02-09 17:00:00+00:00,198.0,19,2023-02-08 23:00:00+00:00,2023-02-09 23:00:00+00:00
2023-02-09 18:00:00+00:00,161.51,20,2023-02-08 23:00:00+00:00,2023-02-09 23:00:00+00:00
2023-02-09 19:00:00+00:00,150.0,21,2023-02-08 23:00:00+00:00,2023-02-09 23:00:00+00:00
2023-02-09 20:00:00+00:00,143.94,22,2023-02-08 23:00:00+00:00,2023-02-09 23:00:00+00:00
2023-02-09 21:00:00+00:00,132.69,23,2023-02-08 23:00:00+00:00,2023-02-09 23:00:00+00:00
2023-02-09 22:00:00+00:00,128.8,24,2023-02-08 23:00:00+00:00,2023-02-09 23:00:00+00:00
2023-02-09 23:00:00+00:00,123.0,1,2023-02-09 23:00:00+00:00,2023-02-10 23:00:00+00:00
2023-02-10 00:00:00+00:00,119.5,2,2023-02-09 23:00:00+00:00,2023-02-10 23:00:00+00:00
2023-02-10 01:00:00+00:00,121.24,3,2023-02-09 23:00:00+00:00,2023-02-10 23:00:00+00:00
2023-02-10 02:00:00+00:00,122.87,4,2023-02-09 23:00:00+00:00,2023-02-10 23:00:00+00:00
2023-02-10 03:00:00+00:00,124.59,5,2023-02-09 23:00:00+00:00,2023-02-10 23:00:00+00:00
2023-02-10 04:00:00+00:00,130.06,6,2023-02-09 23:00:00+00:00,2023-02-10 23:00:00+00:00
2023-02-10 05:00:00+00:00,151.89,7,2023-02-09 23:00:00+00:00,2023-02-10 23:00:00+00:00
2023-02-10 06:00:00+00:00,185.56,8,2023-02-09 23:00:00+00:00,2023-02-10 23:00:00+00:00
2023-02-10 07:00:00+00:00,202.0,9,2023-02-09 23:00:00+00:00,2023-02-10 23:00:00+00:00
2023-02-10 08:00:00+00:00,165.81,10,2023-02-09 23:00:00+00:00,2023-02-10 23:00:00+00:00
2023-02-10 09:00:00+00:00,142.0,11,2023-02-09 23:00:00+00:00,2023-02-10 23:00:00+00:00
2023-02-10 10:00:00+00:00,138.64,12,2023-02-09 23:00:00+00:00,2023-02-10 23:00:00+00:00
2023-02-10 11:00:00+00:00,119.18,13,2023-02-09 23:00:00+00:00,2023-02-10 23:00:00+00:00
2023-02-10 12:00:00+00:00,119.7,14,2023-02-09 23:00:00+00:00,2023-02-10 23:00:00+00:00
2023-02-10 13:00:00+00:00,114.42,15,2023-02-09 23:00:00+00:00,2023-02-10 23:00:00+00:00
2023-02-10 14:00:00+00:00,128.45,16,2023-02-09 23:00:00+00:00,2023-02-10 23:00:00+00:00
2023-02-10 15:00:00+00:00,128.0,17,2023-02-09 23:00:00+00:00,2023-02-10 23:00:00+00:00
2023-02-10 16:00:00+00:00,162.65,18,2023-02-09 23:00:00+00:00,2023-02-10 23:00:00+00:00
2023-02-10 17:00:00+00:00,162.1,19,2023-02-09 23:00:00+00:00,2023-02-10 23:00:00+00:00
2023-02-10 18:00:00+00:00,127.16,20,2023-02-09 23:00:00+00:00,2023-02-10 23:00:00+00:00
2023-02-10 19:00:00+00:00,111.29,21,2023-02-09 23:00:00+00:00,2023-02-10 23:00:00+00:00
2023-02-10 20:00:00+00:00,94.9,22,2023-02-09 23:00:00+00:00,2023-02-10 23:00:00+00:00
2023-02-10 21:00:00+00:00,100.0,23,2023-02-09 23:00:00+00:00,2023-02-10 23:00:00+00:00
2023-02-10 23:00:00+00:00,120.6,1,2023-02-10 23:00:00+00:00,2023-02-11 23:00:00+00:00
2023-02-11 00:00:00+00:00,119.9,2,2023-02-10 23:00:00+00:00,2023-02-11 23:00:00+00:00
2023-02-11 01:00:00+00:00,118.24,3,2023-02-10 23:00:00+00:00,2023-02-11 23:00:00+00:00
2023-02-11 02:00:00+00:00,118.28,4,2023-02-10 23:00:00+00:00,2023-02-11 23:00:00+00:00
2023-02-11 03:00:00+00:00,111.95,5,2023-02-10 23:00:00+00:00,2023-02-11 23:00:00+00:00
2023-02-11 04:00:00+00:00,102.74,6,2023-02-10 23:00:00+00:00,2023-02-11 23:00:00+00:00
2023-02-11 05:00:00+00:00,119.98,7,2023-02-10 23:00:00+00:00,2023-02-11 23:00:00+00:00
2023-02-11 06:00:00+00:00,127.3,8,2023-02-10 23:00:00+00:00,2023-02-11 23:00:00+00:00
2023-02-11 07:00:00+00:00,150.1,9,2023-02-10 23:00:00+00:00,2023-02-11 23:00:00+00:00
2023-02-11 08:00:00+00:00,149.94,10,2023-02-10 23:00:00+00:00,2023-02-11 23:00:00+00:00
2023-02-11 09:00:00+00:00,130.1,11,2023-02-10 23:00:00+00:00,2023-02-11 23:00:00+00:00
2023-02-11 10:00:00+00:00,130.6,12,2023-02-10 23:00:00+00:00,2023-02-11 23:00:00+00:00
2023-02-11 11:00:00+00:00,134.3,13,2023-02-10 23:00:00+00:00,2023-02-11 23:00:00+00:00
2023-02-11 12:00:00+00:00,122.0,14,2023-02-10 23:00:00+00:00,2023-02-11 23:00:00+00:00
2023-02-11 13:00:00+00:00,140.0,15,2023-02-10 23:00:00+00:00,2023-02-11 23:00:00+00:00
2023-02-11 14:00:00+00:00,144.0,16,2023-02-10 23:00:00+00:00,2023-02-11 23:00:00+00:00
2023-02-11 15:00:00+00:00,141.1,17,2023-02-10 23:00:00+00:00,2023-02-11 23:00:00+00:00
2023-02-11 16:00:00+00:00,153.85,18,2023-02-10 23:00:00+00:00,2023-02-11 23:00:00+00:00
2023-02-11 17:00:00+00:00,182.4,19,2023-02-10 23:00:00+00:00,2023-02-11 23:00:00+00:00
2023-02-11 18:00:00+00:00,183.5,20,2023-02-10 23:00:00+00:00,2023-02-11 23:00:00+00:00
2023-02-11 19:00:00+00:00,172.94,21,2023-02-10 23:00:00+00:00,2023-02-11 23:00:00+00:00
2023-02-11 20:00:00+00:00,144.76,22,2023-02-10 23:00:00+00:00,2023-02-11 23:00:00+00:00
2023-02-11 21:00:00+00:00,147.54,23,2023-02-10 23:00:00+00:00,2023-02-11 23:00:00+00:00
2023-02-11 22:00:00+00:00,138.0,24,2023-02-10 23:00:00+00:00,2023-02-11 23:00:00+00:00
2023-02-11 23:00:00+00:00,159.46,1,2023-02-11 23:00:00+00:00,2023-02-12 23:00:00+00:00
2023-02-12 00:00:00+00:00,149.9,2,2023-02-11 23:00:00+00:00,2023-02-12 23:00:00+00:00
2023-02-12 01:00:00+00:00,132.1,3,2023-02-11 23:00:00+00:00,2023-02-12 23:00:00+00:00
2023-02-12 02:00:00+00:00,127.85,4,2023-02-11 23:00:00+00:00,2023-02-12 23:00:00+00:00
2023-02-12 03:00:00+00:00,124.02,5,2023-02-11 23:00:00+00:00,2023-02-12 23:00:00+00:00
2023-02-12 04:00:00+00:00,128.4,6,2023-02-11 23:00:00+00:00,2023-02-12 23:00:00+00:00
2023-02-12 05:00:00+00:00,128.8,7,2023-02-11 23:00:00+00:00,2023-02-12 23:00:00+00:00
2023-02-12 06:00:00+00:00,148.67,8,2023-02-11 23:00:00+00:00,2023-02-12 23:00:00+00:00
2023-02-12 07:00:00+00:00,149.4,9,2023-02-11 23:00:00+00:00,2023-02-12 23:00:00+00:00
2023-02-12 08:00:00+00:00,156.93,10,2023-02-11 23:00:00+00:00,2023-02-12 23:00:00+00:00
2023-02-12 09:00:00+00:00,145.56,11,2023-02-11 23:00:00+00:00,2023-02-12 23:00:00+00:00
2023-02-12 10:00:00+00:00,140.07,12,2023-02-11 23:00:00+00:00,2023-02-12 23:00:00+00:00
2023-02-12 11:00:00+00:00,129.89,13,2023-02-11 23:00:00+00:00,2023-02-12 23:00:00+00:00
2023-02-12 12:00:00+00:00,120.0,14,2023-02-11 23:00:00+00:00,2023-02-12 23:00:00+00:00
2023-02-12 14:00:00+00:00,124.63,16,2023-02-11 23:00:00+00:00,2023-02-12 23:00:00+00:00
2023-02-12 15:00:00+00:00,135.16,17,2023-02-11 23:00:00+00:00,2023-02-12 23:00:00+00:00
2023-02-12 16:00:00+00:00,158.54,18,2023-02-11 23:00:00+00:00,2023-02-12 23:00:00+00:00
2023-02-12 17:00:00+00:00,185.66,19,2023-02-11 23:00:00+00:00,2023-02-12 23:00:00+00:00
2023-02-12 18:00:00+00:00,167.32,20,2023-02-11 23:00:00+00:00,2023-02-12 23:00:00+00:00
2023-02-12 19:00:00+00:00,156.38,21,2023-02-11 23:00:00+00:00,2023-02-12 23:00:00+00:00
2023-02-12 20:00:00+00:00,142.32,22,2023-02-11 23:00:00+00:00,2023-02-12 23:00:00+00:00
2023-02-12 21:00:00+00:00,151.39,23,2023-02-11 23:00:00+00:00,2023-02-12 23:00:00+00:00
2023-02-12 22:00:00+00:00,131.4,24,2023-02-11 23:00:00+00:00,2023-02-12 23:00:00+00:00
2023-02-12 23:00:00+00:00,138.64,1,2023-02-12 23:00:00+00:00,2023-02-13 23:00:00+00:00
2023-02-13 00:00:00+00:00,135.3,2,2023-02-12 23:00:00+00:00,2023-02-13 23:00:00+00:00
2023-02-13 01:00:00+00:00,134.04,3,2023-02-12 23:00:00+00:00,2023-02-13 23:00:00+00:00
2023-02-13 02:00:00+00:00,129.04,4,2023-02-12 23:00:00+00:00,2023-02-13 23:00:00+00:00
2023-02-13 03:00:00+00:00,130.84,5,2023-02-12 23:00:00+00:00,2023-02-13 23:00:00+00:00
2023-02-13 04:00:00+00:00,137.37,6,2023-02-12 23:00:00+00:00,2023-02-13 23:00:00+00:00
2023-02-13 05:00:00+00:00,163.19,7,2023-02-12 23:00:00+00:00,2023-02-13 23:00:00+00:00
2023-02-13 06:00:00+00:00,196.08,8,2023-02-12 23:00:00+00:00,2023-02-13 23:00:00+00:00
2023-02-13 07:00:00+00:00,202.2,9,2023-02-12 23:00:00+00:00,2023-02-13 23:00:00+00:00
2023-02-13 08:00:00+00:00,196.2,10,2023-02-12 23:00:00+00:00,2023-02-13 23:00:00+00:00
2023-02-13 09:00:00+00:00,173.35,11,2023-02-12 23:00:00+00:00,2023-02-13 23:00:00+00:00
2023-02-13 10:00:00+00:00,141.0,12,2023-02-12 23:00:00+00:00,2023-02-13 23:00:00+00:00
2023-02-13 11:00:00+00:00,123.1,13,2023-02-12 23:00:00+00:00,2023-02-13 23:00:00+00:00
2023-02-13 12:00:00+00:00,120.0,14,2023-02-12 23:00:00+00:00,2023-02-13 23:00:00+00:00
2023-02-13 14:00:00+00:00,121.0,16,2023-02-12 23:00:00+00:00,2023-02-13 23:00:00+00:00
2023-02-13 15:00:00+00:00,150.23,17,2023-02-12 23:00:00+00:00,2023-02-13 23:00:00+00:00
2023-02-13 16:00:00+00:00,188.06,18,2023-02-12 23:00:00+00:00,2023-02-13 23:00:00+00:00
2023-02-13 17:00:00+00:00,221.8,19,2023-02-12 23:00:00+00:00,2023-02-13 23:00:00+00:00
2023-02-13 18:00:00+00:00,206.6,20,2023-02-12 23:00:00+00:00,2023-02-13 23:00:00+00:00
2023-02-13 19:00:00+00:00,187.86,21,2023-02-12 23:00:00+00:00,2023-02-13 23:00:00+00:00
2023-02-13 20:00:00+00:00,168.92,22,2023-02-12 23:00:00+00:00,2023-02-13 23:00:00+00:00
2023-02-13 21:00:00+00:00,160.97,23,2023-02-12 23:00:00+00:00,2023-02-13 23:00:00+00:00
2023-02-13 22:00:00+00:00,150.12,24,2023-02-12 23:00:00+00:00,2023-02-13 23:00:00+00:00
2023-02-13 23:00:00+00:00,135.62,1,2023-02-13 23:00:00+00:00,2023-02-14 23:00:00+00:00
2023-02-14 00:00:00+00:00,132.32,2,2023-02-13 23:00:00+00:00,2023-02-14 23:00:00+00:00
2023-02-14 01:00:00+00:00,132.16,3,2023-02-13 23:00:00+00:00,2023-02-14 23:00:00+00:00
2023-02-14 02:00:00+00:00,132.12,4,2023-02-13 23:00:00+00:00,2023-02-14 23:00:00+00:00
2023-02-14 03:00:00+00:00,132.32,5,2023-02-13 23:00:00+00:00,2023-02-14 23:00:00+00:00
2023-02-14 04:00:00+00:00,141.93,6,2023-02-13 23:00:00+00:00,2023-02-14 23:00:00+00:00
2023-02-14 05:00:00+00:00,156.7,7,2023-02-13 23:00:00+00:00,2023-02-14 23:00:00+00:00
2023-02-14 06:00:00+00:00,199.99,8,2023-02-13 23:00:00+00:00,2023-02-14 23:00:00+00:00
2023-02-14 07:00:00+00:00,206.98,9,2023-02-13 23:00:00+00:00,2023-02-14 23:00:00+00:00
2023-02-14 08:00:00+00:00,180.6,10,2023-02-13 23:00:00+00:00,2023-02-14 23:00:00+00:00
2023-02-14 09:00:00+00:00,125.69,11,2023-02-13 23:00:00+00:00,2023-02-14 23:00:00+00:00
2023-02-14 10:00:00+00:00,125.18,12,2023-02-13 23:00:00+00:00,2023-02-14 23:00:00+00:00
2023-02-14 11:00:00+00:00,130.0,13,2023-02-13 23:00:00+00:00,2023-02-14 23:00:00+00:00
2023-02-14 12:00:00+00:00,122.98,14,2023-02-13 23:00:00+00:00,2023-02-14 23:00:00+00:00
2023-02-14 13:00:00+00:00,126.04,15,2023-02-13 23:00:00+00:00,2023-02-14 23:00:00+00:00
2023-02-14 14:00:00+00:00,121.43,16,2023-02-13 23:00:00+00:00,2023-02-14 23:00:00+00:00
2023-02-14 15:00:00+00:00,146.97,17,2023-02-13 23:00:00+00:00,2023-02-14 23:00:00+00:00
2023-02-14 16:00:00+00:00,180.8,18,2023-02-13 23:00:00+00:00,2023-02-14 23:00:00+00:00
2023-02-14 17:00:00+00:00,199.99,19,2023-02-13 23:00:00+00:00,2023-02-14 23:00:00+00:00
2023-02-14 18:00:00+00:00,192.97,20,2023-02-13 23:00:00+00:00,2023-02-14 23:00:00+00:00
2023-02-14 19:00:00+00:00,175.81,21,2023-02-13 23:00:00+00:00,2023-02-14 23:00:00+00:00
2023-02-14 20:00:00+00:00,160.09,22,2023-02-13 23:00:00+00:00,2023-02-14 23:00:00+00:00
2023-02-14 21:00:00+00:00,151.03,23,2023-02-13 23:00:00+00:00,2023-02-14 23:00:00+00:00
2023-02-14 22:00:00+00:00,141.73,24,2023-02-13 23:00:00+00:00,2023-02-14 23:00:00+00:00
2023-02-14 23:00:00+00:00,134.74,1,2023-02-14 23:00:00+00:00,2023-02-15 23:00:00+00:00
2023-02-15 00:00:00+00:00,130.95,2,2023-02-14 23:00:00+00:00,2023-02-15 23:00:00+00:00
2023-02-15 01:00:00+00:00,130.0,3,2023-02-14 23:00:00+00:00,2023-02-15 23:00:00+00:00
2023-02-15 02:00:00+00:00,130.01,4,2023-02-14 23:00:00+00:00,2023-02-15 23:00:00+00:00
2023-02-15 03:00:00+00:00,125.8,5,2023-02-14 23:00:00+00:00,2023-02-15 23:00:00+00:00
2023-02-15 04:00:00+00:00,132.4,6,2023-02-14 23:00:00+00:00,2023-02-15 23:00:00+00:00
2023-02-15 05:00:00+00:00,132.8,7,2023-02-14 23:00:00+00:00,2023-02-15 23:00:00+00:00
2023-02-15 06:00:00+00:00,185.0,8,2023-02-14 23:00:00+00:00,2023-02-15 23:00:00+00:00
2023-02-15 07:00:00+00:00,188.76,9,2023-02-14 23:00:00+00:00,2023-02-15 23:00:00+00:00
2023-02-15 08:00:00+00:00,171.22,10,2023-02-14 23:00:00+00:00,2023-02-15 23:00:00+00:00
2023-02-15 09:00:00+00:00,146.35,11,2023-02-14 23:00:00+00:00,2023-02-15 23:00:00+00:00
2023-02-15 10:00:00+00:00,124.65,12,2023-02-14 23:00:00+00:00,2023-02-15 23:00:00+00:00
2023-02-15 11:00:00+00:00,117.28,13,2023-02-14 23:00:00+00:00,2023-02-15 23:00:00+00:00
2023-02-15 12:00:00+00:00,116.6,14,2023-02-14 23:00:00+00:00,2023-02-15 23:00:00+00:00
2023-02-15 13:00:00+00:00,120.47,15,2023-02-14 23:00:00+00:00,2023-02-15 23:00:00+00:00
2023-02-15 14:00:00+00:00,120.0,16,2023-02-14 23:00:00+00:00,2023-02-15 23:00:00+00:00
2023-02-15 15:00:00+00:00,142.78,17,2023-02-14 23:00:00+00:00,2023-02-15 23:00:00+00:00
2023-02-15 16:00:00+00:00,159.23,18,2023-02-14 23:00:00+00:00,2023-02-15 23:00:00+00:00
2023-02-15 17:00:00+00:00,174.22,19,2023-02-14 23:00:00+00:00,2023-02-15 23:00:00+00:00
2023-02-15 18:00:00+00:00,159.21,20,2023-02-14 23:00:00+00:00,2023-02-15 23:00:00+00:00
2023-02-15 19:00:00+00:00,120.1,21,2023-02-14 23:00:00+00:00,2023-02-15 23:00:00+00:00
2023-02-15 20:00:00+00:00,119.4,22,2023-02-14 23:00:00+00:00,2023-02-15 23:00:00+00:00
2023-02-15 21:00:00+00:00,116.7,23,2023-02-14 23:00:00+00:00,2023-02-15 23:00:00+00:00
2023-02-15 22:00:00+00:00,105.1,24,2023-02-14 23:00:00+00:00,2023-02-15 23:00:00+00:00
2023-02-15 23:00:00+00:00,91.02,1,2023-02-15 23:00:00+00:00,2023-02-16 23:00:00+00:00
2023-02-16 00:00:00+00:00,102.07,2,2023-02-15 23:00:00+00:00,2023-02-16 23:00:00+00:00
2023-02-16 01:00:00+00:00,107.9,3,2023-02-15 23:00:00+00:00,2023-02-16 23:00:00+00:00
2023-02-16 02:00:00+00:00,102.03,4,2023-02-15 23:00:00+00:00,2023-02-16 23:00:00+00:00
2023-02-16 03:00:00+00:00,106.79,5,2023-02-15 23:00:00+00:00,2023-02-16 23:00:00+00:00
2023-02-16 04:00:00+00:00,117.7,6,2023-02-15 23:00:00+00:00,2023-02-16 23:00:00+00:00
2023-02-16 05:00:00+00:00,139.9,7,2023-02-15 23:00:00+00:00,2023-02-16 23:00:00+00:00
2023-02-16 06:00:00+00:00,166.61,8,2023-02-15 23:00:00+00:00,2023-02-16 23:00:00+00:00
2023-02-16 07:00:00+00:00,175.41,9,2023-02-15 23:00:00+00:00,2023-02-16 23:00:00+00:00
2023-02-16 08:00:00+00:00,168.13,10,2023-02-15 23:00:00+00:00,2023-02-16 23:00:00+00:00
2023-02-16 09:00:00+00:00,154.38,11,2023-02-15 23:00:00+00:00,2023-02-16 23:00:00+00:00
2023-02-16 10:00:00+00:00,142.15,12,2023-02-15 23:00:00+00:00,2023-02-16 23:00:00+00:00
2023-02-16 11:00:00+00:00,127.77,13,2023-02-15 23:00:00+00:00,2023-02-16 23:00:00+00:00
2023-02-16 12:00:00+00:00,120.27,14,2023-02-15 23:00:00+00:00,2023-02-16 23:00:00+00:00
2023-02-16 13:00:00+00:00,127.93,15,2023-02-15 23:00:00+00:00,2023-02-16 23:00:00+00:00
2023-02-16 14:00:00+00:00,134.95,16,2023-02-15 23:00:00+00:00,2023-02-16 23:00:00+00:00
2023-02-16 15:00:00+00:00,140.96,17,2023-02-15 23:00:00+00:00,2023-02-16 23:00:00+00:00
2023-02-16 16:00:00+00:00,166.0,18,2023-02-15 23:00:00+00:00,2023-02-16 23:00:00+00:00
2023-02-16 17:00:00+00:00,166.53,19,2023-02-15 23:00:00+00:00,2023-02-16 23:00:00+00:00
2023-02-16 18:00:00+00:00,154.65,20,2023-02-15 23:00:00+00:00,2023-02-16 23:00:00+00:00
2023-02-16 19:00:00+00:00,129.9,21,2023-02-15 23:00:00+00:00,2023-02-16 23:00:00+00:00
2023-02-16 20:00:00+00:00,131.14,22,2023-02-15 23:00:00+00:00,2023-02-16 23:00:00+00:00
2023-02-16 21:00:00+00:00,124.5,23,2023-02-15 23:00:00+00:00,2023-02-16 23:00:00+00:00
2023-02-16 22:00:00+00:00,111.61,24,2023-02-15 23:00:00+00:00,2023-02-16 23:00:00+00:00
2023-02-16 23:00:00+00:00,104.09,1,2023-02-16 23:00:00+00:00,2023-02-17 23:00:00+00:00
2023-02-17 00:00:00+00:00,98.52,2,2023-02-16 23:00:00+00:00,2023-02-17 23:00:00+00:00
2023-02-17 01:00:00+00:00,92.74,3,2023-02-16 23:00:00+00:00,2023-02-17 23:00:00+00:00
2023-02-17 02:00:00+00:00,86.31,4,2023-02-16 23:00:00+00:00,2023-02-17 23:00:00+00:00
2023-02-17 03:00:00+00:00,81.27,5,2023-02-16 23:00:00+00:00,2023-02-17 23:00:00+00:00
2023-02-17 04:00:00+00:00,85.95,6,2023-02-16 23:00:00+00:00,2023-02-17 23:00:00+00:00
2023-02-17 05:00:00+00:00,100.0,7,2023-02-16 23:00:00+00:00,2023-02-17 23:00:00+00:00
2023-02-17 06:00:00+00:00,120.1,8,2023-02-16 23:00:00+00:00,2023-02-17 23:00:00+00:00
2023-02-17 07:00:00+00:00,129.9,9,2023-02-16 23:00:00+00:00,2023-02-17 23:00:00+00:00
2023-02-17 08:00:00+00:00,113.8,10,2023-02-16 23:00:00+00:00,2023-02-17 23:00:00+00:00
2023-02-17 09:00:00+00:00,109.4,11,2023-02-16 23:00:00+00:00,2023-02-17 23:00:00+00:00
2023-02-17 11:00:00+00:00,105.66,13,2023-02-16 23:00:00+00:00,2023-02-17 23:00:00+00:00
2023-02-17 12:00:00+00:00,89.41,14,2023-02-16 23:00:00+00:00,2023-02-17 23:00:00+00:00
2023-02-17 13:00:00+00:00,82.56,15,2023-02-16 23:00:00+00:00,2023-02-17 23:00:00+00:00
2023-02-17 14:00:00+00:00,95.0,16,2023-02-16 23:00:00+00:00,2023-02-17 23:00:00+00:00
2023-02-17 15:00:00+00:00,100.0,17,2023-02-16 23:00:00+00:00,2023-02-17 23:00:00+00:00
2023-02-17 16:00:00+00:00,115.0,18,2023-02-16 23:00:00+00:00,2023-02-17 23:00:00+00:00
2023-02-17 17:00:00+00:00,130.0,19,2023-02-16 23:00:00+00:00,2023-02-17 23:00:00+00:00
2023-02-17 18:00:00+00:00,125.56,20,2023-02-16 23:00:00+00:00,2023-02-17 23:00:00+00:00
2023-02-17 19:00:00+00:00,120.0,21,2023-02-16 23:00:00+00:00,2023-02-17 23:00:00+00:00
2023-02-17 20:00:00+00:00,109.4,22,2023-02-16 23:00:00+00:00,2023-02-17 23:00:00+00:00
2023-02-17 21:00:00+00:00,117.0,23,2023-02-16 23:00:00+00:00,2023-02-17 23:00:00+00:00
2023-02-17 22:00:00+00:00,101.79,24,2023-02-16 23:00:00+00:00,2023-02-17 23:00:00+00:00
2023-02-17 23:00:00+00:00,110.0,1,2023-02-17 23:00:00+00:00,2023-02-18 23:00:00+00:00
2023-02-18 00:00:00+00:00,70.1,2,2023-02-17 23:00:00+00:00,2023-02-18 23:00:00+00:00
2023-02-18 01:00:00+00:00,60.0,3,2023-02-17 23:00:00+00:00,2023-02-18 23:00:00+00:00
2023-02-18 02:00:00+00:00,59.33,4,2023-02-17 23:00:00+00:00,2023-02-18 23:00:00+00:00
2023-02-18 03:00:00+00:00,67.14,5,2023-02-17 23:00:00+00:00,2023-02-18 23:00:00+00:00
2023-02-18 04:00:00+00:00,70.1,6,2023-02-17 23:00:00+00:00,2023-02-18 23:00:00+00:00
2023-02-18 05:00:00+00:00,82.26,7,2023-02-17 23:00:00+00:00,2023-02-18 23:00:00+00:00
2023-02-18 06:00:00+00:00,91.14,8,2023-02-17 23:00:00+00:00,2023-02-18 23:00:00+00:00
2023-02-18 07:00:00+00:00,109.66,9,2023-02-17 23:00:00+00:00,2023-02-18 23:00:00+00:00
2023-02-18 08:00:00+00:00,118.2,10,2023-02-17 23:00:00+00:00,2023-02-18 23:00:00+00:00
2023-02-18 09:00:00+00:00,108.23,11,2023-02-17 23:00:00+00:00,2023-02-18 23:00:00+00:00
2023-02-18 10:00:00+00:00,103.27,12,2023-02-17 23:00:00+00:00,2023-02-18 23:00:00+00:00
2023-02-18 11:00:00+00:00,94.75,13,2023-02-17 23:00:00+00:00,2023-02-18 23:00:00+00:00
2023-02-18 12:00:00+00:00,83.01,14,2023-02-17 23:00:00+00:00,2023-02-18 23:00:00+00:00
2023-02-18 13:00:00+00:00,86.37,15,2023-02-17 23:00:00+00:00,2023-02-18 23:00:00+00:00
2023-02-18 14:00:00+00:00,96.68,16,2023-02-17 23:00:00+00:00,2023-02-18 23:00:00+00:00
2023-02-18 15:00:00+00:00,110.0,17,2023-02-17 23:00:00+00:00,2023-02-18 23:00:00+00:00
2023-02-18 16:00:00+00:00,128.7,18,2023-02-17 23:00:00+00:00,2023-02-18 23:00:00+00:00
2023-02-18 17:00:00+00:00,146.87,19,2023-02-17 23:00:00+00:00,2023-02-18 23:00:00+00:00
2023-02-18 18:00:00+00:00,150.46,20,2023-02-17 23:00:00+00:00,2023-02-18 23:00:00+00:00
2023-02-18 19:00:00+00:00,135.29,21,2023-02-17 23:00:00+00:00,2023-02-18 23:00:00+00:00
2023-02-18 20:00:00+00:00,120.55,22,2023-02-17 23:00:00+00:00,2023-02-18 23:00:00+00:00
2023-02-18 21:00:00+00:00,117.0,23,2023-02-17 23:00:00+00:00,2023-02-18 23:00:00+00:00
2023-02-18 22:00:00+00:00,113.68,24,2023-02-17 23:00:00+00:00,2023-02-18 23:00:00+00:00
2023-02-18 23:00:00+00:00,110.82,1,2023-02-18 23:00:00+00:00,2023-02-19 23:00:00+00:00
2023-02-19 00:00:00+00:00,105.37,2,2023-02-18 23:00:00+00:00,2023-02-19 23:00:00+00:00
2023-02-19 01:00:00+00:00,100.63,3,2023-02-18 23:00:00+00:00,2023-02-19 23:00:00+00:00
2023-02-19 02:00:00+00:00,93.0,4,2023-02-18 23:00:00+00:00,2023-02-19 23:00:00+00:00
2023-02-19 03:00:00+00:00,92.55,5,2023-02-18 23:00:00+00:00,2023-02-19 23:00:00+00:00
2023-02-19 04:00:00+00:00,97.78,6,2023-02-18 23:00:00+00:00,2023-02-19 23:00:00+00:00
2023-02-19 05:00:00+00:00,101.32,7,2023-02-18 23:00:00+00:00,2023-02-19 23:00:00+00:00
2023-02-19 06:00:00+00:00,109.96,8,2023-02-18 23:00:00+00:00,2023-02-19 23:00:00+00:00
2023-02-19 07:00:00+00:00,115.33,9,2023-02-18 23:00:00+00:00,2023-02-19 23:00:00+00:00
2023-02-19 08:00:00+00:00,118.44,10,2023-02-18 23:00:00+00:00,2023-02-19 23:00:00+00:00
2023-02-19 09:00:00+00:00,116.08,11,2023-02-18 23:00:00+00:00,2023-02-19 23:00:00+00:00
2023-02-19 10:00:00+00:00,113.7,12,2023-02-18 23:00:00+00:00,2023-02-19 23:00:00+00:00
2023-02-19 11:00:00+00:00,112.75,13,2023-02-18 23:00:00+00:00,2023-02-19 23:00:00+00:00
2023-02-19 12:00:00+00:00,115.7,14,2023-02-18 23:00:00+00:00,2023-02-19 23:00:00+00:00
2023-02-19 13:00:00+00:00,114.1,15,2023-02-18 23:00:00+00:00,2023-02-19 23:00:00+00:00
2023-02-19 14:00:00+00:00,107.66,16,2023-02-18 23:00:00+00:00,2023-02-19 23:00:00+00:00
2023-02-19 15:00:00+00:00,120.0,17,2023-02-18 23:00:00+00:00,2023-02-19 23:00:00+00:00
2023-02-19 16:00:00+00:00,141.0,18,2023-02-18 23:00:00+00:00,2023-02-19 23:00:00+00:00
2023-02-19 17:00:00+00:00,158.5,19,2023-02-18 23:00:00+00:00,2023-02-19 23:00:00+00:00
2023-02-19 18:00:00+00:00,158.18,20,2023-02-18 23:00:00+00:00,2023-02-19 23:00:00+00:00
2023-02-19 19:00:00+00:00,142.67,21,2023-02-18 23:00:00+00:00,2023-02-19 23:00:00+00:00
2023-02-19 20:00:00+00:00,134.17,22,2023-02-18 23:00:00+00:00,2023-02-19 23:00:00+00:00
2023-02-19 21:00:00+00:00,128.14,23,2023-02-18 23:00:00+00:00,2023-02-19 23:00:00+00:00
2023-02-19 22:00:00+00:00,100.6,24,2023-02-18 23:00:00+00:00,2023-02-19 23:00:00+00:00
2023-02-19 23:00:00+00:00,78.87,1,2023-02-19 23:00:00+00:00,2023-02-20 23:00:00+00:00
2023-02-20 00:00:00+00:00,64.9,2,2023-02-19 23:00:00+00:00,2023-02-20 23:00:00+00:00
2023-02-20 01:00:00+00:00,48.86,3,2023-02-19 23:00:00+00:00,2023-02-20 23:00:00+00:00
2023-02-20 02:00:00+00:00,34.0,4,2023-02-19 23:00:00+00:00,2023-02-20 23:00:00+00:00
2023-02-20 03:00:00+00:00,29.13,5,2023-02-19 23:00:00+00:00,2023-02-20 23:00:00+00:00
2023-02-20 04:00:00+00:00,38.24,6,2023-02-19 23:00:00+00:00,2023-02-20 23:00:00+00:00
2023-02-20 05:00:00+00:00,72.3,7,2023-02-19 23:00:00+00:00,2023-02-20 23:00:00+00:00
2023-02-20 06:00:00+00:00,100.0,8,2023-02-19 23:00:00+00:00,2023-02-20 23:00:00+00:00
2023-02-20 07:00:00+00:00,110.0,9,2023-02-19 23:00:00+00:00,2023-02-20 23:00:00+00:00
2023-02-20 08:00:00+00:00,111.9,10,2023-02-19 23:00:00+00:00,2023-02-20 23:00:00+00:00
2023-02-20 09:00:00+00:00,106.38,11,2023-02-19 23:00:00+00:00,2023-02-20 23:00:00+00:00
2023-02-20 10:00:00+00:00,94.0,12,2023-02-19 23:00:00+00:00,2023-02-20 23:00:00+00:00
2023-02-20 11:00:00+00:00,102.77,13,2023-02-19 23:00:00+00:00,2023-02-20 23:00:00+00:00
2023-02-20 12:00:00+00:00,84.9,14,2023-02-19 23:00:00+00:00,2023-02-20 23:00:00+00:00
2023-02-20 13:00:00+00:00,99.0,15,2023-02-19 23:00:00+00:00,2023-02-20 23:00:00+00:00
2023-02-20 14:00:00+00:00,109.0,16,2023-02-19 23:00:00+00:00,2023-02-20 23:00:00+00:00
2023-02-20 15:00:00+00:00,91.1,17,2023-02-19 23:00:00+00:00,2023-02-20 23:00:00+00:00
2023-02-20 16:00:00+00:00,129.0,18,2023-02-19 23:00:00+00:00,2023-02-20 23:00:00+00:00
2023-02-20 17:00:00+00:00,173.1,19,2023-02-19 23:00:00+00:00,2023-02-20 23:00:00+00:00
2023-02-20 18:00:00+00:00,146.0,20,2023-02-19 23:00:00+00:00,2023-02-20 23:00:00+00:00
2023-02-20 19:00:00+00:00,148.4,21,2023-02-19 23:00:00+00:00,2023-02-20 23:00:00+00:00
2023-02-20 20:00:00+00:00,130.0,22,2023-02-19 23:00:00+00:00,2023-02-20 23:00:00+00:00
2023-02-20 21:00:00+00:00,125.4,23,2023-02-19 23:00:00+00:00,2023-02-20 23:00:00+00:00
2023-02-20 22:00:00+00:00,108.8,24,2023-02-19 23:00:00+00:00,2023-02-20 23:00:00+00:00
2023-02-20 23:00:00+00:00,106.0,1,2023-02-20 23:00:00+00:00,2023-02-21 23:00:00+00:00
2023-02-21 00:00:00+00:00,108.0,2,2023-02-20 23:00:00+00:00,2023-02-21 23:00:00+00:00
2023-02-21 01:00:00+00:00,93.24,3,2023-02-20 23:00:00+00:00,2023-02-21 23:00:00+00:00
2023-02-21 02:00:00+00:00,121.5,4,2023-02-20 23:00:00+00:00,2023-02-21 23:00:00+00:00
2023-02-21 03:00:00+00:00,108.3,5,2023-02-20 23:00:00+00:00,2023-02-21 23:00:00+00:00
2023-02-21 04:00:00+00:00,99.9,6,2023-02-20 23:00:00+00:00,2023-02-21 23:00:00+00:00
2023-02-21 05:00:00+00:00,133.7,7,2023-02-20 23:00:00+00:00,2023-02-21 23:00:00+00:00
2023-02-21 06:00:00+00:00,146.88,8,2023-02-20 23:00:00+00:00,2023-02-21 23:00:00+00:00
2023-02-21 07:00:00+00:00,152.08,9,2023-02-20 23:00:00+00:00,2023-02-21 23:00:00+00:00
2023-02-21 08:00:00+00:00,167.93,10,2023-02-20 23:00:00+00:00,2023-02-21 23:00:00+00:00
2023-02-21 09:00:00+00:00,150.0,11,2023-02-20 23:00:00+00:00,2023-02-21 23:00:00+00:00
2023-02-21 10:00:00+00:00,128.52,12,2023-02-20 23:00:00+00:00,2023-02-21 23:00:00+00:00
2023-02-21 11:00:00+00:00,122.94,13,2023-02-20 23:00:00+00:00,2023-02-21 23:00:00+00:00
2023-02-21 12:00:00+00:00,120.16,14,2023-02-20 23:00:00+00:00,2023-02-21 23:00:00+00:00
2023-02-21 13:00:00+00:00,124.79,15,2023-02-20 23:00:00+00:00,2023-02-21 23:00:00+00:00
2023-02-21 14:00:00+00:00,130.56,16,2023-02-20 23:00:00+00:00,2023-02-21 23:00:00+00:00
2023-02-21 15:00:00+00:00,148.98,17,2023-02-20 23:00:00+00:00,2023-02-21 23:00:00+00:00
2023-02-21 16:00:00+00:00,164.85,18,2023-02-20 23:00:00+00:00,2023-02-21 23:00:00+00:00
2023-02-21 17:00:00+00:00,178.13,19,2023-02-20 23:00:00+00:00,2023-02-21 23:00:00+00:00
2023-02-21 18:00:00+00:00,177.1,20,2023-02-20 23:00:00+00:00,2023-02-21 23:00:00+00:00
2023-02-21 19:00:00+00:00,170.0,21,2023-02-20 23:00:00+00:00,2023-02-21 23:00:00+00:00
2023-02-21 20:00:00+00:00,158.8,22,2023-02-20 23:00:00+00:00,2023-02-21 23:00:00+00:00
2023-02-21 21:00:00+00:00,153.2,23,2023-02-20 23:00:00+00:00,2023-02-21 23:00:00+00:00
2023-02-21 22:00:00+00:00,142.58,24,2023-02-20 23:00:00+00:00,2023-02-21 23:00:00+00:00
2023-02-21 23:00:00+00:00,139.9,1,2023-02-21 23:00:00+00:00,2023-02-22 23:00:00+00:00
2023-02-22 00:00:00+00:00,125.2,2,2023-02-21 23:00:00+00:00,2023-02-22 23:00:00+00:00
2023-02-22 01:00:00+00:00,125.3,3,2023-02-21 23:00:00+00:00,2023-02-22 23:00:00+00:00
2023-02-22 02:00:00+00:00,117.28,4,2023-02-21 23:00:00+00:00,2023-02-22 23:00:00+00:00
2023-02-22 03:00:00+00:00,117.31,5,2023-02-21 23:00:00+00:00,2023-02-22 23:00:00+00:00
2023-02-22 04:00:00+00:00,116.4,6,2023-02-21 23:00:00+00:00,2023-02-22 23:00:00+00:00
2023-02-22 05:00:00+00:00,148.0,7,2023-02-21 23:00:00+00:00,2023-02-22 23:00:00+00:00
2023-02-22 06:00:00+00:00,173.13,8,2023-02-21 23:00:00+00:00,2023-02-22 23:00:00+00:00
2023-02-22 07:00:00+00:00,176.34,9,2023-02-21 23:00:00+00:00,2023-02-22 23:00:00+00:00
2023-02-22 08:00:00+00:00,164.55,10,2023-02-21 23:00:00+00:00,2023-02-22 23:00:00+00:00
2023-02-22 09:00:00+00:00,151.24,11,2023-02-21 23:00:00+00:00,2023-02-22 23:00:00+00:00
2023-02-22 10:00:00+00:00,123.96,12,2023-02-21 23:00:00+00:00,2023-02-22 23:00:00+00:00
2023-02-22 11:00:00+00:00,118.67,13,2023-02-21 23:00:00+00:00,2023-02-22 23:00:00+00:00
2023-02-22 12:00:00+00:00,126.0,14,2023-02-21 23:00:00+00:00,2023-02-22 23:00:00+00:00
2023-02-22 13:00:00+00:00,136.0,15,2023-02-21 23:00:00+00:00,2023-02-22 23:00:00+00:00
2023-02-22 14:00:00+00:00,150.9,16,2023-02-21 23:00:00+00:00,2023-02-22 23:00:00+00:00
2023-02-22 15:00:00+00:00,156.95,17,2023-02-21 23:00:00+00:00,2023-02-22 23:00:00+00:00
2023-02-22 16:00:00+00:00,165.01,18,2023-02-21 23:00:00+00:00,2023-02-22 23:00:00+00:00
2023-02-22 17:00:00+00:00,175.0,19,2023-02-21 23:00:00+00:00,2023-02-22 23:00:00+00:00
2023-02-22 18:00:00+00:00,172.73,20,2023-02-21 23:00:00+00:00,2023-02-22 23:00:00+00:00
2023-02-22 19:00:00+00:00,162.06,21,2023-02-21 23:00:00+00:00,2023-02-22 23:00:00+00:00
2023-02-22 20:00:00+00:00,154.02,22,2023-02-21 23:00:00+00:00,2023-02-22 23:00:00+00:00
2023-02-22 21:00:00+00:00,144.84,23,2023-02-21 23:00:00+00:00,2023-02-22 23:00:00+00:00
2023-02-22 22:00:00+00:00,134.45,24,2023-02-21 23:00:00+00:00,2023-02-22 23:00:00+00:00
2023-02-22 23:00:00+00:00,134.67,1,2023-02-22 23:00:00+00:00,2023-02-23 23:00:00+00:00
2023-02-23 00:00:00+00:00,131.39,2,2023-02-22 23:00:00+00:00,2023-02-23 23:00:00+00:00
2023-02-23 01:00:00+00:00,128.99,3,2023-02-22 23:00:00+00:00,2023-02-23 23:00:00+00:00
2023-02-23 02:00:00+00:00,124.78,4,2023-02-22 23:00:00+00:00,2023-02-23 23:00:00+00:00
2023-02-23 03:00:00+00:00,125.18,5,2023-02-22 23:00:00+00:00,2023-02-23 23:00:00+00:00
2023-02-23 04:00:00+00:00,129.93,6,2023-02-22 23:00:00+00:00,2023-02-23 23:00:00+00:00
2023-02-23 05:00:00+00:00,153.98,7,2023-02-22 23:00:00+00:00,2023-02-23 23:00:00+00:00
2023-02-23 06:00:00+00:00,170.0,8,2023-02-22 23:00:00+00:00,2023-02-23 23:00:00+00:00
2023-02-23 07:00:00+00:00,178.06,9,2023-02-22 23:00:00+00:00,2023-02-23 23:00:00+00:00
2023-02-23 08:00:00+00:00,163.96,10,2023-02-22 23:00:00+00:00,2023-02-23 23:00:00+00:00
2023-02-23 09:00:00+00:00,139.9,11,2023-02-22 23:00:00+00:00,2023-02-23 23:00:00+00:00
2023-02-23 10:00:00+00:00,130.0,12,2023-02-22 23:00:00+00:00,2023-02-23 23:00:00+00:00
2023-02-23 11:00:00+00:00,131.75,13,2023-02-22 23:00:00+00:00,2023-02-23 23:00:00+00:00
2023-02-23 12:00:00+00:00,124.23,14,2023-02-22 23:00:00+00:00,2023-02-23 23:00:00+00:00
2023-02-23 13:00:00+00:00,128.97,15,2023-02-22 23:00:00+00:00,2023-02-23 23:00:00+00:00
2023-02-23 14:00:00+00:00,118.0,16,2023-02-22 23:00:00+00:00,2023-02-23 23:00:00+00:00
2023-02-23 15:00:00+00:00,127.55,17,2023-02-22 23:00:00+00:00,2023-02-23 23:00:00+00:00
2023-02-23 16:00:00+00:00,151.89,18,2023-02-22 23:00:00+00:00,2023-02-23 23:00:00+00:00
2023-02-23 17:00:00+00:00,165.22,19,2023-02-22 23:00:00+00:00,2023-02-23 23:00:00+00:00
2023-02-23 18:00:00+00:00,165.0,20,2023-02-22 23:00:00+00:00,2023-02-23 23:00:00+00:00
2023-02-23 19:00:00+00:00,149.9,21,2023-02-22 23:00:00+00:00,2023-02-23 23:00:00+00:00
2023-02-23 20:00:00+00:00,151.14,22,2023-02-22 23:00:00+00:00,2023-02-23 23:00:00+00:00
2023-02-23 21:00:00+00:00,141.5,23,2023-02-22 23:00:00+00:00,2023-02-23 23:00:00+00:00
2023-02-23 22:00:00+00:00,132.94,24,2023-02-22 23:00:00+00:00,2023-02-23 23:00:00+00:00
2023-02-23 23:00:00+00:00,133.65,1,2023-02-23 23:00:00+00:00,2023-02-24 23:00:00+00:00
2023-02-24 00:00:00+00:00,153.0,2,2023-02-23 23:00:00+00:00,2023-02-24 23:00:00+00:00
2023-02-24 01:00:00+00:00,125.8,3,2023-02-23 23:00:00+00:00,2023-02-24 23:00:00+00:00
2023-02-24 02:00:00+00:00,128.96,4,2023-02-23 23:00:00+00:00,2023-02-24 23:00:00+00:00
2023-02-24 03:00:00+00:00,117.55,5,2023-02-23 23:00:00+00:00,2023-02-24 23:00:00+00:00
2023-02-24 04:00:00+00:00,110.62,6,2023-02-23 23:00:00+00:00,2023-02-24 23:00:00+00:00
2023-02-24 05:00:00+00:00,120.0,7,2023-02-23 23:00:00+00:00,2023-02-24 23:00:00+00:00
2023-02-24 06:00:00+00:00,144.0,8,2023-02-23 23:00:00+00:00,2023-02-24 23:00:00+00:00
2023-02-24 07:00:00+00:00,171.0,9,2023-02-23 23:00:00+00:00,2023-02-24 23:00:00+00:00
2023-02-24 08:00:00+00:00,168.6,10,2023-02-23 23:00:00+00:00,2023-02-24 23:00:00+00:00
2023-02-24 09:00:00+00:00,150.1,11,2023-02-23 23:00:00+00:00,2023-02-24 23:00:00+00:00
2023-02-24 10:00:00+00:00,135.74,12,2023-02-23 23:00:00+00:00,2023-02-24 23:00:00+00:00
2023-02-24 11:00:00+00:00,125.96,13,2023-02-23 23:00:00+00:00,2023-02-24 23:00:00+00:00
2023-02-24 12:00:00+00:00,120.0,14,2023-02-23 23:00:00+00:00,2023-02-24 23:00:00+00:00
2023-02-24 13:00:00+00:00,108.64,15,2023-02-23 23:00:00+00:00,2023-02-24 23:00:00+00:00
2023-02-24 14:00:00+00:00,109.9,16,2023-02-23 23:00:00+00:00,2023-02-24 23:00:00+00:00
2023-02-24 15:00:00+00:00,113.2,17,2023-02-23 23:00:00+00:00,2023-02-24 23:00:00+00:00
2023-02-24 16:00:00+00:00,124.86,18,2023-02-23 23:00:00+00:00,2023-02-24 23:00:00+00:00
2023-02-24 17:00:00+00:00,150.1,19,2023-02-23 23:00:00+00:00,2023-02-24 23:00:00+00:00
2023-02-24 18:00:00+00:00,115.1,20,2023-02-23 23:00:00+00:00,2023-02-24 23:00:00+00:00
2023-02-24 19:00:00+00:00,129.9,21,2023-02-23 23:00:00+00:00,2023-02-24 23:00:00+00:00
2023-02-24 20:00:00+00:00,104.91,22,2023-02-23 23:00:00+00:00,2023-02-24 23:00:00+00:00
2023-02-24 21:00:00+00:00,107.46,23,2023-02-23 23:00:00+00:00,2023-02-24 23:00:00+00:00
2023-02-24 22:00:00+00:00,83.95,24,2023-02-23 23:00:00+00:00,2023-02-24 23:00:00+00:00
2023-02-24 23:00:00+00:00,115.02,1,2023-02-24 23:00:00+00:00,2023-02-25 23:00:00+00:00
2023-02-25 00:00:00+00:00,106.91,2,2023-02-24 23:00:00+00:00,2023-02-25 23:00:00+00:00
2023-02-25 01:00:00+00:00,103.14,3,2023-02-24 23:00:00+00:00,2023-02-25 23:00:00+00:00
2023-02-25 02:00:00+00:00,97.03,4,2023-02-24 23:00:00+00:00,2023-02-25 23:00:00+00:00
2023-02-25 03:00:00+00:00,87.0,5,2023-02-24 23:00:00+00:00,2023-02-25 23:00:00+00:00
2023-02-25 04:00:00+00:00,95.41,6,2023-02-24 23:00:00+00:00,2023-02-25 23:00:00+00:00
2023-02-25 05:00:00+00:00,100.1,7,2023-02-24 23:00:00+00:00,2023-02-25 23:00:00+00:00
2023-02-25 06:00:00+00:00,95.3,8,2023-02-24 23:00:00+00:00,2023-02-25 23:00:00+00:00
2023-02-25 07:00:00+00:00,119.9,9,2023-02-24 23:00:00+00:00,2023-02-25 23:00:00+00:00
2023-02-25 08:00:00+00:00,105.07,10,2023-02-24 23:00:00+00:00,2023-02-25 23:00:00+00:00
2023-02-25 09:00:00+00:00,74.4,11,2023-02-24 23:00:00+00:00,2023-02-25 23:00:00+00:00
2023-02-25 10:00:00+00:00,54.9,12,2023-02-24 23:00:00+00:00,2023-02-25 23:00:00+00:00
2023-02-25 11:00:00+00:00,47.35,13,2023-02-24 23:00:00+00:00,2023-02-25 23:00:00+00:00
2023-02-25 12:00:00+00:00,35.05,14,2023-02-24 23:00:00+00:00,2023-02-25 23:00:00+00:00
2023-02-25 13:00:00+00:00,52.35,15,2023-02-24 23:00:00+00:00,2023-02-25 23:00:00+00:00
2023-02-25 14:00:00+00:00,84.9,16,2023-02-24 23:00:00+00:00,2023-02-25 23:00:00+00:00
2023-02-25 15:00:00+00:00,93.9,17,2023-02-24 23:00:00+00:00,2023-02-25 23:00:00+00:00
2023-02-25 16:00:00+00:00,124.8,18,2023-02-24 23:00:00+00:00,2023-02-25 23:00:00+00:00
2023-02-25 17:00:00+00:00,172.0,19,2023-02-24 23:00:00+00:00,2023-02-25 23:00:00+00:00
2023-02-25 18:00:00+00:00,186.6,20,2023-02-24 23:00:00+00:00,2023-02-25 23:00:00+00:00
2023-02-25 19:00:00+00:00,170.0,21,2023-02-24 23:00:00+00:00,2023-02-25 23:00:00+00:00
2023-02-25 20:00:00+00:00,166.92,22,2023-02-24 23:00:00+00:00,2023-02-25 23:00:00+00:00
2023-02-25 21:00:00+00:00,149.2,23,2023-02-24 23:00:00+00:00,2023-02-25 23:00:00+00:00
2023-02-25 22:00:00+00:00,125.6,24,2023-02-24 23:00:00+00:00,2023-02-25 23:00:00+00:00
2023-02-25 23:00:00+00:00,140.1,1,2023-02-25 23:00:00+00:00,2023-02-26 23:00:00+00:00
2023-02-26 00:00:00+00:00,116.2,2,2023-02-25 23:00:00+00:00,2023-02-26 23:00:00+00:00
2023-02-26 01:00:00+00:00,119.9,3,2023-02-25 23:00:00+00:00,2023-02-26 23:00:00+00:00
2023-02-26 02:00:00+00:00,107.78,4,2023-02-25 23:00:00+00:00,2023-02-26 23:00:00+00:00
2023-02-26 03:00:00+00:00,108.26,5,2023-02-25 23:00:00+00:00,2023-02-26 23:00:00+00:00
2023-02-26 04:00:00+00:00,105.7,6,2023-02-25 23:00:00+00:00,2023-02-26 23:00:00+00:00
2023-02-26 05:00:00+00:00,107.04,7,2023-02-25 23:00:00+00:00,2023-02-26 23:00:00+00:00
2023-02-26 06:00:00+00:00,109.9,8,2023-02-25 23:00:00+00:00,2023-02-26 23:00:00+00:00
2023-02-26 07:00:00+00:00,115.27,9,2023-02-25 23:00:00+00:00,2023-02-26 23:00:00+00:00
2023-02-26 08:00:00+00:00,113.92,10,2023-02-25 23:00:00+00:00,2023-02-26 23:00:00+00:00
2023-02-26 09:00:00+00:00,96.9,11,2023-02-25 23:00:00+00:00,2023-02-26 23:00:00+00:00
2023-02-26 10:00:00+00:00,92.33,12,2023-02-25 23:00:00+00:00,2023-02-26 23:00:00+00:00
2023-02-26 11:00:00+00:00,84.14,13,2023-02-25 23:00:00+00:00,2023-02-26 23:00:00+00:00
2023-02-26 12:00:00+00:00,54.63,14,2023-02-25 23:00:00+00:00,2023-02-26 23:00:00+00:00
2023-02-26 13:00:00+00:00,54.9,15,2023-02-25 23:00:00+00:00,2023-02-26 23:00:00+00:00
2023-02-26 14:00:00+00:00,85.0,16,2023-02-25 23:00:00+00:00,2023-02-26 23:00:00+00:00
2023-02-26 15:00:00+00:00,98.92,17,2023-02-25 23:00:00+00:00,2023-02-26 23:00:00+00:00
2023-02-26 16:00:00+00:00,129.9,18,2023-02-25 23:00:00+00:00,2023-02-26 23:00:00+00:00
2023-02-26 17:00:00+00:00,153.7,19,2023-02-25 23:00:00+00:00,2023-02-26 23:00:00+00:00
2023-02-26 18:00:00+00:00,156.91,20,2023-02-25 23:00:00+00:00,2023-02-26 23:00:00+00:00
2023-02-26 19:00:00+00:00,153.64,21,2023-02-25 23:00:00+00:00,2023-02-26 23:00:00+00:00
2023-02-26 20:00:00+00:00,141.64,22,2023-02-25 23:00:00+00:00,2023-02-26 23:00:00+00:00
2023-02-26 21:00:00+00:00,138.29,23,2023-02-25 23:00:00+00:00,2023-02-26 23:00:00+00:00
2023-02-26 22:00:00+00:00,132.98,24,2023-02-25 23:00:00+00:00,2023-02-26 23:00:00+00:00
2023-02-26 23:00:00+00:00,122.83,1,2023-02-26 23:00:00+00:00,2023-02-27 23:00:00+00:00
2023-02-27 00:00:00+00:00,133.0,2,2023-02-26 23:00:00+00:00,2023-02-27 23:00:00+00:00
2023-02-27 01:00:00+00:00,132.92,3,2023-02-26 23:00:00+00:00,2023-02-27 23:00:00+00:00
2023-02-27 02:00:00+00:00,125.03,4,2023-02-26 23:00:00+00:00,2023-02-27 23:00:00+00:00
2023-02-27 03:00:00+00:00,120.07,5,2023-02-26 23:00:00+00:00,2023-02-27 23:00:00+00:00
2023-02-27 04:00:00+00:00,139.83,6,2023-02-26 23:00:00+00:00,2023-02-27 23:00:00+00:00
2023-02-27 05:00:00+00:00,152.3,7,2023-02-26 23:00:00+00:00,2023-02-27 23:00:00+00:00
2023-02-27 06:00:00+00:00,186.66,8,2023-02-26 23:00:00+00:00,2023-02-27 23:00:00+00:00
2023-02-27 07:00:00+00:00,190.25,9,2023-02-26 23:00:00+00:00,2023-02-27 23:00:00+00:00
2023-02-27 08:00:00+00:00,169.94,10,2023-02-26 23:00:00+00:00,2023-02-27 23:00:00+00:00
2023-02-27 09:00:00+00:00,128.01,11,2023-02-26 23:00:00+00:00,2023-02-27 23:00:00+00:00
2023-02-27 10:00:00+00:00,109.99,12,2023-02-26 23:00:00+00:00,2023-02-27 23:00:00+00:00
2023-02-27 11:00:00+00:00,110.0,13,2023-02-26 23:00:00+00:00,2023-02-27 23:00:00+00:00
2023-02-27 12:00:00+00:00,101.01,14,2023-02-26 23:00:00+00:00,2023-02-27 23:00:00+00:00
2023-02-27 13:00:00+00:00,104.64,15,2023-02-26 23:00:00+00:00,2023-02-27 23:00:00+00:00
2023-02-27 14:00:00+00:00,100.0,16,2023-02-26 23:00:00+00:00,2023-02-27 23:00:00+00:00
2023-02-27 15:00:00+00:00,116.36,17,2023-02-26 23:00:00+00:00,2023-02-27 23:00:00+00:00
2023-02-27 16:00:00+00:00,131.65,18,2023-02-26 23:00:00+00:00,2023-02-27 23:00:00+00:00
2023-02-27 17:00:00+00:00,188.0,19,2023-02-26 23:00:00+00:00,2023-02-27 23:00:00+00:00
2023-02-27 18:00:00+00:00,174.5,20,2023-02-26 23:00:00+00:00,2023-02-27 23:00:00+00:00
2023-02-27 19:00:00+00:00,174.49,21,2023-02-26 23:00:00+00:00,2023-02-27 23:00:00+00:00
2023-02-27 20:00:00+00:00,160.3,22,2023-02-26 23:00:00+00:00,2023-02-27 23:00:00+00:00
2023-02-27 21:00:00+00:00,153.46,23,2023-02-26 23:00:00+00:00,2023-02-27 23:00:00+00:00
2023-02-27 22:00:00+00:00,149.46,24,2023-02-26 23:00:00+00:00,2023-02-27 23:00:00+00:00
2023-02-27 23:00:00+00:00,134.0,1,2023-02-27 23:00:00+00:00,2023-02-28 23:00:00+00:00
2023-02-28 00:00:00+00:00,124.82,2,2023-02-27 23:00:00+00:00,2023-02-28 23:00:00+00:00
2023-02-28 01:00:00+00:00,123.83,3,2023-02-27 23:00:00+00:00,2023-02-28 23:00:00+00:00
2023-02-28 02:00:00+00:00,124.59,4,2023-02-27 23:00:00+00:00,2023-02-28 23:00:00+00:00
2023-02-28 03:00:00+00:00,120.1,5,2023-02-27 23:00:00+00:00,2023-02-28 23:00:00+00:00
2023-02-28 04:00:00+00:00,129.0,6,2023-02-27 23:00:00+00:00,2023-02-28 23:00:00+00:00
2023-02-28 05:00:00+00:00,161.94,7,2023-02-27 23:00:00+00:00,2023-02-28 23:00:00+00:00
2023-02-28 06:00:00+00:00,177.6,8,2023-02-27 23:00:00+00:00,2023-02-28 23:00:00+00:00
2023-02-28 07:00:00+00:00,189.28,9,2023-02-27 23:00:00+00:00,2023-02-28 23:00:00+00:00
2023-02-28 08:00:00+00:00,163.0,10,2023-02-27 23:00:00+00:00,2023-02-28 23:00:00+00:00
2023-02-28 09:00:00+00:00,120.93,11,2023-02-27 23:00:00+00:00,2023-02-28 23:00:00+00:00
2023-02-28 10:00:00+00:00,117.97,12,2023-02-27 23:00:00+00:00,2023-02-28 23:00:00+00:00
2023-02-28 11:00:00+00:00,116.71,13,2023-02-27 23:00:00+00:00,2023-02-28 23:00:00+00:00
2023-02-28 12:00:00+00:00,116.33,14,2023-02-27 23:00:00+00:00,2023-02-28 23:00:00+00:00
2023-02-28 13:00:00+00:00,116.75,15,2023-02-27 23:00:00+00:00,2023-02-28 23:00:00+00:00
2023-02-28 14:00:00+00:00,130.0,16,2023-02-27 23:00:00+00:00,2023-02-28 23:00:00+00:00
2023-02-28 15:00:00+00:00,132.0,17,2023-02-27 23:00:00+00:00,2023-02-28 23:00:00+00:00
2023-02-28 16:00:00+00:00,173.13,18,2023-02-27 23:00:00+00:00,2023-02-28 23:00:00+00:00
2023-02-28 17:00:00+00:00,193.87,19,2023-02-27 23:00:00+00:00,2023-02-28 23:00:00+00:00
2023-02-28 18:00:00+00:00,192.46,20,2023-02-27 23:00:00+00:00,2023-02-28 23:00:00+00:00
2023-02-28 19:00:00+00:00,174.73,21,2023-02-27 23:00:00+00:00,2023-02-28 23:00:00+00:00
2023-02-28 20:00:00+00:00,153.88,22,2023-02-27 23:00:00+00:00,2023-02-28 23:00:00+00:00
2023-02-28 21:00:00+00:00,150.49,23,2023-02-27 23:00:00+00:00,2023-02-28 23:00:00+00:00
2023-02-28 22:00:00+00:00,129.9,24,2023-02-27 23:00:00+00:00,2023-02-28 23:00:00+00:00
2023-02-28 23:00:00+00:00,125.23,1,2023-02-28 23:00:00+00:00,2023-03-01 23:00:00+00:00
2023-02-28 23:00:00+00:00,125.23,1,2023-02-28 23:00:00+00:00,2023-03-01 23:00:00+00:00
2023-03-01 00:00:00+00:00,119.9,2,2023-02-28 23:00:00+00:00,2023-03-01 23:00:00+00:00
2023-03-01 00:00:00+00:00,119.9,2,2023-02-28 23:00:00+00:00,2023-03-01 23:00:00+00:00
2023-03-01 01:00:00+00:00,124.96,3,2023-02-28 23:00:00+00:00,2023-03-01 23:00:00+00:00
2023-03-01 01:00:00+00:00,124.96,3,2023-02-28 23:00:00+00:00,2023-03-01 23:00:00+00:00
2023-03-01 02:00:00+00:00,116.31,4,2023-02-28 23:00:00+00:00,2023-03-01 23:00:00+00:00
2023-03-01 02:00:00+00:00,116.31,4,2023-02-28 23:00:00+00:00,2023-03-01 23:00:00+00:00
2023-03-01 03:00:00+00:00,130.0,5,2023-02-28 23:00:00+00:00,2023-03-01 23:00:00+00:00
2023-03-01 03:00:00+00:00,130.0,5,2023-02-28 23:00:00+00:00,2023-03-01 23:00:00+00:00
2023-03-01 04:00:00+00:00,136.0,6,2023-02-28 23:00:00+00:00,2023-03-01 23:00:00+00:00
2023-03-01 04:00:00+00:00,136.0,6,2023-02-28 23:00:00+00:00,2023-03-01 23:00:00+00:00
2023-03-01 05:00:00+00:00,160.0,7,2023-02-28 23:00:00+00:00,2023-03-01 23:00:00+00:00
2023-03-01 05:00:00+00:00,160.0,7,2023-02-28 23:00:00+00:00,2023-03-01 23:00:00+00:00
2023-03-01 06:00:00+00:00,180.71,8,2023-02-28 23:00:00+00:00,2023-03-01 23:00:00+00:00
2023-03-01 06:00:00+00:00,180.71,8,2023-02-28 23:00:00+00:00,2023-03-01 23:00:00+00:00
2023-03-01 07:00:00+00:00,186.03,9,2023-02-28 23:00:00+00:00,2023-03-01 23:00:00+00:00
2023-03-01 07:00:00+00:00,186.03,9,2023-02-28 23:00:00+00:00,2023-03-01 23:00:00+00:00
2023-03-01 08:00:00+00:00,152.9,10,2023-02-28 23:00:00+00:00,2023-03-01 23:00:00+00:00
2023-03-01 08:00:00+00:00,152.9,10,2023-02-28 23:00:00+00:00,2023-03-01 23:00:00+00:00
2023-03-01 09:00:00+00:00,116.6,11,2023-02-28 23:00:00+00:00,2023-03-01 23:00:00+00:00
2023-03-01 09:00:00+00:00,116.6,11,2023-02-28 23:00:00+00:00,2023-03-01 23:00:00+00:00
2023-03-01 11:00:00+00:00,113.96,13,2023-02-28 23:00:00+00:00,2023-03-01 23:00:00+00:00
2023-03-01 11:00:00+00:00,113.96,13,2023-02-28 23:00:00+00:00,2023-03-01 23:00:00+00:00
2023-03-01 12:00:00+00:00,107.72,14,2023-02-28 23:00:00+00:00,2023-03-01 23:00:00+00:00
2023-03-01 12:00:00+00:00,107.72,14,2023-02-28 23:00:00+00:00,2023-03-01 23:00:00+00:00
2023-03-01 13:00:00+00:00,108.0,15,2023-02-28 23:00:00+00:00,2023-03-01 23:00:00+00:00
2023-03-01 13:00:00+00:00,108.0,15,2023-02-28 23:00:00+00:00,2023-03-01 23:00:00+00:00
2023-03-01 14:00:00+00:00,119.86,16,2023-02-28 23:00:00+00:00,2023-03-01 23:00:00+00:00
2023-03-01 14:00:00+00:00,119.86,16,2023-02-28 23:00:00+00:00,2023-03-01 23:00:00+00:00
2023-03-01 15:00:00+00:00,127.58,17,2023-02-28 23:00:00+00:00,2023-03-01 23:00:00+00:00
2023-03-01 15:00:00+00:00,127.58,17,2023-02-28 23:00:00+00:00,2023-03-01 23:00:00+00:00
2023-03-01 16:00:00+00:00,144.32,18,2023-02-28 23:00:00+00:00,2023-03-01 23:00:00+00:00
2023-03-01 16:00:00+00:00,144.32,18,2023-02-28 23:00:00+00:00,2023-03-01 23:00:00+00:00
2023-03-01 17:00:00+00:00,182.18,19,2023-02-28 23:00:00+00:00,2023-03-01 23:00:00+00:00
2023-03-01 17:00:00+00:00,182.18,19,2023-02-28 23:00:00+00:00,2023-03-01 23:00:00+00:00
2023-03-01 18:00:00+00:00,176.44,20,2023-02-28 23:00:00+00:00,2023-03-01 23:00:00+00:00
2023-03-01 18:00:00+00:00,176.44,20,2023-02-28 23:00:00+00:00,2023-03-01 23:00:00+00:00
2023-03-01 19:00:00+00:00,153.84,21,2023-02-28 23:00:00+00:00,2023-03-01 23:00:00+00:00
2023-03-01 19:00:00+00:00,153.84,21,2023-02-28 23:00:00+00:00,2023-03-01 23:00:00+00:00
2023-03-01 20:00:00+00:00,140.65,22,2023-02-28 23:00:00+00:00,2023-03-01 23:00:00+00:00
2023-03-01 20:00:00+00:00,140.65,22,2023-02-28 23:00:00+00:00,2023-03-01 23:00:00+00:00
2023-03-01 21:00:00+00:00,130.0,23,2023-02-28 23:00:00+00:00,2023-03-01 23:00:00+00:00
2023-03-01 21:00:00+00:00,130.0,23,2023-02-28 23:00:00+00:00,2023-03-01 23:00:00+00:00
2023-03-01 22:00:00+00:00,125.5,24,2023-02-28 23:00:00+00:00,2023-03-01 23:00:00+00:00
2023-03-01 22:00:00+00:00,125.5,24,2023-02-28 23:00:00+00:00,2023-03-01 23:00:00+00:00
2023-03-01 23:00:00+00:00,111.79,1,2023-03-01 23:00:00+00:00,2023-03-02 23:00:00+00:00
2023-03-02 00:00:00+00:00,111.1,2,2023-03-01 23:00:00+00:00,2023-03-02 23:00:00+00:00
2023-03-02 01:00:00+00:00,114.0,3,2023-03-01 23:00:00+00:00,2023-03-02 23:00:00+00:00
2023-03-02 02:00:00+00:00,130.1,4,2023-03-01 23:00:00+00:00,2023-03-02 23:00:00+00:00
2023-03-02 03:00:00+00:00,120.0,5,2023-03-01 23:00:00+00:00,2023-03-02 23:00:00+00:00
2023-03-02 04:00:00+00:00,126.0,6,2023-03-01 23:00:00+00:00,2023-03-02 23:00:00+00:00
2023-03-02 05:00:00+00:00,146.0,7,2023-03-01 23:00:00+00:00,2023-03-02 23:00:00+00:00
2023-03-02 06:00:00+00:00,178.69,8,2023-03-01 23:00:00+00:00,2023-03-02 23:00:00+00:00
2023-03-02 07:00:00+00:00,189.56,9,2023-03-01 23:00:00+00:00,2023-03-02 23:00:00+00:00
2023-03-02 08:00:00+00:00,141.44,10,2023-03-01 23:00:00+00:00,2023-03-02 23:00:00+00:00
2023-03-02 09:00:00+00:00,107.1,11,2023-03-01 23:00:00+00:00,2023-03-02 23:00:00+00:00
2023-03-02 10:00:00+00:00,116.4,12,2023-03-01 23:00:00+00:00,2023-03-02 23:00:00+00:00
2023-03-02 11:00:00+00:00,105.06,13,2023-03-01 23:00:00+00:00,2023-03-02 23:00:00+00:00
2023-03-02 12:00:00+00:00,102.05,14,2023-03-01 23:00:00+00:00,2023-03-02 23:00:00+00:00
2023-03-02 13:00:00+00:00,94.83,15,2023-03-01 23:00:00+00:00,2023-03-02 23:00:00+00:00
2023-03-02 14:00:00+00:00,116.05,16,2023-03-01 23:00:00+00:00,2023-03-02 23:00:00+00:00
2023-03-02 15:00:00+00:00,120.0,17,2023-03-01 23:00:00+00:00,2023-03-02 23:00:00+00:00
2023-03-02 16:00:00+00:00,165.81,18,2023-03-01 23:00:00+00:00,2023-03-02 23:00:00+00:00
2023-03-02 17:00:00+00:00,184.5,19,2023-03-01 23:00:00+00:00,2023-03-02 23:00:00+00:00
2023-03-02 18:00:00+00:00,159.44,20,2023-03-01 23:00:00+00:00,2023-03-02 23:00:00+00:00
2023-03-02 19:00:00+00:00,152.08,21,2023-03-01 23:00:00+00:00,2023-03-02 23:00:00+00:00
2023-03-02 20:00:00+00:00,157.56,22,2023-03-01 23:00:00+00:00,2023-03-02 23:00:00+00:00
2023-03-02 21:00:00+00:00,144.91,23,2023-03-01 23:00:00+00:00,2023-03-02 23:00:00+00:00
2023-03-02 22:00:00+00:00,139.9,24,2023-03-01 23:00:00+00:00,2023-03-02 23:00:00+00:00
2023-03-02 23:00:00+00:00,139.31,1,2023-03-02 23:00:00+00:00,2023-03-03 23:00:00+00:00
2023-03-03 00:00:00+00:00,128.02,2,2023-03-02 23:00:00+00:00,2023-03-03 23:00:00+00:00
2023-03-03 01:00:00+00:00,128.79,3,2023-03-02 23:00:00+00:00,2023-03-03 23:00:00+00:00
2023-03-03 02:00:00+00:00,109.9,4,2023-03-02 23:00:00+00:00,2023-03-03 23:00:00+00:00
2023-03-03 03:00:00+00:00,110.4,5,2023-03-02 23:00:00+00:00,2023-03-03 23:00:00+00:00
2023-03-03 04:00:00+00:00,122.21,6,2023-03-02 23:00:00+00:00,2023-03-03 23:00:00+00:00
2023-03-03 05:00:00+00:00,162.19,7,2023-03-02 23:00:00+00:00,2023-03-03 23:00:00+00:00
2023-03-03 06:00:00+00:00,187.03,8,2023-03-02 23:00:00+00:00,2023-03-03 23:00:00+00:00
2023-03-03 07:00:00+00:00,198.2,9,2023-03-02 23:00:00+00:00,2023-03-03 23:00:00+00:00
2023-03-03 08:00:00+00:00,163.67,10,2023-03-02 23:00:00+00:00,2023-03-03 23:00:00+00:00
2023-03-03 09:00:00+00:00,131.12,11,2023-03-02 23:00:00+00:00,2023-03-03 23:00:00+00:00
2023-03-03 10:00:00+00:00,130.0,12,2023-03-02 23:00:00+00:00,2023-03-03 23:00:00+00:00
2023-03-03 11:00:00+00:00,112.58,13,2023-03-02 23:00:00+00:00,2023-03-03 23:00:00+00:00
2023-03-03 12:00:00+00:00,112.69,14,2023-03-02 23:00:00+00:00,2023-03-03 23:00:00+00:00
2023-03-03 13:00:00+00:00,114.64,15,2023-03-02 23:00:00+00:00,2023-03-03 23:00:00+00:00
2023-03-03 14:00:00+00:00,107.83,16,2023-03-02 23:00:00+00:00,2023-03-03 23:00:00+00:00
2023-03-03 15:00:00+00:00,132.0,17,2023-03-02 23:00:00+00:00,2023-03-03 23:00:00+00:00
2023-03-03 16:00:00+00:00,155.99,18,2023-03-02 23:00:00+00:00,2023-03-03 23:00:00+00:00
2023-03-03 17:00:00+00:00,165.0,19,2023-03-02 23:00:00+00:00,2023-03-03 23:00:00+00:00
2023-03-03 18:00:00+00:00,132.0,20,2023-03-02 23:00:00+00:00,2023-03-03 23:00:00+00:00
2023-03-03 19:00:00+00:00,126.72,21,2023-03-02 23:00:00+00:00,2023-03-03 23:00:00+00:00
2023-03-03 20:00:00+00:00,126.25,22,2023-03-02 23:00:00+00:00,2023-03-03 23:00:00+00:00
2023-03-03 21:00:00+00:00,121.68,23,2023-03-02 23:00:00+00:00,2023-03-03 23:00:00+00:00
2023-03-03 22:00:00+00:00,114.5,24,2023-03-02 23:00:00+00:00,2023-03-03 23:00:00+00:00
2023-03-03 23:00:00+00:00,116.07,1,2023-03-03 23:00:00+00:00,2023-03-04 23:00:00+00:00
2023-03-04 00:00:00+00:00,123.91,2,2023-03-03 23:00:00+00:00,2023-03-04 23:00:00+00:00
2023-03-04 01:00:00+00:00,126.58,3,2023-03-03 23:00:00+00:00,2023-03-04 23:00:00+00:00
2023-03-04 02:00:00+00:00,125.93,4,2023-03-03 23:00:00+00:00,2023-03-04 23:00:00+00:00
2023-03-04 03:00:00+00:00,128.0,5,2023-03-03 23:00:00+00:00,2023-03-04 23:00:00+00:00
2023-03-04 04:00:00+00:00,100.19,6,2023-03-03 23:00:00+00:00,2023-03-04 23:00:00+00:00
2023-03-04 05:00:00+00:00,115.7,7,2023-03-03 23:00:00+00:00,2023-03-04 23:00:00+00:00
2023-03-04 06:00:00+00:00,112.1,8,2023-03-03 23:00:00+00:00,2023-03-04 23:00:00+00:00
2023-03-04 07:00:00+00:00,120.0,9,2023-03-03 23:00:00+00:00,2023-03-04 23:00:00+00:00
2023-03-04 08:00:00+00:00,120.1,10,2023-03-03 23:00:00+00:00,2023-03-04 23:00:00+00:00
2023-03-04 09:00:00+00:00,134.0,11,2023-03-03 23:00:00+00:00,2023-03-04 23:00:00+00:00
2023-03-04 10:00:00+00:00,119.9,12,2023-03-03 23:00:00+00:00,2023-03-04 23:00:00+00:00
2023-03-04 11:00:00+00:00,117.0,13,2023-03-03 23:00:00+00:00,2023-03-04 23:00:00+00:00
2023-03-04 12:00:00+00:00,111.0,14,2023-03-03 23:00:00+00:00,2023-03-04 23:00:00+00:00
2023-03-04 13:00:00+00:00,105.95,15,2023-03-03 23:00:00+00:00,2023-03-04 23:00:00+00:00
2023-03-04 14:00:00+00:00,108.6,16,2023-03-03 23:00:00+00:00,2023-03-04 23:00:00+00:00
2023-03-04 15:00:00+00:00,111.6,17,2023-03-03 23:00:00+00:00,2023-03-04 23:00:00+00:00
2023-03-04 16:00:00+00:00,140.0,18,2023-03-03 23:00:00+00:00,2023-03-04 23:00:00+00:00
2023-03-04 17:00:00+00:00,159.65,19,2023-03-03 23:00:00+00:00,2023-03-04 23:00:00+00:00
2023-03-04 18:00:00+00:00,151.4,20,2023-03-03 23:00:00+00:00,2023-03-04 23:00:00+00:00
2023-03-04 19:00:00+00:00,131.4,21,2023-03-03 23:00:00+00:00,2023-03-04 23:00:00+00:00
2023-03-04 20:00:00+00:00,139.96,22,2023-03-03 23:00:00+00:00,2023-03-04 23:00:00+00:00
2023-03-04 21:00:00+00:00,131.47,23,2023-03-03 23:00:00+00:00,2023-03-04 23:00:00+00:00
2023-03-04 22:00:00+00:00,113.83,24,2023-03-03 23:00:00+00:00,2023-03-04 23:00:00+00:00
2023-03-04 23:00:00+00:00,119.9,1,2023-03-04 23:00:00+00:00,2023-03-05 23:00:00+00:00
2023-03-05 00:00:00+00:00,108.4,2,2023-03-04 23:00:00+00:00,2023-03-05 23:00:00+00:00
2023-03-05 01:00:00+00:00,110.0,3,2023-03-04 23:00:00+00:00,2023-03-05 23:00:00+00:00
2023-03-05 02:00:00+00:00,107.43,4,2023-03-04 23:00:00+00:00,2023-03-05 23:00:00+00:00
2023-03-05 03:00:00+00:00,106.54,5,2023-03-04 23:00:00+00:00,2023-03-05 23:00:00+00:00
2023-03-05 04:00:00+00:00,106.53,6,2023-03-04 23:00:00+00:00,2023-03-05 23:00:00+00:00
2023-03-05 05:00:00+00:00,108.5,7,2023-03-04 23:00:00+00:00,2023-03-05 23:00:00+00:00
2023-03-05 06:00:00+00:00,109.28,8,2023-03-04 23:00:00+00:00,2023-03-05 23:00:00+00:00
2023-03-05 07:00:00+00:00,116.22,9,2023-03-04 23:00:00+00:00,2023-03-05 23:00:00+00:00
2023-03-05 08:00:00+00:00,119.94,10,2023-03-04 23:00:00+00:00,2023-03-05 23:00:00+00:00
2023-03-05 09:00:00+00:00,110.0,11,2023-03-04 23:00:00+00:00,2023-03-05 23:00:00+00:00
2023-03-05 10:00:00+00:00,107.55,12,2023-03-04 23:00:00+00:00,2023-03-05 23:00:00+00:00
2023-03-05 11:00:00+00:00,107.35,13,2023-03-04 23:00:00+00:00,2023-03-05 23:00:00+00:00
2023-03-05 12:00:00+00:00,108.62,14,2023-03-04 23:00:00+00:00,2023-03-05 23:00:00+00:00
2023-03-05 13:00:00+00:00,109.7,15,2023-03-04 23:00:00+00:00,2023-03-05 23:00:00+00:00
2023-03-05 14:00:00+00:00,111.55,16,2023-03-04 23:00:00+00:00,2023-03-05 23:00:00+00:00
2023-03-05 15:00:00+00:00,120.12,17,2023-03-04 23:00:00+00:00,2023-03-05 23:00:00+00:00
2023-03-05 16:00:00+00:00,145.14,18,2023-03-04 23:00:00+00:00,2023-03-05 23:00:00+00:00
2023-03-05 17:00:00+00:00,166.67,19,2023-03-04 23:00:00+00:00,2023-03-05 23:00:00+00:00
2023-03-05 18:00:00+00:00,170.14,20,2023-03-04 23:00:00+00:00,2023-03-05 23:00:00+00:00
2023-03-05 19:00:00+00:00,152.55,21,2023-03-04 23:00:00+00:00,2023-03-05 23:00:00+00:00
2023-03-05 20:00:00+00:00,149.78,22,2023-03-04 23:00:00+00:00,2023-03-05 23:00:00+00:00
2023-03-05 21:00:00+00:00,141.5,23,2023-03-04 23:00:00+00:00,2023-03-05 23:00:00+00:00
2023-03-05 22:00:00+00:00,125.48,24,2023-03-04 23:00:00+00:00,2023-03-05 23:00:00+00:00
2023-03-05 23:00:00+00:00,134.5,1,2023-03-05 23:00:00+00:00,2023-03-06 23:00:00+00:00
2023-03-06 00:00:00+00:00,122.44,2,2023-03-05 23:00:00+00:00,2023-03-06 23:00:00+00:00
2023-03-06 01:00:00+00:00,119.96,3,2023-03-05 23:00:00+00:00,2023-03-06 23:00:00+00:00
2023-03-06 02:00:00+00:00,121.11,4,2023-03-05 23:00:00+00:00,2023-03-06 23:00:00+00:00
2023-03-06 03:00:00+00:00,122.41,5,2023-03-05 23:00:00+00:00,2023-03-06 23:00:00+00:00
2023-03-06 04:00:00+00:00,135.59,6,2023-03-05 23:00:00+00:00,2023-03-06 23:00:00+00:00
2023-03-06 05:00:00+00:00,159.8,7,2023-03-05 23:00:00+00:00,2023-03-06 23:00:00+00:00
2023-03-06 06:00:00+00:00,185.0,8,2023-03-05 23:00:00+00:00,2023-03-06 23:00:00+00:00
2023-03-06 07:00:00+00:00,217.09,9,2023-03-05 23:00:00+00:00,2023-03-06 23:00:00+00:00
2023-03-06 08:00:00+00:00,186.35,10,2023-03-05 23:00:00+00:00,2023-03-06 23:00:00+00:00
2023-03-06 09:00:00+00:00,170.26,11,2023-03-05 23:00:00+00:00,2023-03-06 23:00:00+00:00
2023-03-06 10:00:00+00:00,160.84,12,2023-03-05 23:00:00+00:00,2023-03-06 23:00:00+00:00
2023-03-06 11:00:00+00:00,149.9,13,2023-03-05 23:00:00+00:00,2023-03-06 23:00:00+00:00
2023-03-06 12:00:00+00:00,144.93,14,2023-03-05 23:00:00+00:00,2023-03-06 23:00:00+00:00
2023-03-06 13:00:00+00:00,120.0,15,2023-03-05 23:00:00+00:00,2023-03-06 23:00:00+00:00
2023-03-06 14:00:00+00:00,116.12,16,2023-03-05 23:00:00+00:00,2023-03-06 23:00:00+00:00
2023-03-06 15:00:00+00:00,107.64,17,2023-03-05 23:00:00+00:00,2023-03-06 23:00:00+00:00
2023-03-06 16:00:00+00:00,135.0,18,2023-03-05 23:00:00+00:00,2023-03-06 23:00:00+00:00
2023-03-06 17:00:00+00:00,160.0,19,2023-03-05 23:00:00+00:00,2023-03-06 23:00:00+00:00
2023-03-06 18:00:00+00:00,150.3,20,2023-03-05 23:00:00+00:00,2023-03-06 23:00:00+00:00
2023-03-06 19:00:00+00:00,120.0,21,2023-03-05 23:00:00+00:00,2023-03-06 23:00:00+00:00
2023-03-06 20:00:00+00:00,115.72,22,2023-03-05 23:00:00+00:00,2023-03-06 23:00:00+00:00
2023-03-06 21:00:00+00:00,120.0,23,2023-03-05 23:00:00+00:00,2023-03-06 23:00:00+00:00
2023-03-06 22:00:00+00:00,114.93,24,2023-03-05 23:00:00+00:00,2023-03-06 23:00:00+00:00
2023-03-06 23:00:00+00:00,100.1,1,2023-03-06 23:00:00+00:00,2023-03-07 23:00:00+00:00
2023-03-07 00:00:00+00:00,104.49,2,2023-03-06 23:00:00+00:00,2023-03-07 23:00:00+00:00
2023-03-07 01:00:00+00:00,100.0,3,2023-03-06 23:00:00+00:00,2023-03-07 23:00:00+00:00
2023-03-07 02:00:00+00:00,99.9,4,2023-03-06 23:00:00+00:00,2023-03-07 23:00:00+00:00
2023-03-07 03:00:00+00:00,109.1,5,2023-03-06 23:00:00+00:00,2023-03-07 23:00:00+00:00
2023-03-07 04:00:00+00:00,98.87,6,2023-03-06 23:00:00+00:00,2023-03-07 23:00:00+00:00
2023-03-07 05:00:00+00:00,105.5,7,2023-03-06 23:00:00+00:00,2023-03-07 23:00:00+00:00
2023-03-07 06:00:00+00:00,110.1,8,2023-03-06 23:00:00+00:00,2023-03-07 23:00:00+00:00
2023-03-07 07:00:00+00:00,129.9,9,2023-03-06 23:00:00+00:00,2023-03-07 23:00:00+00:00
2023-03-07 08:00:00+00:00,174.76,10,2023-03-06 23:00:00+00:00,2023-03-07 23:00:00+00:00
2023-03-07 09:00:00+00:00,153.24,11,2023-03-06 23:00:00+00:00,2023-03-07 23:00:00+00:00
2023-03-07 10:00:00+00:00,132.0,12,2023-03-06 23:00:00+00:00,2023-03-07 23:00:00+00:00
2023-03-07 11:00:00+00:00,109.9,13,2023-03-06 23:00:00+00:00,2023-03-07 23:00:00+00:00
2023-03-07 12:00:00+00:00,110.0,14,2023-03-06 23:00:00+00:00,2023-03-07 23:00:00+00:00
2023-03-07 13:00:00+00:00,106.0,15,2023-03-06 23:00:00+00:00,2023-03-07 23:00:00+00:00
2023-03-07 14:00:00+00:00,103.82,16,2023-03-06 23:00:00+00:00,2023-03-07 23:00:00+00:00
2023-03-07 15:00:00+00:00,111.27,17,2023-03-06 23:00:00+00:00,2023-03-07 23:00:00+00:00
2023-03-07 16:00:00+00:00,144.22,18,2023-03-06 23:00:00+00:00,2023-03-07 23:00:00+00:00
2023-03-07 17:00:00+00:00,165.9,19,2023-03-06 23:00:00+00:00,2023-03-07 23:00:00+00:00
2023-03-07 18:00:00+00:00,143.91,20,2023-03-06 23:00:00+00:00,2023-03-07 23:00:00+00:00
2023-03-07 19:00:00+00:00,155.02,21,2023-03-06 23:00:00+00:00,2023-03-07 23:00:00+00:00
2023-03-07 20:00:00+00:00,139.13,22,2023-03-06 23:00:00+00:00,2023-03-07 23:00:00+00:00
2023-03-07 21:00:00+00:00,127.89,23,2023-03-06 23:00:00+00:00,2023-03-07 23:00:00+00:00
2023-03-07 22:00:00+00:00,121.14,24,2023-03-06 23:00:00+00:00,2023-03-07 23:00:00+00:00
2023-03-07 23:00:00+00:00,117.01,1,2023-03-07 23:00:00+00:00,2023-03-08 23:00:00+00:00
2023-03-08 00:00:00+00:00,114.49,2,2023-03-07 23:00:00+00:00,2023-03-08 23:00:00+00:00
2023-03-08 01:00:00+00:00,114.33,3,2023-03-07 23:00:00+00:00,2023-03-08 23:00:00+00:00
2023-03-08 02:00:00+00:00,111.0,4,2023-03-07 23:00:00+00:00,2023-03-08 23:00:00+00:00
2023-03-08 04:00:00+00:00,118.23,6,2023-03-07 23:00:00+00:00,2023-03-08 23:00:00+00:00
2023-03-08 05:00:00+00:00,140.68,7,2023-03-07 23:00:00+00:00,2023-03-08 23:00:00+00:00
2023-03-08 06:00:00+00:00,158.53,8,2023-03-07 23:00:00+00:00,2023-03-08 23:00:00+00:00
2023-03-08 07:00:00+00:00,173.1,9,2023-03-07 23:00:00+00:00,2023-03-08 23:00:00+00:00
2023-03-08 08:00:00+00:00,162.99,10,2023-03-07 23:00:00+00:00,2023-03-08 23:00:00+00:00
2023-03-08 09:00:00+00:00,152.99,11,2023-03-07 23:00:00+00:00,2023-03-08 23:00:00+00:00
2023-03-08 10:00:00+00:00,144.18,12,2023-03-07 23:00:00+00:00,2023-03-08 23:00:00+00:00
2023-03-08 11:00:00+00:00,137.19,13,2023-03-07 23:00:00+00:00,2023-03-08 23:00:00+00:00
2023-03-08 12:00:00+00:00,135.08,14,2023-03-07 23:00:00+00:00,2023-03-08 23:00:00+00:00
2023-03-08 13:00:00+00:00,137.42,15,2023-03-07 23:00:00+00:00,2023-03-08 23:00:00+00:00
2023-03-08 14:00:00+00:00,141.08,16,2023-03-07 23:00:00+00:00,2023-03-08 23:00:00+00:00
2023-03-08 15:00:00+00:00,144.47,17,2023-03-07 23:00:00+00:00,2023-03-08 23:00:00+00:00
2023-03-08 16:00:00+00:00,153.01,18,2023-03-07 23:00:00+00:00,2023-03-08 23:00:00+00:00
2023-03-08 17:00:00+00:00,166.89,19,2023-03-07 23:00:00+00:00,2023-03-08 23:00:00+00:00
2023-03-08 18:00:00+00:00,170.02,20,2023-03-07 23:00:00+00:00,2023-03-08 23:00:00+00:00
2023-03-08 19:00:00+00:00,153.77,21,2023-03-07 23:00:00+00:00,2023-03-08 23:00:00+00:00
2023-03-08 20:00:00+00:00,134.39,22,2023-03-07 23:00:00+00:00,2023-03-08 23:00:00+00:00
2023-03-08 21:00:00+00:00,128.65,23,2023-03-07 23:00:00+00:00,2023-03-08 23:00:00+00:00
2023-03-08 22:00:00+00:00,119.0,24,2023-03-07 23:00:00+00:00,2023-03-08 23:00:00+00:00
2023-03-08 23:00:00+00:00,113.66,1,2023-03-08 23:00:00+00:00,2023-03-09 23:00:00+00:00
2023-03-09 00:00:00+00:00,111.39,2,2023-03-08 23:00:00+00:00,2023-03-09 23:00:00+00:00
2023-03-09 01:00:00+00:00,111.02,3,2023-03-08 23:00:00+00:00,2023-03-09 23:00:00+00:00
2023-03-09 02:00:00+00:00,109.38,4,2023-03-08 23:00:00+00:00,2023-03-09 23:00:00+00:00
2023-03-09 03:00:00+00:00,111.22,5,2023-03-08 23:00:00+00:00,2023-03-09 23:00:00+00:00
2023-03-09 04:00:00+00:00,113.02,6,2023-03-08 23:00:00+00:00,2023-03-09 23:00:00+00:00
2023-03-09 05:00:00+00:00,137.39,7,2023-03-08 23:00:00+00:00,2023-03-09 23:00:00+00:00
2023-03-09 06:00:00+00:00,149.88,8,2023-03-08 23:00:00+00:00,2023-03-09 23:00:00+00:00
2023-03-09 07:00:00+00:00,158.99,9,2023-03-08 23:00:00+00:00,2023-03-09 23:00:00+00:00
2023-03-09 08:00:00+00:00,150.95,10,2023-03-08 23:00:00+00:00,2023-03-09 23:00:00+00:00
2023-03-09 09:00:00+00:00,142.34,11,2023-03-08 23:00:00+00:00,2023-03-09 23:00:00+00:00
2023-03-09 10:00:00+00:00,131.8,12,2023-03-08 23:00:00+00:00,2023-03-09 23:00:00+00:00
2023-03-09 11:00:00+00:00,122.0,13,2023-03-08 23:00:00+00:00,2023-03-09 23:00:00+00:00
2023-03-09 12:00:00+00:00,116.44,14,2023-03-08 23:00:00+00:00,2023-03-09 23:00:00+00:00
2023-03-09 13:00:00+00:00,116.16,15,2023-03-08 23:00:00+00:00,2023-03-09 23:00:00+00:00
2023-03-09 14:00:00+00:00,116.35,16,2023-03-08 23:00:00+00:00,2023-03-09 23:00:00+00:00
2023-03-09 15:00:00+00:00,118.0,17,2023-03-08 23:00:00+00:00,2023-03-09 23:00:00+00:00
2023-03-09 16:00:00+00:00,135.4,18,2023-03-08 23:00:00+00:00,2023-03-09 23:00:00+00:00
2023-03-09 17:00:00+00:00,146.92,19,2023-03-08 23:00:00+00:00,2023-03-09 23:00:00+00:00
2023-03-09 18:00:00+00:00,144.65,20,2023-03-08 23:00:00+00:00,2023-03-09 23:00:00+00:00
2023-03-09 19:00:00+00:00,134.56,21,2023-03-08 23:00:00+00:00,2023-03-09 23:00:00+00:00
2023-03-09 20:00:00+00:00,124.84,22,2023-03-08 23:00:00+00:00,2023-03-09 23:00:00+00:00
2023-03-09 21:00:00+00:00,123.82,23,2023-03-08 23:00:00+00:00,2023-03-09 23:00:00+00:00
2023-03-09 22:00:00+00:00,109.7,24,2023-03-08 23:00:00+00:00,2023-03-09 23:00:00+00:00
2023-03-09 23:00:00+00:00,102.89,1,2023-03-09 23:00:00+00:00,2023-03-10 23:00:00+00:00
2023-03-10 00:00:00+00:00,100.68,2,2023-03-09 23:00:00+00:00,2023-03-10 23:00:00+00:00
2023-03-10 01:00:00+00:00,99.06,3,2023-03-09 23:00:00+00:00,2023-03-10 23:00:00+00:00
2023-03-10 02:00:00+00:00,98.84,4,2023-03-09 23:00:00+00:00,2023-03-10 23:00:00+00:00
2023-03-10 03:00:00+00:00,99.09,5,2023-03-09 23:00:00+00:00,2023-03-10 23:00:00+00:00
2023-03-10 04:00:00+00:00,105.0,6,2023-03-09 23:00:00+00:00,2023-03-10 23:00:00+00:00
2023-03-10 05:00:00+00:00,119.81,7,2023-03-09 23:00:00+00:00,2023-03-10 23:00:00+00:00
2023-03-10 06:00:00+00:00,136.9,8,2023-03-09 23:00:00+00:00,2023-03-10 23:00:00+00:00
2023-03-10 07:00:00+00:00,140.91,9,2023-03-09 23:00:00+00:00,2023-03-10 23:00:00+00:00
2023-03-10 08:00:00+00:00,136.61,10,2023-03-09 23:00:00+00:00,2023-03-10 23:00:00+00:00
2023-03-10 09:00:00+00:00,131.89,11,2023-03-09 23:00:00+00:00,2023-03-10 23:00:00+00:00
2023-03-10 10:00:00+00:00,125.1,12,2023-03-09 23:00:00+00:00,2023-03-10 23:00:00+00:00
2023-03-10 11:00:00+00:00,116.41,13,2023-03-09 23:00:00+00:00,2023-03-10 23:00:00+00:00
2023-03-10 12:00:00+00:00,112.83,14,2023-03-09 23:00:00+00:00,2023-03-10 23:00:00+00:00
2023-03-10 13:00:00+00:00,114.72,15,2023-03-09 23:00:00+00:00,2023-03-10 23:00:00+00:00
2023-03-10 14:00:00+00:00,112.22,16,2023-03-09 23:00:00+00:00,2023-03-10 23:00:00+00:00
2023-03-10 15:00:00+00:00,109.49,17,2023-03-09 23:00:00+00:00,2023-03-10 23:00:00+00:00
2023-03-10 16:00:00+00:00,128.95,18,2023-03-09 23:00:00+00:00,2023-03-10 23:00:00+00:00
2023-03-10 17:00:00+00:00,135.01,19,2023-03-09 23:00:00+00:00,2023-03-10 23:00:00+00:00
2023-03-10 18:00:00+00:00,128.97,20,2023-03-09 23:00:00+00:00,2023-03-10 23:00:00+00:00
2023-03-10 19:00:00+00:00,110.0,21,2023-03-09 23:00:00+00:00,2023-03-10 23:00:00+00:00
2023-03-10 20:00:00+00:00,108.96,22,2023-03-09 23:00:00+00:00,2023-03-10 23:00:00+00:00
2023-03-10 21:00:00+00:00,110.0,23,2023-03-09 23:00:00+00:00,2023-03-10 23:00:00+00:00
2023-03-10 22:00:00+00:00,102.0,24,2023-03-09 23:00:00+00:00,2023-03-10 23:00:00+00:00
2023-03-10 23:00:00+00:00,109.36,1,2023-03-10 23:00:00+00:00,2023-03-11 23:00:00+00:00
2023-03-11 00:00:00+00:00,108.0,2,2023-03-10 23:00:00+00:00,2023-03-11 23:00:00+00:00
2023-03-11 01:00:00+00:00,107.0,3,2023-03-10 23:00:00+00:00,2023-03-11 23:00:00+00:00
2023-03-11 02:00:00+00:00,109.02,4,2023-03-10 23:00:00+00:00,2023-03-11 23:00:00+00:00
2023-03-11 03:00:00+00:00,109.0,5,2023-03-10 23:00:00+00:00,2023-03-11 23:00:00+00:00
2023-03-11 04:00:00+00:00,114.97,6,2023-03-10 23:00:00+00:00,2023-03-11 23:00:00+00:00
2023-03-11 05:00:00+00:00,146.1,7,2023-03-10 23:00:00+00:00,2023-03-11 23:00:00+00:00
2023-03-11 06:00:00+00:00,145.35,8,2023-03-10 23:00:00+00:00,2023-03-11 23:00:00+00:00
2023-03-11 07:00:00+00:00,119.99,9,2023-03-10 23:00:00+00:00,2023-03-11 23:00:00+00:00
2023-03-11 08:00:00+00:00,110.44,10,2023-03-10 23:00:00+00:00,2023-03-11 23:00:00+00:00
2023-03-11 09:00:00+00:00,99.17,11,2023-03-10 23:00:00+00:00,2023-03-11 23:00:00+00:00
2023-03-11 10:00:00+00:00,87.1,12,2023-03-10 23:00:00+00:00,2023-03-11 23:00:00+00:00
2023-03-11 11:00:00+00:00,78.66,13,2023-03-10 23:00:00+00:00,2023-03-11 23:00:00+00:00
2023-03-11 12:00:00+00:00,60.0,14,2023-03-10 23:00:00+00:00,2023-03-11 23:00:00+00:00
2023-03-11 13:00:00+00:00,60.38,15,2023-03-10 23:00:00+00:00,2023-03-11 23:00:00+00:00
2023-03-11 14:00:00+00:00,85.95,16,2023-03-10 23:00:00+00:00,2023-03-11 23:00:00+00:00
2023-03-11 15:00:00+00:00,108.1,17,2023-03-10 23:00:00+00:00,2023-03-11 23:00:00+00:00
2023-03-11 16:00:00+00:00,130.02,18,2023-03-10 23:00:00+00:00,2023-03-11 23:00:00+00:00
2023-03-11 17:00:00+00:00,144.95,19,2023-03-10 23:00:00+00:00,2023-03-11 23:00:00+00:00
2023-03-11 18:00:00+00:00,195.18,20,2023-03-10 23:00:00+00:00,2023-03-11 23:00:00+00:00
2023-03-11 19:00:00+00:00,131.54,21,2023-03-10 23:00:00+00:00,2023-03-11 23:00:00+00:00
2023-03-11 20:00:00+00:00,119.96,22,2023-03-10 23:00:00+00:00,2023-03-11 23:00:00+00:00
2023-03-11 21:00:00+00:00,124.08,23,2023-03-10 23:00:00+00:00,2023-03-11 23:00:00+00:00
2023-03-11 22:00:00+00:00,115.3,24,2023-03-10 23:00:00+00:00,2023-03-11 23:00:00+00:00
2023-03-11 23:00:00+00:00,120.88,1,2023-03-11 23:00:00+00:00,2023-03-12 23:00:00+00:00
2023-03-12 00:00:00+00:00,101.05,2,2023-03-11 23:00:00+00:00,2023-03-12 23:00:00+00:00
2023-03-12 01:00:00+00:00,101.0,3,2023-03-11 23:00:00+00:00,2023-03-12 23:00:00+00:00
2023-03-12 02:00:00+00:00,90.3,4,2023-03-11 23:00:00+00:00,2023-03-12 23:00:00+00:00
2023-03-12 03:00:00+00:00,91.7,5,2023-03-11 23:00:00+00:00,2023-03-12 23:00:00+00:00
2023-03-12 04:00:00+00:00,91.98,6,2023-03-11 23:00:00+00:00,2023-03-12 23:00:00+00:00
2023-03-12 05:00:00+00:00,90.55,7,2023-03-11 23:00:00+00:00,2023-03-12 23:00:00+00:00
2023-03-12 06:00:00+00:00,88.78,8,2023-03-11 23:00:00+00:00,2023-03-12 23:00:00+00:00
2023-03-12 07:00:00+00:00,90.22,9,2023-03-11 23:00:00+00:00,2023-03-12 23:00:00+00:00
2023-03-12 08:00:00+00:00,93.71,10,2023-03-11 23:00:00+00:00,2023-03-12 23:00:00+00:00
2023-03-12 09:00:00+00:00,91.98,11,2023-03-11 23:00:00+00:00,2023-03-12 23:00:00+00:00
2023-03-12 10:00:00+00:00,87.79,12,2023-03-11 23:00:00+00:00,2023-03-12 23:00:00+00:00
2023-03-12 11:00:00+00:00,79.73,13,2023-03-11 23:00:00+00:00,2023-03-12 23:00:00+00:00
2023-03-12 12:00:00+00:00,68.96,14,2023-03-11 23:00:00+00:00,2023-03-12 23:00:00+00:00
2023-03-12 13:00:00+00:00,70.0,15,2023-03-11 23:00:00+00:00,2023-03-12 23:00:00+00:00
2023-03-12 14:00:00+00:00,74.9,16,2023-03-11 23:00:00+00:00,2023-03-12 23:00:00+00:00
2023-03-12 15:00:00+00:00,85.05,17,2023-03-11 23:00:00+00:00,2023-03-12 23:00:00+00:00
2023-03-12 16:00:00+00:00,100.95,18,2023-03-11 23:00:00+00:00,2023-03-12 23:00:00+00:00
2023-03-12 17:00:00+00:00,120.05,19,2023-03-11 23:00:00+00:00,2023-03-12 23:00:00+00:00
2023-03-12 18:00:00+00:00,141.04,20,2023-03-11 23:00:00+00:00,2023-03-12 23:00:00+00:00
2023-03-12 19:00:00+00:00,129.97,21,2023-03-11 23:00:00+00:00,2023-03-12 23:00:00+00:00
2023-03-12 20:00:00+00:00,104.31,22,2023-03-11 23:00:00+00:00,2023-03-12 23:00:00+00:00
2023-03-12 21:00:00+00:00,94.9,23,2023-03-11 23:00:00+00:00,2023-03-12 23:00:00+00:00
2023-03-12 22:00:00+00:00,80.78,24,2023-03-11 23:00:00+00:00,2023-03-12 23:00:00+00:00
2023-03-12 23:00:00+00:00,46.36,1,2023-03-12 23:00:00+00:00,2023-03-13 23:00:00+00:00
2023-03-13 00:00:00+00:00,37.33,2,2023-03-12 23:00:00+00:00,2023-03-13 23:00:00+00:00
2023-03-13 01:00:00+00:00,33.4,3,2023-03-12 23:00:00+00:00,2023-03-13 23:00:00+00:00
2023-03-13 02:00:00+00:00,16.89,4,2023-03-12 23:00:00+00:00,2023-03-13 23:00:00+00:00
2023-03-13 03:00:00+00:00,7.51,5,2023-03-12 23:00:00+00:00,2023-03-13 23:00:00+00:00
2023-03-13 04:00:00+00:00,16.89,6,2023-03-12 23:00:00+00:00,2023-03-13 23:00:00+00:00
2023-03-13 05:00:00+00:00,38.49,7,2023-03-12 23:00:00+00:00,2023-03-13 23:00:00+00:00
2023-03-13 06:00:00+00:00,77.71,8,2023-03-12 23:00:00+00:00,2023-03-13 23:00:00+00:00
2023-03-13 07:00:00+00:00,94.43,9,2023-03-12 23:00:00+00:00,2023-03-13 23:00:00+00:00
2023-03-13 08:00:00+00:00,89.97,10,2023-03-12 23:00:00+00:00,2023-03-13 23:00:00+00:00
2023-03-13 09:00:00+00:00,64.8,11,2023-03-12 23:00:00+00:00,2023-03-13 23:00:00+00:00
2023-03-13 10:00:00+00:00,23.33,12,2023-03-12 23:00:00+00:00,2023-03-13 23:00:00+00:00
2023-03-13 11:00:00+00:00,1.06,13,2023-03-12 23:00:00+00:00,2023-03-13 23:00:00+00:00
2023-03-13 12:00:00+00:00,-0.98,14,2023-03-12 23:00:00+00:00,2023-03-13 23:00:00+00:00
2023-03-13 13:00:00+00:00,-0.46,15,2023-03-12 23:00:00+00:00,2023-03-13 23:00:00+00:00
2023-03-13 14:00:00+00:00,0.26,16,2023-03-12 23:00:00+00:00,2023-03-13 23:00:00+00:00
2023-03-13 15:00:00+00:00,9.03,17,2023-03-12 23:00:00+00:00,2023-03-13 23:00:00+00:00
2023-03-13 16:00:00+00:00,54.99,18,2023-03-12 23:00:00+00:00,2023-03-13 23:00:00+00:00
2023-03-13 17:00:00+00:00,91.43,19,2023-03-12 23:00:00+00:00,2023-03-13 23:00:00+00:00
2023-03-13 18:00:00+00:00,100.0,20,2023-03-12 23:00:00+00:00,2023-03-13 23:00:00+00:00
2023-03-13 19:00:00+00:00,83.53,21,2023-03-12 23:00:00+00:00,2023-03-13 23:00:00+00:00
2023-03-13 20:00:00+00:00,72.08,22,2023-03-12 23:00:00+00:00,2023-03-13 23:00:00+00:00
2023-03-13 21:00:00+00:00,35.45,23,2023-03-12 23:00:00+00:00,2023-03-13 23:00:00+00:00
2023-03-13 22:00:00+00:00,23.32,24,2023-03-12 23:00:00+00:00,2023-03-13 23:00:00+00:00
2023-03-13 23:00:00+00:00,9.57,1,2023-03-13 23:00:00+00:00,2023-03-14 23:00:00+00:00
2023-03-14 00:00:00+00:00,4.48,2,2023-03-13 23:00:00+00:00,2023-03-14 23:00:00+00:00
2023-03-14 01:00:00+00:00,4.04,3,2023-03-13 23:00:00+00:00,2023-03-14 23:00:00+00:00
2023-03-14 02:00:00+00:00,1.95,4,2023-03-13 23:00:00+00:00,2023-03-14 23:00:00+00:00
2023-03-14 03:00:00+00:00,3.64,5,2023-03-13 23:00:00+00:00,2023-03-14 23:00:00+00:00
2023-03-14 04:00:00+00:00,9.8,6,2023-03-13 23:00:00+00:00,2023-03-14 23:00:00+00:00
2023-03-14 05:00:00+00:00,42.93,7,2023-03-13 23:00:00+00:00,2023-03-14 23:00:00+00:00
2023-03-14 06:00:00+00:00,94.36,8,2023-03-13 23:00:00+00:00,2023-03-14 23:00:00+00:00
2023-03-14 07:00:00+00:00,100.11,9,2023-03-13 23:00:00+00:00,2023-03-14 23:00:00+00:00
2023-03-14 08:00:00+00:00,108.86,10,2023-03-13 23:00:00+00:00,2023-03-14 23:00:00+00:00
2023-03-14 09:00:00+00:00,82.83,11,2023-03-13 23:00:00+00:00,2023-03-14 23:00:00+00:00
2023-03-14 10:00:00+00:00,60.95,12,2023-03-13 23:00:00+00:00,2023-03-14 23:00:00+00:00
2023-03-14 11:00:00+00:00,46.48,13,2023-03-13 23:00:00+00:00,2023-03-14 23:00:00+00:00
2023-03-14 12:00:00+00:00,56.42,14,2023-03-13 23:00:00+00:00,2023-03-14 23:00:00+00:00
2023-03-14 13:00:00+00:00,65.51,15,2023-03-13 23:00:00+00:00,2023-03-14 23:00:00+00:00
2023-03-14 14:00:00+00:00,59.82,16,2023-03-13 23:00:00+00:00,2023-03-14 23:00:00+00:00
2023-03-14 15:00:00+00:00,78.83,17,2023-03-13 23:00:00+00:00,2023-03-14 23:00:00+00:00
2023-03-14 16:00:00+00:00,131.55,18,2023-03-13 23:00:00+00:00,2023-03-14 23:00:00+00:00
2023-03-14 17:00:00+00:00,162.0,19,2023-03-13 23:00:00+00:00,2023-03-14 23:00:00+00:00
2023-03-14 18:00:00+00:00,203.0,20,2023-03-13 23:00:00+00:00,2023-03-14 23:00:00+00:00
2023-03-14 19:00:00+00:00,199.45,21,2023-03-13 23:00:00+00:00,2023-03-14 23:00:00+00:00
2023-03-14 20:00:00+00:00,151.2,22,2023-03-13 23:00:00+00:00,2023-03-14 23:00:00+00:00
2023-03-14 21:00:00+00:00,133.5,23,2023-03-13 23:00:00+00:00,2023-03-14 23:00:00+00:00
2023-03-14 22:00:00+00:00,144.6,24,2023-03-13 23:00:00+00:00,2023-03-14 23:00:00+00:00
2023-03-14 23:00:00+00:00,155.8,1,2023-03-14 23:00:00+00:00,2023-03-15 23:00:00+00:00
2023-03-15 00:00:00+00:00,114.2,2,2023-03-14 23:00:00+00:00,2023-03-15 23:00:00+00:00
2023-03-15 01:00:00+00:00,115.9,3,2023-03-14 23:00:00+00:00,2023-03-15 23:00:00+00:00
2023-03-15 02:00:00+00:00,108.21,4,2023-03-14 23:00:00+00:00,2023-03-15 23:00:00+00:00
2023-03-15 03:00:00+00:00,108.54,5,2023-03-14 23:00:00+00:00,2023-03-15 23:00:00+00:00
2023-03-15 04:00:00+00:00,123.45,6,2023-03-14 23:00:00+00:00,2023-03-15 23:00:00+00:00
2023-03-15 05:00:00+00:00,143.6,7,2023-03-14 23:00:00+00:00,2023-03-15 23:00:00+00:00
2023-03-15 06:00:00+00:00,200.0,8,2023-03-14 23:00:00+00:00,2023-03-15 23:00:00+00:00
2023-03-15 07:00:00+00:00,219.0,9,2023-03-14 23:00:00+00:00,2023-03-15 23:00:00+00:00
2023-03-15 08:00:00+00:00,145.93,10,2023-03-14 23:00:00+00:00,2023-03-15 23:00:00+00:00
2023-03-15 09:00:00+00:00,110.7,11,2023-03-14 23:00:00+00:00,2023-03-15 23:00:00+00:00
2023-03-15 10:00:00+00:00,77.94,12,2023-03-14 23:00:00+00:00,2023-03-15 23:00:00+00:00
2023-03-15 11:00:00+00:00,74.9,13,2023-03-14 23:00:00+00:00,2023-03-15 23:00:00+00:00
2023-03-15 12:00:00+00:00,62.71,14,2023-03-14 23:00:00+00:00,2023-03-15 23:00:00+00:00
2023-03-15 13:00:00+00:00,74.9,15,2023-03-14 23:00:00+00:00,2023-03-15 23:00:00+00:00
2023-03-15 14:00:00+00:00,100.1,16,2023-03-14 23:00:00+00:00,2023-03-15 23:00:00+00:00
2023-03-15 15:00:00+00:00,114.51,17,2023-03-14 23:00:00+00:00,2023-03-15 23:00:00+00:00
2023-03-15 16:00:00+00:00,150.8,18,2023-03-14 23:00:00+00:00,2023-03-15 23:00:00+00:00
2023-03-15 17:00:00+00:00,182.3,19,2023-03-14 23:00:00+00:00,2023-03-15 23:00:00+00:00
2023-03-15 18:00:00+00:00,199.11,20,2023-03-14 23:00:00+00:00,2023-03-15 23:00:00+00:00
2023-03-15 19:00:00+00:00,165.34,21,2023-03-14 23:00:00+00:00,2023-03-15 23:00:00+00:00
2023-03-15 20:00:00+00:00,147.36,22,2023-03-14 23:00:00+00:00,2023-03-15 23:00:00+00:00
2023-03-15 21:00:00+00:00,139.35,23,2023-03-14 23:00:00+00:00,2023-03-15 23:00:00+00:00
2023-03-15 22:00:00+00:00,127.63,24,2023-03-14 23:00:00+00:00,2023-03-15 23:00:00+00:00
2023-03-15 23:00:00+00:00,117.39,1,2023-03-15 23:00:00+00:00,2023-03-16 23:00:00+00:00
2023-03-16 00:00:00+00:00,107.2,2,2023-03-15 23:00:00+00:00,2023-03-16 23:00:00+00:00
2023-03-16 01:00:00+00:00,103.8,3,2023-03-15 23:00:00+00:00,2023-03-16 23:00:00+00:00
2023-03-16 02:00:00+00:00,100.0,4,2023-03-15 23:00:00+00:00,2023-03-16 23:00:00+00:00
2023-03-16 03:00:00+00:00,98.07,5,2023-03-15 23:00:00+00:00,2023-03-16 23:00:00+00:00
2023-03-16 04:00:00+00:00,103.6,6,2023-03-15 23:00:00+00:00,2023-03-16 23:00:00+00:00
2023-03-16 05:00:00+00:00,110.57,7,2023-03-15 23:00:00+00:00,2023-03-16 23:00:00+00:00
2023-03-16 06:00:00+00:00,142.35,8,2023-03-15 23:00:00+00:00,2023-03-16 23:00:00+00:00
2023-03-16 07:00:00+00:00,138.03,9,2023-03-15 23:00:00+00:00,2023-03-16 23:00:00+00:00
2023-03-16 08:00:00+00:00,117.12,10,2023-03-15 23:00:00+00:00,2023-03-16 23:00:00+00:00
2023-03-16 09:00:00+00:00,103.2,11,2023-03-15 23:00:00+00:00,2023-03-16 23:00:00+00:00
2023-03-16 10:00:00+00:00,91.51,12,2023-03-15 23:00:00+00:00,2023-03-16 23:00:00+00:00
2023-03-16 11:00:00+00:00,85.41,13,2023-03-15 23:00:00+00:00,2023-03-16 23:00:00+00:00
2023-03-16 12:00:00+00:00,78.51,14,2023-03-15 23:00:00+00:00,2023-03-16 23:00:00+00:00
2023-03-16 13:00:00+00:00,80.47,15,2023-03-15 23:00:00+00:00,2023-03-16 23:00:00+00:00
2023-03-16 14:00:00+00:00,84.9,16,2023-03-15 23:00:00+00:00,2023-03-16 23:00:00+00:00
2023-03-16 15:00:00+00:00,95.46,17,2023-03-15 23:00:00+00:00,2023-03-16 23:00:00+00:00
2023-03-16 16:00:00+00:00,119.23,18,2023-03-15 23:00:00+00:00,2023-03-16 23:00:00+00:00
2023-03-16 17:00:00+00:00,131.88,19,2023-03-15 23:00:00+00:00,2023-03-16 23:00:00+00:00
2023-03-16 18:00:00+00:00,130.02,20,2023-03-15 23:00:00+00:00,2023-03-16 23:00:00+00:00
2023-03-16 19:00:00+00:00,102.5,21,2023-03-15 23:00:00+00:00,2023-03-16 23:00:00+00:00
2023-03-16 20:00:00+00:00,101.8,22,2023-03-15 23:00:00+00:00,2023-03-16 23:00:00+00:00
2023-03-16 21:00:00+00:00,88.2,23,2023-03-15 23:00:00+00:00,2023-03-16 23:00:00+00:00
2023-03-16 22:00:00+00:00,81.7,24,2023-03-15 23:00:00+00:00,2023-03-16 23:00:00+00:00
2023-03-16 23:00:00+00:00,90.0,1,2023-03-16 23:00:00+00:00,2023-03-17 23:00:00+00:00
2023-03-17 01:00:00+00:00,89.35,3,2023-03-16 23:00:00+00:00,2023-03-17 23:00:00+00:00
2023-03-17 02:00:00+00:00,75.55,4,2023-03-16 23:00:00+00:00,2023-03-17 23:00:00+00:00
2023-03-17 03:00:00+00:00,79.0,5,2023-03-16 23:00:00+00:00,2023-03-17 23:00:00+00:00
2023-03-17 04:00:00+00:00,81.59,6,2023-03-16 23:00:00+00:00,2023-03-17 23:00:00+00:00
2023-03-17 05:00:00+00:00,119.24,7,2023-03-16 23:00:00+00:00,2023-03-17 23:00:00+00:00
2023-03-17 06:00:00+00:00,140.6,8,2023-03-16 23:00:00+00:00,2023-03-17 23:00:00+00:00
2023-03-17 07:00:00+00:00,134.0,9,2023-03-16 23:00:00+00:00,2023-03-17 23:00:00+00:00
2023-03-17 08:00:00+00:00,103.9,10,2023-03-16 23:00:00+00:00,2023-03-17 23:00:00+00:00
2023-03-17 09:00:00+00:00,97.7,11,2023-03-16 23:00:00+00:00,2023-03-17 23:00:00+00:00
2023-03-17 10:00:00+00:00,92.4,12,2023-03-16 23:00:00+00:00,2023-03-17 23:00:00+00:00
2023-03-17 11:00:00+00:00,78.15,13,2023-03-16 23:00:00+00:00,2023-03-17 23:00:00+00:00
2023-03-17 12:00:00+00:00,90.63,14,2023-03-16 23:00:00+00:00,2023-03-17 23:00:00+00:00
2023-03-17 13:00:00+00:00,89.51,15,2023-03-16 23:00:00+00:00,2023-03-17 23:00:00+00:00
2023-03-17 14:00:00+00:00,99.03,16,2023-03-16 23:00:00+00:00,2023-03-17 23:00:00+00:00
2023-03-17 15:00:00+00:00,109.54,17,2023-03-16 23:00:00+00:00,2023-03-17 23:00:00+00:00
2023-03-17 16:00:00+00:00,126.76,18,2023-03-16 23:00:00+00:00,2023-03-17 23:00:00+00:00
2023-03-17 17:00:00+00:00,139.9,19,2023-03-16 23:00:00+00:00,2023-03-17 23:00:00+00:00
2023-03-17 18:00:00+00:00,163.71,20,2023-03-16 23:00:00+00:00,2023-03-17 23:00:00+00:00
2023-03-17 19:00:00+00:00,139.9,21,2023-03-16 23:00:00+00:00,2023-03-17 23:00:00+00:00
2023-03-17 20:00:00+00:00,129.19,22,2023-03-16 23:00:00+00:00,2023-03-17 23:00:00+00:00
2023-03-17 21:00:00+00:00,119.9,23,2023-03-16 23:00:00+00:00,2023-03-17 23:00:00+00:00
2023-03-17 22:00:00+00:00,128.75,24,2023-03-16 23:00:00+00:00,2023-03-17 23:00:00+00:00
2023-03-17 23:00:00+00:00,120.16,1,2023-03-17 23:00:00+00:00,2023-03-18 23:00:00+00:00
2023-03-18 00:00:00+00:00,119.1,2,2023-03-17 23:00:00+00:00,2023-03-18 23:00:00+00:00
2023-03-18 01:00:00+00:00,100.0,3,2023-03-17 23:00:00+00:00,2023-03-18 23:00:00+00:00
2023-03-18 02:00:00+00:00,95.0,4,2023-03-17 23:00:00+00:00,2023-03-18 23:00:00+00:00
2023-03-18 03:00:00+00:00,96.18,5,2023-03-17 23:00:00+00:00,2023-03-18 23:00:00+00:00
2023-03-18 04:00:00+00:00,99.8,6,2023-03-17 23:00:00+00:00,2023-03-18 23:00:00+00:00
2023-03-18 05:00:00+00:00,103.5,7,2023-03-17 23:00:00+00:00,2023-03-18 23:00:00+00:00
2023-03-18 06:00:00+00:00,105.43,8,2023-03-17 23:00:00+00:00,2023-03-18 23:00:00+00:00
2023-03-18 07:00:00+00:00,100.76,9,2023-03-17 23:00:00+00:00,2023-03-18 23:00:00+00:00
2023-03-18 08:00:00+00:00,102.65,10,2023-03-17 23:00:00+00:00,2023-03-18 23:00:00+00:00
2023-03-18 09:00:00+00:00,97.02,11,2023-03-17 23:00:00+00:00,2023-03-18 23:00:00+00:00
2023-03-18 10:00:00+00:00,91.15,12,2023-03-17 23:00:00+00:00,2023-03-18 23:00:00+00:00
2023-03-18 11:00:00+00:00,84.06,13,2023-03-17 23:00:00+00:00,2023-03-18 23:00:00+00:00
2023-03-18 12:00:00+00:00,80.42,14,2023-03-17 23:00:00+00:00,2023-03-18 23:00:00+00:00
2023-03-18 13:00:00+00:00,87.52,15,2023-03-17 23:00:00+00:00,2023-03-18 23:00:00+00:00
2023-03-18 14:00:00+00:00,92.08,16,2023-03-17 23:00:00+00:00,2023-03-18 23:00:00+00:00
2023-03-18 15:00:00+00:00,104.43,17,2023-03-17 23:00:00+00:00,2023-03-18 23:00:00+00:00
2023-03-18 16:00:00+00:00,130.74,18,2023-03-17 23:00:00+00:00,2023-03-18 23:00:00+00:00
2023-03-18 17:00:00+00:00,156.95,19,2023-03-17 23:00:00+00:00,2023-03-18 23:00:00+00:00
2023-03-18 18:00:00+00:00,169.54,20,2023-03-17 23:00:00+00:00,2023-03-18 23:00:00+00:00
2023-03-18 19:00:00+00:00,144.15,21,2023-03-17 23:00:00+00:00,2023-03-18 23:00:00+00:00
2023-03-18 20:00:00+00:00,132.92,22,2023-03-17 23:00:00+00:00,2023-03-18 23:00:00+00:00
2023-03-18 21:00:00+00:00,129.95,23,2023-03-17 23:00:00+00:00,2023-03-18 23:00:00+00:00
2023-03-18 22:00:00+00:00,118.46,24,2023-03-17 23:00:00+00:00,2023-03-18 23:00:00+00:00
2023-03-18 23:00:00+00:00,110.03,1,2023-03-18 23:00:00+00:00,2023-03-19 23:00:00+00:00
2023-03-19 00:00:00+00:00,106.0,2,2023-03-18 23:00:00+00:00,2023-03-19 23:00:00+00:00
2023-03-19 01:00:00+00:00,99.6,3,2023-03-18 23:00:00+00:00,2023-03-19 23:00:00+00:00
2023-03-19 02:00:00+00:00,99.18,4,2023-03-18 23:00:00+00:00,2023-03-19 23:00:00+00:00
2023-03-19 03:00:00+00:00,98.74,5,2023-03-18 23:00:00+00:00,2023-03-19 23:00:00+00:00
2023-03-19 04:00:00+00:00,103.36,6,2023-03-18 23:00:00+00:00,2023-03-19 23:00:00+00:00
2023-03-19 05:00:00+00:00,100.0,7,2023-03-18 23:00:00+00:00,2023-03-19 23:00:00+00:00
2023-03-19 06:00:00+00:00,102.45,8,2023-03-18 23:00:00+00:00,2023-03-19 23:00:00+00:00
2023-03-19 07:00:00+00:00,101.44,9,2023-03-18 23:00:00+00:00,2023-03-19 23:00:00+00:00
2023-03-19 08:00:00+00:00,102.26,10,2023-03-18 23:00:00+00:00,2023-03-19 23:00:00+00:00
2023-03-19 09:00:00+00:00,100.56,11,2023-03-18 23:00:00+00:00,2023-03-19 23:00:00+00:00
2023-03-19 10:00:00+00:00,99.29,12,2023-03-18 23:00:00+00:00,2023-03-19 23:00:00+00:00
2023-03-19 11:00:00+00:00,97.46,13,2023-03-18 23:00:00+00:00,2023-03-19 23:00:00+00:00
2023-03-19 12:00:00+00:00,94.04,14,2023-03-18 23:00:00+00:00,2023-03-19 23:00:00+00:00
2023-03-19 13:00:00+00:00,95.01,15,2023-03-18 23:00:00+00:00,2023-03-19 23:00:00+00:00
2023-03-19 14:00:00+00:00,98.67,16,2023-03-18 23:00:00+00:00,2023-03-19 23:00:00+00:00
2023-03-19 15:00:00+00:00,106.09,17,2023-03-18 23:00:00+00:00,2023-03-19 23:00:00+00:00
2023-03-19 16:00:00+00:00,134.62,18,2023-03-18 23:00:00+00:00,2023-03-19 23:00:00+00:00
2023-03-19 17:00:00+00:00,145.0,19,2023-03-18 23:00:00+00:00,2023-03-19 23:00:00+00:00
2023-03-19 18:00:00+00:00,152.91,20,2023-03-18 23:00:00+00:00,2023-03-19 23:00:00+00:00
2023-03-19 19:00:00+00:00,144.71,21,2023-03-18 23:00:00+00:00,2023-03-19 23:00:00+00:00
2023-03-19 20:00:00+00:00,135.27,22,2023-03-18 23:00:00+00:00,2023-03-19 23:00:00+00:00
2023-03-19 21:00:00+00:00,132.9,23,2023-03-18 23:00:00+00:00,2023-03-19 23:00:00+00:00
2023-03-19 22:00:00+00:00,130.0,24,2023-03-18 23:00:00+00:00,2023-03-19 23:00:00+00:00
2023-03-19 23:00:00+00:00,124.0,1,2023-03-19 23:00:00+00:00,2023-03-20 23:00:00+00:00
2023-03-20 00:00:00+00:00,114.94,2,2023-03-19 23:00:00+00:00,2023-03-20 23:00:00+00:00
2023-03-20 01:00:00+00:00,113.06,3,2023-03-19 23:00:00+00:00,2023-03-20 23:00:00+00:00
2023-03-20 02:00:00+00:00,110.18,4,2023-03-19 23:00:00+00:00,2023-03-20 23:00:00+00:00
2023-03-20 03:00:00+00:00,110.25,5,2023-03-19 23:00:00+00:00,2023-03-20 23:00:00+00:00
2023-03-20 04:00:00+00:00,116.4,6,2023-03-19 23:00:00+00:00,2023-03-20 23:00:00+00:00
2023-03-20 05:00:00+00:00,135.77,7,2023-03-19 23:00:00+00:00,2023-03-20 23:00:00+00:00
2023-03-20 06:00:00+00:00,148.43,8,2023-03-19 23:00:00+00:00,2023-03-20 23:00:00+00:00
2023-03-20 07:00:00+00:00,148.51,9,2023-03-19 23:00:00+00:00,2023-03-20 23:00:00+00:00
2023-03-20 08:00:00+00:00,137.56,10,2023-03-19 23:00:00+00:00,2023-03-20 23:00:00+00:00
2023-03-20 09:00:00+00:00,122.75,11,2023-03-19 23:00:00+00:00,2023-03-20 23:00:00+00:00
2023-03-20 10:00:00+00:00,115.79,12,2023-03-19 23:00:00+00:00,2023-03-20 23:00:00+00:00
2023-03-20 11:00:00+00:00,104.58,13,2023-03-19 23:00:00+00:00,2023-03-20 23:00:00+00:00
2023-03-20 12:00:00+00:00,99.94,14,2023-03-19 23:00:00+00:00,2023-03-20 23:00:00+00:00
2023-03-20 13:00:00+00:00,101.69,15,2023-03-19 23:00:00+00:00,2023-03-20 23:00:00+00:00
2023-03-20 14:00:00+00:00,104.72,16,2023-03-19 23:00:00+00:00,2023-03-20 23:00:00+00:00
2023-03-20 15:00:00+00:00,113.82,17,2023-03-19 23:00:00+00:00,2023-03-20 23:00:00+00:00
2023-03-20 16:00:00+00:00,132.82,18,2023-03-19 23:00:00+00:00,2023-03-20 23:00:00+00:00
2023-03-20 17:00:00+00:00,150.96,19,2023-03-19 23:00:00+00:00,2023-03-20 23:00:00+00:00
2023-03-20 18:00:00+00:00,165.47,20,2023-03-19 23:00:00+00:00,2023-03-20 23:00:00+00:00
2023-03-20 19:00:00+00:00,152.36,21,2023-03-19 23:00:00+00:00,2023-03-20 23:00:00+00:00
2023-03-20 20:00:00+00:00,135.49,22,2023-03-19 23:00:00+00:00,2023-03-20 23:00:00+00:00
2023-03-20 21:00:00+00:00,127.5,23,2023-03-19 23:00:00+00:00,2023-03-20 23:00:00+00:00
2023-03-20 22:00:00+00:00,117.04,24,2023-03-19 23:00:00+00:00,2023-03-20 23:00:00+00:00
2023-03-20 23:00:00+00:00,120.79,1,2023-03-20 23:00:00+00:00,2023-03-21 23:00:00+00:00
2023-03-21 00:00:00+00:00,112.28,2,2023-03-20 23:00:00+00:00,2023-03-21 23:00:00+00:00
2023-03-21 01:00:00+00:00,111.56,3,2023-03-20 23:00:00+00:00,2023-03-21 23:00:00+00:00
2023-03-21 02:00:00+00:00,108.65,4,2023-03-20 23:00:00+00:00,2023-03-21 23:00:00+00:00
2023-03-21 03:00:00+00:00,110.0,5,2023-03-20 23:00:00+00:00,2023-03-21 23:00:00+00:00
2023-03-21 04:00:00+00:00,118.21,6,2023-03-20 23:00:00+00:00,2023-03-21 23:00:00+00:00
2023-03-21 05:00:00+00:00,129.79,7,2023-03-20 23:00:00+00:00,2023-03-21 23:00:00+00:00
2023-03-21 06:00:00+00:00,145.47,8,2023-03-20 23:00:00+00:00,2023-03-21 23:00:00+00:00
2023-03-21 07:00:00+00:00,143.43,9,2023-03-20 23:00:00+00:00,2023-03-21 23:00:00+00:00
2023-03-21 08:00:00+00:00,128.5,10,2023-03-20 23:00:00+00:00,2023-03-21 23:00:00+00:00
2023-03-21 09:00:00+00:00,115.0,11,2023-03-20 23:00:00+00:00,2023-03-21 23:00:00+00:00
2023-03-21 10:00:00+00:00,106.67,12,2023-03-20 23:00:00+00:00,2023-03-21 23:00:00+00:00
2023-03-21 11:00:00+00:00,101.91,13,2023-03-20 23:00:00+00:00,2023-03-21 23:00:00+00:00
2023-03-21 12:00:00+00:00,99.48,14,2023-03-20 23:00:00+00:00,2023-03-21 23:00:00+00:00
2023-03-21 13:00:00+00:00,96.09,15,2023-03-20 23:00:00+00:00,2023-03-21 23:00:00+00:00
2023-03-21 14:00:00+00:00,98.25,16,2023-03-20 23:00:00+00:00,2023-03-21 23:00:00+00:00
2023-03-21 15:00:00+00:00,101.12,17,2023-03-20 23:00:00+00:00,2023-03-21 23:00:00+00:00
2023-03-21 16:00:00+00:00,112.94,18,2023-03-20 23:00:00+00:00,2023-03-21 23:00:00+00:00
2023-03-21 17:00:00+00:00,132.04,19,2023-03-20 23:00:00+00:00,2023-03-21 23:00:00+00:00
2023-03-21 18:00:00+00:00,143.26,20,2023-03-20 23:00:00+00:00,2023-03-21 23:00:00+00:00
2023-03-21 19:00:00+00:00,112.34,21,2023-03-20 23:00:00+00:00,2023-03-21 23:00:00+00:00
2023-03-21 20:00:00+00:00,101.0,22,2023-03-20 23:00:00+00:00,2023-03-21 23:00:00+00:00
2023-03-21 21:00:00+00:00,92.18,23,2023-03-20 23:00:00+00:00,2023-03-21 23:00:00+00:00
2023-03-21 22:00:00+00:00,90.36,24,2023-03-20 23:00:00+00:00,2023-03-21 23:00:00+00:00
2023-03-21 23:00:00+00:00,77.06,1,2023-03-21 23:00:00+00:00,2023-03-22 23:00:00+00:00
2023-03-22 00:00:00+00:00,73.19,2,2023-03-21 23:00:00+00:00,2023-03-22 23:00:00+00:00
2023-03-22 01:00:00+00:00,73.39,3,2023-03-21 23:00:00+00:00,2023-03-22 23:00:00+00:00
2023-03-22 02:00:00+00:00,68.81,4,2023-03-21 23:00:00+00:00,2023-03-22 23:00:00+00:00
2023-03-22 03:00:00+00:00,66.48,5,2023-03-21 23:00:00+00:00,2023-03-22 23:00:00+00:00
2023-03-22 04:00:00+00:00,71.91,6,2023-03-21 23:00:00+00:00,2023-03-22 23:00:00+00:00
2023-03-22 05:00:00+00:00,84.48,7,2023-03-21 23:00:00+00:00,2023-03-22 23:00:00+00:00
2023-03-22 06:00:00+00:00,102.54,8,2023-03-21 23:00:00+00:00,2023-03-22 23:00:00+00:00
2023-03-22 07:00:00+00:00,107.54,9,2023-03-21 23:00:00+00:00,2023-03-22 23:00:00+00:00
2023-03-22 08:00:00+00:00,92.6,10,2023-03-21 23:00:00+00:00,2023-03-22 23:00:00+00:00
2023-03-22 09:00:00+00:00,78.76,11,2023-03-21 23:00:00+00:00,2023-03-22 23:00:00+00:00
2023-03-22 10:00:00+00:00,81.52,12,2023-03-21 23:00:00+00:00,2023-03-22 23:00:00+00:00
2023-03-22 11:00:00+00:00,73.04,13,2023-03-21 23:00:00+00:00,2023-03-22 23:00:00+00:00
2023-03-22 12:00:00+00:00,71.1,14,2023-03-21 23:00:00+00:00,2023-03-22 23:00:00+00:00
2023-03-22 13:00:00+00:00,78.57,15,2023-03-21 23:00:00+00:00,2023-03-22 23:00:00+00:00
2023-03-22 14:00:00+00:00,69.95,16,2023-03-21 23:00:00+00:00,2023-03-22 23:00:00+00:00
2023-03-22 15:00:00+00:00,81.84,17,2023-03-21 23:00:00+00:00,2023-03-22 23:00:00+00:00
2023-03-22 16:00:00+00:00,100.62,18,2023-03-21 23:00:00+00:00,2023-03-22 23:00:00+00:00
2023-03-22 17:00:00+00:00,118.72,19,2023-03-21 23:00:00+00:00,2023-03-22 23:00:00+00:00
2023-03-22 18:00:00+00:00,139.78,20,2023-03-21 23:00:00+00:00,2023-03-22 23:00:00+00:00
2023-03-22 19:00:00+00:00,125.14,21,2023-03-21 23:00:00+00:00,2023-03-22 23:00:00+00:00
2023-03-22 20:00:00+00:00,108.37,22,2023-03-21 23:00:00+00:00,2023-03-22 23:00:00+00:00
2023-03-22 21:00:00+00:00,99.9,23,2023-03-21 23:00:00+00:00,2023-03-22 23:00:00+00:00
2023-03-22 22:00:00+00:00,83.51,24,2023-03-21 23:00:00+00:00,2023-03-22 23:00:00+00:00
2023-03-22 23:00:00+00:00,67.93,1,2023-03-22 23:00:00+00:00,2023-03-23 23:00:00+00:00
2023-03-23 00:00:00+00:00,65.93,2,2023-03-22 23:00:00+00:00,2023-03-23 23:00:00+00:00
2023-03-23 01:00:00+00:00,55.66,3,2023-03-22 23:00:00+00:00,2023-03-23 23:00:00+00:00
2023-03-23 02:00:00+00:00,46.65,4,2023-03-22 23:00:00+00:00,2023-03-23 23:00:00+00:00
2023-03-23 03:00:00+00:00,32.46,5,2023-03-22 23:00:00+00:00,2023-03-23 23:00:00+00:00
2023-03-23 04:00:00+00:00,55.79,6,2023-03-22 23:00:00+00:00,2023-03-23 23:00:00+00:00
2023-03-23 05:00:00+00:00,80.58,7,2023-03-22 23:00:00+00:00,2023-03-23 23:00:00+00:00
2023-03-23 06:00:00+00:00,92.22,8,2023-03-22 23:00:00+00:00,2023-03-23 23:00:00+00:00
2023-03-23 07:00:00+00:00,95.0,9,2023-03-22 23:00:00+00:00,2023-03-23 23:00:00+00:00
2023-03-23 08:00:00+00:00,74.9,10,2023-03-22 23:00:00+00:00,2023-03-23 23:00:00+00:00
2023-03-23 09:00:00+00:00,41.4,11,2023-03-22 23:00:00+00:00,2023-03-23 23:00:00+00:00
2023-03-23 10:00:00+00:00,35.03,12,2023-03-22 23:00:00+00:00,2023-03-23 23:00:00+00:00
2023-03-23 11:00:00+00:00,35.37,13,2023-03-22 23:00:00+00:00,2023-03-23 23:00:00+00:00
2023-03-23 12:00:00+00:00,36.41,14,2023-03-22 23:00:00+00:00,2023-03-23 23:00:00+00:00
2023-03-23 13:00:00+00:00,50.9,15,2023-03-22 23:00:00+00:00,2023-03-23 23:00:00+00:00
2023-03-23 14:00:00+00:00,54.0,16,2023-03-22 23:00:00+00:00,2023-03-23 23:00:00+00:00
2023-03-23 15:00:00+00:00,89.39,17,2023-03-22 23:00:00+00:00,2023-03-23 23:00:00+00:00
2023-03-23 16:00:00+00:00,119.47,18,2023-03-22 23:00:00+00:00,2023-03-23 23:00:00+00:00
2023-03-23 17:00:00+00:00,136.86,19,2023-03-22 23:00:00+00:00,2023-03-23 23:00:00+00:00
2023-03-23 18:00:00+00:00,144.37,20,2023-03-22 23:00:00+00:00,2023-03-23 23:00:00+00:00
2023-03-23 19:00:00+00:00,122.04,21,2023-03-22 23:00:00+00:00,2023-03-23 23:00:00+00:00
2023-03-23 20:00:00+00:00,92.03,22,2023-03-22 23:00:00+00:00,2023-03-23 23:00:00+00:00
2023-03-23 21:00:00+00:00,88.85,23,2023-03-22 23:00:00+00:00,2023-03-23 23:00:00+00:00
2023-03-23 22:00:00+00:00,77.54,24,2023-03-22 23:00:00+00:00,2023-03-23 23:00:00+00:00
2023-03-23 23:00:00+00:00,54.98,1,2023-03-23 23:00:00+00:00,2023-03-24 23:00:00+00:00
2023-03-24 00:00:00+00:00,43.8,2,2023-03-23 23:00:00+00:00,2023-03-24 23:00:00+00:00
2023-03-24 01:00:00+00:00,40.67,3,2023-03-23 23:00:00+00:00,2023-03-24 23:00:00+00:00
2023-03-24 02:00:00+00:00,39.92,4,2023-03-23 23:00:00+00:00,2023-03-24 23:00:00+00:00
2023-03-24 03:00:00+00:00,35.07,5,2023-03-23 23:00:00+00:00,2023-03-24 23:00:00+00:00
2023-03-24 04:00:00+00:00,40.19,6,2023-03-23 23:00:00+00:00,2023-03-24 23:00:00+00:00
2023-03-24 05:00:00+00:00,62.44,7,2023-03-23 23:00:00+00:00,2023-03-24 23:00:00+00:00
2023-03-24 06:00:00+00:00,81.23,8,2023-03-23 23:00:00+00:00,2023-03-24 23:00:00+00:00
2023-03-24 08:00:00+00:00,62.36,10,2023-03-23 23:00:00+00:00,2023-03-24 23:00:00+00:00
2023-03-24 09:00:00+00:00,21.3,11,2023-03-23 23:00:00+00:00,2023-03-24 23:00:00+00:00
2023-03-24 10:00:00+00:00,0.0,12,2023-03-23 23:00:00+00:00,2023-03-24 23:00:00+00:00
2023-03-24 11:00:00+00:00,-10.0,13,2023-03-23 23:00:00+00:00,2023-03-24 23:00:00+00:00
2023-03-24 12:00:00+00:00,-11.4,14,2023-03-23 23:00:00+00:00,2023-03-24 23:00:00+00:00
2023-03-24 13:00:00+00:00,-4.66,15,2023-03-23 23:00:00+00:00,2023-03-24 23:00:00+00:00
2023-03-24 14:00:00+00:00,4.9,16,2023-03-23 23:00:00+00:00,2023-03-24 23:00:00+00:00
2023-03-24 15:00:00+00:00,29.32,17,2023-03-23 23:00:00+00:00,2023-03-24 23:00:00+00:00
2023-03-24 16:00:00+00:00,79.43,18,2023-03-23 23:00:00+00:00,2023-03-24 23:00:00+00:00
2023-03-24 17:00:00+00:00,100.8,19,2023-03-23 23:00:00+00:00,2023-03-24 23:00:00+00:00
2023-03-24 18:00:00+00:00,116.23,20,2023-03-23 23:00:00+00:00,2023-03-24 23:00:00+00:00
2023-03-24 19:00:00+00:00,96.7,21,2023-03-23 23:00:00+00:00,2023-03-24 23:00:00+00:00
2023-03-24 20:00:00+00:00,82.47,22,2023-03-23 23:00:00+00:00,2023-03-24 23:00:00+00:00
2023-03-24 21:00:00+00:00,76.2,23,2023-03-23 23:00:00+00:00,2023-03-24 23:00:00+00:00
2023-03-24 22:00:00+00:00,64.9,24,2023-03-23 23:00:00+00:00,2023-03-24 23:00:00+00:00
2023-03-24 23:00:00+00:00,15.3,1,2023-03-24 23:00:00+00:00,2023-03-25 23:00:00+00:00
2023-03-25 00:00:00+00:00,0.1,2,2023-03-24 23:00:00+00:00,2023-03-25 23:00:00+00:00
2023-03-25 01:00:00+00:00,-3.0,3,2023-03-24 23:00:00+00:00,2023-03-25 23:00:00+00:00
2023-03-25 02:00:00+00:00,-0.21,4,2023-03-24 23:00:00+00:00,2023-03-25 23:00:00+00:00
2023-03-25 03:00:00+00:00,-1.15,5,2023-03-24 23:00:00+00:00,2023-03-25 23:00:00+00:00
2023-03-25 04:00:00+00:00,-1.99,6,2023-03-24 23:00:00+00:00,2023-03-25 23:00:00+00:00
2023-03-25 05:00:00+00:00,-2.37,7,2023-03-24 23:00:00+00:00,2023-03-25 23:00:00+00:00
2023-03-25 06:00:00+00:00,0.0,8,2023-03-24 23:00:00+00:00,2023-03-25 23:00:00+00:00
2023-03-25 08:00:00+00:00,-3.94,10,2023-03-24 23:00:00+00:00,2023-03-25 23:00:00+00:00
2023-03-25 09:00:00+00:00,-7.99,11,2023-03-24 23:00:00+00:00,2023-03-25 23:00:00+00:00
2023-03-25 10:00:00+00:00,-2.18,12,2023-03-24 23:00:00+00:00,2023-03-25 23:00:00+00:00
2023-03-25 11:00:00+00:00,-6.67,13,2023-03-24 23:00:00+00:00,2023-03-25 23:00:00+00:00
2023-03-25 12:00:00+00:00,-9.71,14,2023-03-24 23:00:00+00:00,2023-03-25 23:00:00+00:00
2023-03-25 13:00:00+00:00,-9.53,15,2023-03-24 23:00:00+00:00,2023-03-25 23:00:00+00:00
2023-03-25 14:00:00+00:00,-1.75,16,2023-03-24 23:00:00+00:00,2023-03-25 23:00:00+00:00
2023-03-25 15:00:00+00:00,-1.01,17,2023-03-24 23:00:00+00:00,2023-03-25 23:00:00+00:00
2023-03-25 16:00:00+00:00,31.92,18,2023-03-24 23:00:00+00:00,2023-03-25 23:00:00+00:00
2023-03-25 17:00:00+00:00,75.0,19,2023-03-24 23:00:00+00:00,2023-03-25 23:00:00+00:00
2023-03-25 18:00:00+00:00,99.98,20,2023-03-24 23:00:00+00:00,2023-03-25 23:00:00+00:00
2023-03-25 19:00:00+00:00,99.9,21,2023-03-24 23:00:00+00:00,2023-03-25 23:00:00+00:00
2023-03-25 20:00:00+00:00,97.55,22,2023-03-24 23:00:00+00:00,2023-03-25 23:00:00+00:00
2023-03-25 21:00:00+00:00,98.0,23,2023-03-24 23:00:00+00:00,2023-03-25 23:00:00+00:00
2023-03-25 22:00:00+00:00,97.6,24,2023-03-24 23:00:00+00:00,2023-03-25 23:00:00+00:00
2023-03-25 23:00:00+00:00,94.57,1,2023-03-25 23:00:00+00:00,2023-03-26 22:00:00+00:00
2023-03-26 00:00:00+00:00,80.0,2,2023-03-25 23:00:00+00:00,2023-03-26 22:00:00+00:00
2023-03-26 01:00:00+00:00,84.9,3,2023-03-25 23:00:00+00:00,2023-03-26 22:00:00+00:00
2023-03-26 02:00:00+00:00,73.62,4,2023-03-25 23:00:00+00:00,2023-03-26 22:00:00+00:00
2023-03-26 03:00:00+00:00,73.65,5,2023-03-25 23:00:00+00:00,2023-03-26 22:00:00+00:00
2023-03-26 04:00:00+00:00,63.49,6,2023-03-25 23:00:00+00:00,2023-03-26 22:00:00+00:00
2023-03-26 05:00:00+00:00,73.09,7,2023-03-25 23:00:00+00:00,2023-03-26 22:00:00+00:00
2023-03-26 06:00:00+00:00,78.35,8,2023-03-25 23:00:00+00:00,2023-03-26 22:00:00+00:00
2023-03-26 07:00:00+00:00,84.69,9,2023-03-25 23:00:00+00:00,2023-03-26 22:00:00+00:00
2023-03-26 08:00:00+00:00,88.7,10,2023-03-25 23:00:00+00:00,2023-03-26 22:00:00+00:00
2023-03-26 09:00:00+00:00,84.9,11,2023-03-25 23:00:00+00:00,2023-03-26 22:00:00+00:00
2023-03-26 10:00:00+00:00,74.9,12,2023-03-25 23:00:00+00:00,2023-03-26 22:00:00+00:00
2023-03-26 11:00:00+00:00,61.67,13,2023-03-25 23:00:00+00:00,2023-03-26 22:00:00+00:00
2023-03-26 12:00:00+00:00,50.46,14,2023-03-25 23:00:00+00:00,2023-03-26 22:00:00+00:00
2023-03-26 13:00:00+00:00,45.57,15,2023-03-25 23:00:00+00:00,2023-03-26 22:00:00+00:00
2023-03-26 14:00:00+00:00,48.35,16,2023-03-25 23:00:00+00:00,2023-03-26 22:00:00+00:00
2023-03-26 15:00:00+00:00,77.09,17,2023-03-25 23:00:00+00:00,2023-03-26 22:00:00+00:00
2023-03-26 16:00:00+00:00,106.65,18,2023-03-25 23:00:00+00:00,2023-03-26 22:00:00+00:00
2023-03-26 17:00:00+00:00,117.86,19,2023-03-25 23:00:00+00:00,2023-03-26 22:00:00+00:00
2023-03-26 18:00:00+00:00,112.59,20,2023-03-25 23:00:00+00:00,2023-03-26 22:00:00+00:00
2023-03-26 19:00:00+00:00,104.63,21,2023-03-25 23:00:00+00:00,2023-03-26 22:00:00+00:00
2023-03-26 20:00:00+00:00,99.42,22,2023-03-25 23:00:00+00:00,2023-03-26 22:00:00+00:00
2023-03-26 21:00:00+00:00,94.64,23,2023-03-25 23:00:00+00:00,2023-03-26 22:00:00+00:00
2023-03-26 22:00:00+00:00,96.0,1,2023-03-26 22:00:00+00:00,2023-03-27 22:00:00+00:00
2023-03-26 23:00:00+00:00,91.71,2,2023-03-26 22:00:00+00:00,2023-03-27 22:00:00+00:00
2023-03-27 00:00:00+00:00,87.48,3,2023-03-26 22:00:00+00:00,2023-03-27 22:00:00+00:00
2023-03-27 01:00:00+00:00,83.99,4,2023-03-26 22:00:00+00:00,2023-03-27 22:00:00+00:00
2023-03-27 02:00:00+00:00,84.9,5,2023-03-26 22:00:00+00:00,2023-03-27 22:00:00+00:00
2023-03-27 03:00:00+00:00,86.59,6,2023-03-26 22:00:00+00:00,2023-03-27 22:00:00+00:00
2023-03-27 04:00:00+00:00,115.0,7,2023-03-26 22:00:00+00:00,2023-03-27 22:00:00+00:00
2023-03-27 05:00:00+00:00,142.99,8,2023-03-26 22:00:00+00:00,2023-03-27 22:00:00+00:00
2023-03-27 06:00:00+00:00,149.38,9,2023-03-26 22:00:00+00:00,2023-03-27 22:00:00+00:00
2023-03-27 07:00:00+00:00,85.0,10,2023-03-26 22:00:00+00:00,2023-03-27 22:00:00+00:00
2023-03-27 08:00:00+00:00,60.1,11,2023-03-26 22:00:00+00:00,2023-03-27 22:00:00+00:00
2023-03-27 09:00:00+00:00,50.75,12,2023-03-26 22:00:00+00:00,2023-03-27 22:00:00+00:00
2023-03-27 10:00:00+00:00,0.0,13,2023-03-26 22:00:00+00:00,2023-03-27 22:00:00+00:00
2023-03-27 12:00:00+00:00,-10.02,15,2023-03-26 22:00:00+00:00,2023-03-27 22:00:00+00:00
2023-03-27 13:00:00+00:00,-20.02,16,2023-03-26 22:00:00+00:00,2023-03-27 22:00:00+00:00
2023-03-27 14:00:00+00:00,0.0,17,2023-03-26 22:00:00+00:00,2023-03-27 22:00:00+00:00
2023-03-27 15:00:00+00:00,63.98,18,2023-03-26 22:00:00+00:00,2023-03-27 22:00:00+00:00
2023-03-27 16:00:00+00:00,100.4,19,2023-03-26 22:00:00+00:00,2023-03-27 22:00:00+00:00
2023-03-27 17:00:00+00:00,135.91,20,2023-03-26 22:00:00+00:00,2023-03-27 22:00:00+00:00
2023-03-27 18:00:00+00:00,189.0,21,2023-03-26 22:00:00+00:00,2023-03-27 22:00:00+00:00
2023-03-27 19:00:00+00:00,144.7,22,2023-03-26 22:00:00+00:00,2023-03-27 22:00:00+00:00
2023-03-27 20:00:00+00:00,113.58,23,2023-03-26 22:00:00+00:00,2023-03-27 22:00:00+00:00
2023-03-27 21:00:00+00:00,94.8,24,2023-03-26 22:00:00+00:00,2023-03-27 22:00:00+00:00
2023-03-27 22:00:00+00:00,99.9,1,2023-03-27 22:00:00+00:00,2023-03-28 22:00:00+00:00
2023-03-27 23:00:00+00:00,104.5,2,2023-03-27 22:00:00+00:00,2023-03-28 22:00:00+00:00
2023-03-28 00:00:00+00:00,100.1,3,2023-03-27 22:00:00+00:00,2023-03-28 22:00:00+00:00
2023-03-28 01:00:00+00:00,96.1,4,2023-03-27 22:00:00+00:00,2023-03-28 22:00:00+00:00
2023-03-28 02:00:00+00:00,95.4,5,2023-03-27 22:00:00+00:00,2023-03-28 22:00:00+00:00
2023-03-28 03:00:00+00:00,100.77,6,2023-03-27 22:00:00+00:00,2023-03-28 22:00:00+00:00
2023-03-28 04:00:00+00:00,130.04,7,2023-03-27 22:00:00+00:00,2023-03-28 22:00:00+00:00
2023-03-28 05:00:00+00:00,160.07,8,2023-03-27 22:00:00+00:00,2023-03-28 22:00:00+00:00
2023-03-28 06:00:00+00:00,159.77,9,2023-03-27 22:00:00+00:00,2023-03-28 22:00:00+00:00
2023-03-28 07:00:00+00:00,125.21,10,2023-03-27 22:00:00+00:00,2023-03-28 22:00:00+00:00
2023-03-28 08:00:00+00:00,104.28,11,2023-03-27 22:00:00+00:00,2023-03-28 22:00:00+00:00
2023-03-28 09:00:00+00:00,94.89,12,2023-03-27 22:00:00+00:00,2023-03-28 22:00:00+00:00
2023-03-28 10:00:00+00:00,91.3,13,2023-03-27 22:00:00+00:00,2023-03-28 22:00:00+00:00
2023-03-28 11:00:00+00:00,86.87,14,2023-03-27 22:00:00+00:00,2023-03-28 22:00:00+00:00
2023-03-28 12:00:00+00:00,90.0,15,2023-03-27 22:00:00+00:00,2023-03-28 22:00:00+00:00
2023-03-28 13:00:00+00:00,94.32,16,2023-03-27 22:00:00+00:00,2023-03-28 22:00:00+00:00
2023-03-28 14:00:00+00:00,96.08,17,2023-03-27 22:00:00+00:00,2023-03-28 22:00:00+00:00
2023-03-28 15:00:00+00:00,108.59,18,2023-03-27 22:00:00+00:00,2023-03-28 22:00:00+00:00
2023-03-28 16:00:00+00:00,136.87,19,2023-03-27 22:00:00+00:00,2023-03-28 22:00:00+00:00
2023-03-28 17:00:00+00:00,160.98,20,2023-03-27 22:00:00+00:00,2023-03-28 22:00:00+00:00
2023-03-28 18:00:00+00:00,135.94,21,2023-03-27 22:00:00+00:00,2023-03-28 22:00:00+00:00
2023-03-28 19:00:00+00:00,132.0,22,2023-03-27 22:00:00+00:00,2023-03-28 22:00:00+00:00
2023-03-28 20:00:00+00:00,125.01,23,2023-03-27 22:00:00+00:00,2023-03-28 22:00:00+00:00
2023-03-28 21:00:00+00:00,110.39,24,2023-03-27 22:00:00+00:00,2023-03-28 22:00:00+00:00
2023-03-28 22:00:00+00:00,96.65,1,2023-03-28 22:00:00+00:00,2023-03-29 22:00:00+00:00
2023-03-28 23:00:00+00:00,95.0,2,2023-03-28 22:00:00+00:00,2023-03-29 22:00:00+00:00
2023-03-29 00:00:00+00:00,95.4,3,2023-03-28 22:00:00+00:00,2023-03-29 22:00:00+00:00
2023-03-29 01:00:00+00:00,98.04,4,2023-03-28 22:00:00+00:00,2023-03-29 22:00:00+00:00
2023-03-29 02:00:00+00:00,98.0,5,2023-03-28 22:00:00+00:00,2023-03-29 22:00:00+00:00
2023-03-29 03:00:00+00:00,99.2,6,2023-03-28 22:00:00+00:00,2023-03-29 22:00:00+00:00
2023-03-29 04:00:00+00:00,117.04,7,2023-03-28 22:00:00+00:00,2023-03-29 22:00:00+00:00
2023-03-29 05:00:00+00:00,144.13,8,2023-03-28 22:00:00+00:00,2023-03-29 22:00:00+00:00
2023-03-29 06:00:00+00:00,152.0,9,2023-03-28 22:00:00+00:00,2023-03-29 22:00:00+00:00
2023-03-29 07:00:00+00:00,144.17,10,2023-03-28 22:00:00+00:00,2023-03-29 22:00:00+00:00
2023-03-29 08:00:00+00:00,130.0,11,2023-03-28 22:00:00+00:00,2023-03-29 22:00:00+00:00
2023-03-29 09:00:00+00:00,119.0,12,2023-03-28 22:00:00+00:00,2023-03-29 22:00:00+00:00
2023-03-29 10:00:00+00:00,110.98,13,2023-03-28 22:00:00+00:00,2023-03-29 22:00:00+00:00
2023-03-29 11:00:00+00:00,105.6,14,2023-03-28 22:00:00+00:00,2023-03-29 22:00:00+00:00
2023-03-29 12:00:00+00:00,101.55,15,2023-03-28 22:00:00+00:00,2023-03-29 22:00:00+00:00
2023-03-29 13:00:00+00:00,104.94,16,2023-03-28 22:00:00+00:00,2023-03-29 22:00:00+00:00
2023-03-29 14:00:00+00:00,105.9,17,2023-03-28 22:00:00+00:00,2023-03-29 22:00:00+00:00
2023-03-29 15:00:00+00:00,125.79,18,2023-03-28 22:00:00+00:00,2023-03-29 22:00:00+00:00
2023-03-29 16:00:00+00:00,143.19,19,2023-03-28 22:00:00+00:00,2023-03-29 22:00:00+00:00
2023-03-29 17:00:00+00:00,149.83,20,2023-03-28 22:00:00+00:00,2023-03-29 22:00:00+00:00
2023-03-29 18:00:00+00:00,132.26,21,2023-03-28 22:00:00+00:00,2023-03-29 22:00:00+00:00
2023-03-29 19:00:00+00:00,114.92,22,2023-03-28 22:00:00+00:00,2023-03-29 22:00:00+00:00
2023-03-29 20:00:00+00:00,109.9,23,2023-03-28 22:00:00+00:00,2023-03-29 22:00:00+00:00
2023-03-29 21:00:00+00:00,94.8,24,2023-03-28 22:00:00+00:00,2023-03-29 22:00:00+00:00
2023-03-29 22:00:00+00:00,89.71,1,2023-03-29 22:00:00+00:00,2023-03-30 22:00:00+00:00
2023-03-29 23:00:00+00:00,82.29,2,2023-03-29 22:00:00+00:00,2023-03-30 22:00:00+00:00
2023-03-30 00:00:00+00:00,80.78,3,2023-03-29 22:00:00+00:00,2023-03-30 22:00:00+00:00
2023-03-30 01:00:00+00:00,78.77,4,2023-03-29 22:00:00+00:00,2023-03-30 22:00:00+00:00
2023-03-30 02:00:00+00:00,77.91,5,2023-03-29 22:00:00+00:00,2023-03-30 22:00:00+00:00
2023-03-30 03:00:00+00:00,76.8,6,2023-03-29 22:00:00+00:00,2023-03-30 22:00:00+00:00
2023-03-30 04:00:00+00:00,88.64,7,2023-03-29 22:00:00+00:00,2023-03-30 22:00:00+00:00
2023-03-30 05:00:00+00:00,118.88,8,2023-03-29 22:00:00+00:00,2023-03-30 22:00:00+00:00
2023-03-30 06:00:00+00:00,129.3,9,2023-03-29 22:00:00+00:00,2023-03-30 22:00:00+00:00
2023-03-30 07:00:00+00:00,110.0,10,2023-03-29 22:00:00+00:00,2023-03-30 22:00:00+00:00
2023-03-30 08:00:00+00:00,90.66,11,2023-03-29 22:00:00+00:00,2023-03-30 22:00:00+00:00
2023-03-30 09:00:00+00:00,79.93,12,2023-03-29 22:00:00+00:00,2023-03-30 22:00:00+00:00
2023-03-30 10:00:00+00:00,64.55,13,2023-03-29 22:00:00+00:00,2023-03-30 22:00:00+00:00
2023-03-30 11:00:00+00:00,25.31,14,2023-03-29 22:00:00+00:00,2023-03-30 22:00:00+00:00
2023-03-30 12:00:00+00:00,5.1,15,2023-03-29 22:00:00+00:00,2023-03-30 22:00:00+00:00
2023-03-30 13:00:00+00:00,8.53,16,2023-03-29 22:00:00+00:00,2023-03-30 22:00:00+00:00
2023-03-30 14:00:00+00:00,38.26,17,2023-03-29 22:00:00+00:00,2023-03-30 22:00:00+00:00
2023-03-30 15:00:00+00:00,72.44,18,2023-03-29 22:00:00+00:00,2023-03-30 22:00:00+00:00
2023-03-30 16:00:00+00:00,97.55,19,2023-03-29 22:00:00+00:00,2023-03-30 22:00:00+00:00
2023-03-30 17:00:00+00:00,119.7,20,2023-03-29 22:00:00+00:00,2023-03-30 22:00:00+00:00
2023-03-30 18:00:00+00:00,119.37,21,2023-03-29 22:00:00+00:00,2023-03-30 22:00:00+00:00
2023-03-30 19:00:00+00:00,103.28,22,2023-03-29 22:00:00+00:00,2023-03-30 22:00:00+00:00
2023-03-30 20:00:00+00:00,100.07,23,2023-03-29 22:00:00+00:00,2023-03-30 22:00:00+00:00
2023-03-30 21:00:00+00:00,90.76,24,2023-03-29 22:00:00+00:00,2023-03-30 22:00:00+00:00
2023-03-30 22:00:00+00:00,65.13,1,2023-03-30 22:00:00+00:00,2023-03-31 22:00:00+00:00
2023-03-30 23:00:00+00:00,64.9,2,2023-03-30 22:00:00+00:00,2023-03-31 22:00:00+00:00
2023-03-31 00:00:00+00:00,57.1,3,2023-03-30 22:00:00+00:00,2023-03-31 22:00:00+00:00
2023-03-31 01:00:00+00:00,48.62,4,2023-03-30 22:00:00+00:00,2023-03-31 22:00:00+00:00
2023-03-31 02:00:00+00:00,64.9,5,2023-03-30 22:00:00+00:00,2023-03-31 22:00:00+00:00
2023-03-31 03:00:00+00:00,73.96,6,2023-03-30 22:00:00+00:00,2023-03-31 22:00:00+00:00
2023-03-31 04:00:00+00:00,109.22,7,2023-03-30 22:00:00+00:00,2023-03-31 22:00:00+00:00
2023-03-31 05:00:00+00:00,121.37,8,2023-03-30 22:00:00+00:00,2023-03-31 22:00:00+00:00
2023-03-31 06:00:00+00:00,124.55,9,2023-03-30 22:00:00+00:00,2023-03-31 22:00:00+00:00
2023-03-31 07:00:00+00:00,132.0,10,2023-03-30 22:00:00+00:00,2023-03-31 22:00:00+00:00
2023-03-31 08:00:00+00:00,105.18,11,2023-03-30 22:00:00+00:00,2023-03-31 22:00:00+00:00
2023-03-31 09:00:00+00:00,105.68,12,2023-03-30 22:00:00+00:00,2023-03-31 22:00:00+00:00
2023-03-31 10:00:00+00:00,89.47,13,2023-03-30 22:00:00+00:00,2023-03-31 22:00:00+00:00
2023-03-31 11:00:00+00:00,76.94,14,2023-03-30 22:00:00+00:00,2023-03-31 22:00:00+00:00
2023-03-31 12:00:00+00:00,81.3,15,2023-03-30 22:00:00+00:00,2023-03-31 22:00:00+00:00
2023-03-31 13:00:00+00:00,78.17,16,2023-03-30 22:00:00+00:00,2023-03-31 22:00:00+00:00
2023-03-31 14:00:00+00:00,77.64,17,2023-03-30 22:00:00+00:00,2023-03-31 22:00:00+00:00
2023-03-31 15:00:00+00:00,99.05,18,2023-03-30 22:00:00+00:00,2023-03-31 22:00:00+00:00
2023-03-31 16:00:00+00:00,112.61,19,2023-03-30 22:00:00+00:00,2023-03-31 22:00:00+00:00
2023-03-31 17:00:00+00:00,114.53,20,2023-03-30 22:00:00+00:00,2023-03-31 22:00:00+00:00
2023-03-31 18:00:00+00:00,109.67,21,2023-03-30 22:00:00+00:00,2023-03-31 22:00:00+00:00
2023-03-31 19:00:00+00:00,98.83,22,2023-03-30 22:00:00+00:00,2023-03-31 22:00:00+00:00
2023-03-31 20:00:00+00:00,86.73,23,2023-03-30 22:00:00+00:00,2023-03-31 22:00:00+00:00
2023-03-31 21:00:00+00:00,80.0,24,2023-03-30 22:00:00+00:00,2023-03-31 22:00:00+00:00
2023-03-31 22:00:00+00:00,82.19,1,2023-03-31 22:00:00+00:00,2023-04-01 22:00:00+00:00
2023-03-31 22:00:00+00:00,82.19,1,2023-03-31 22:00:00+00:00,2023-04-01 22:00:00+00:00
2023-03-31 23:00:00+00:00,63.9,2,2023-03-31 22:00:00+00:00,2023-04-01 22:00:00+00:00
2023-03-31 23:00:00+00:00,63.9,2,2023-03-31 22:00:00+00:00,2023-04-01 22:00:00+00:00
2023-04-01 00:00:00+00:00,53.84,3,2023-03-31 22:00:00+00:00,2023-04-01 22:00:00+00:00
2023-04-01 00:00:00+00:00,53.84,3,2023-03-31 22:00:00+00:00,2023-04-01 22:00:00+00:00
2023-04-01 01:00:00+00:00,53.99,4,2023-03-31 22:00:00+00:00,2023-04-01 22:00:00+00:00
2023-04-01 01:00:00+00:00,53.99,4,2023-03-31 22:00:00+00:00,2023-04-01 22:00:00+00:00
2023-04-01 02:00:00+00:00,55.01,5,2023-03-31 22:00:00+00:00,2023-04-01 22:00:00+00:00
2023-04-01 02:00:00+00:00,55.01,5,2023-03-31 22:00:00+00:00,2023-04-01 22:00:00+00:00
2023-04-01 03:00:00+00:00,70.0,6,2023-03-31 22:00:00+00:00,2023-04-01 22:00:00+00:00
2023-04-01 03:00:00+00:00,70.0,6,2023-03-31 22:00:00+00:00,2023-04-01 22:00:00+00:00
2023-04-01 04:00:00+00:00,80.58,7,2023-03-31 22:00:00+00:00,2023-04-01 22:00:00+00:00
2023-04-01 04:00:00+00:00,80.58,7,2023-03-31 22:00:00+00:00,2023-04-01 22:00:00+00:00
2023-04-01 05:00:00+00:00,85.0,8,2023-03-31 22:00:00+00:00,2023-04-01 22:00:00+00:00
2023-04-01 05:00:00+00:00,85.0,8,2023-03-31 22:00:00+00:00,2023-04-01 22:00:00+00:00
2023-04-01 06:00:00+00:00,90.0,9,2023-03-31 22:00:00+00:00,2023-04-01 22:00:00+00:00
2023-04-01 06:00:00+00:00,90.0,9,2023-03-31 22:00:00+00:00,2023-04-01 22:00:00+00:00
2023-04-01 07:00:00+00:00,86.7,10,2023-03-31 22:00:00+00:00,2023-04-01 22:00:00+00:00
2023-04-01 07:00:00+00:00,86.7,10,2023-03-31 22:00:00+00:00,2023-04-01 22:00:00+00:00
2023-04-01 08:00:00+00:00,86.2,11,2023-03-31 22:00:00+00:00,2023-04-01 22:00:00+00:00
2023-04-01 08:00:00+00:00,86.2,11,2023-03-31 22:00:00+00:00,2023-04-01 22:00:00+00:00
2023-04-01 09:00:00+00:00,84.37,12,2023-03-31 22:00:00+00:00,2023-04-01 22:00:00+00:00
2023-04-01 09:00:00+00:00,84.37,12,2023-03-31 22:00:00+00:00,2023-04-01 22:00:00+00:00
2023-04-01 10:00:00+00:00,80.0,13,2023-03-31 22:00:00+00:00,2023-04-01 22:00:00+00:00
2023-04-01 10:00:00+00:00,80.0,13,2023-03-31 22:00:00+00:00,2023-04-01 22:00:00+00:00
2023-04-01 11:00:00+00:00,54.9,14,2023-03-31 22:00:00+00:00,2023-04-01 22:00:00+00:00
2023-04-01 11:00:00+00:00,54.9,14,2023-03-31 22:00:00+00:00,2023-04-01 22:00:00+00:00
2023-04-01 12:00:00+00:00,43.24,15,2023-03-31 22:00:00+00:00,2023-04-01 22:00:00+00:00
2023-04-01 12:00:00+00:00,43.24,15,2023-03-31 22:00:00+00:00,2023-04-01 22:00:00+00:00
2023-04-01 13:00:00+00:00,42.0,16,2023-03-31 22:00:00+00:00,2023-04-01 22:00:00+00:00
2023-04-01 13:00:00+00:00,42.0,16,2023-03-31 22:00:00+00:00,2023-04-01 22:00:00+00:00
2023-04-01 14:00:00+00:00,70.0,17,2023-03-31 22:00:00+00:00,2023-04-01 22:00:00+00:00
2023-04-01 14:00:00+00:00,70.0,17,2023-03-31 22:00:00+00:00,2023-04-01 22:00:00+00:00
2023-04-01 15:00:00+00:00,84.9,18,2023-03-31 22:00:00+00:00,2023-04-01 22:00:00+00:00
2023-04-01 15:00:00+00:00,84.9,18,2023-03-31 22:00:00+00:00,2023-04-01 22:00:00+00:00
2023-04-01 16:00:00+00:00,99.3,19,2023-03-31 22:00:00+00:00,2023-04-01 22:00:00+00:00
2023-04-01 16:00:00+00:00,99.3,19,2023-03-31 22:00:00+00:00,2023-04-01 22:00:00+00:00
2023-04-01 17:00:00+00:00,97.65,20,2023-03-31 22:00:00+00:00,2023-04-01 22:00:00+00:00
2023-04-01 17:00:00+00:00,97.65,20,2023-03-31 22:00:00+00:00,2023-04-01 22:00:00+00:00
2023-04-01 18:00:00+00:00,110.95,21,2023-03-31 22:00:00+00:00,2023-04-01 22:00:00+00:00
2023-04-01 18:00:00+00:00,110.95,21,2023-03-31 22:00:00+00:00,2023-04-01 22:00:00+00:00
2023-04-01 19:00:00+00:00,91.16,22,2023-03-31 22:00:00+00:00,2023-04-01 22:00:00+00:00
2023-04-01 19:00:00+00:00,91.16,22,2023-03-31 22:00:00+00:00,2023-04-01 22:00:00+00:00
2023-04-01 20:00:00+00:00,81.77,23,2023-03-31 22:00:00+00:00,2023-04-01 22:00:00+00:00
2023-04-01 20:00:00+00:00,81.77,23,2023-03-31 22:00:00+00:00,2023-04-01 22:00:00+00:00
2023-04-01 21:00:00+00:00,68.9,24,2023-03-31 22:00:00+00:00,2023-04-01 22:00:00+00:00
2023-04-01 21:00:00+00:00,68.9,24,2023-03-31 22:00:00+00:00,2023-04-01 22:00:00+00:00
2023-04-01 22:00:00+00:00,81.0,1,2023-04-01 22:00:00+00:00,2023-04-02 22:00:00+00:00
2023-04-01 23:00:00+00:00,69.9,2,2023-04-01 22:00:00+00:00,2023-04-02 22:00:00+00:00
2023-04-02 00:00:00+00:00,58.51,3,2023-04-01 22:00:00+00:00,2023-04-02 22:00:00+00:00
2023-04-02 01:00:00+00:00,60.46,4,2023-04-01 22:00:00+00:00,2023-04-02 22:00:00+00:00
2023-04-02 02:00:00+00:00,58.51,5,2023-04-01 22:00:00+00:00,2023-04-02 22:00:00+00:00
2023-04-02 03:00:00+00:00,60.46,6,2023-04-01 22:00:00+00:00,2023-04-02 22:00:00+00:00
2023-04-02 04:00:00+00:00,58.72,7,2023-04-01 22:00:00+00:00,2023-04-02 22:00:00+00:00
2023-04-02 05:00:00+00:00,70.08,8,2023-04-01 22:00:00+00:00,2023-04-02 22:00:00+00:00
2023-04-02 06:00:00+00:00,75.55,9,2023-04-01 22:00:00+00:00,2023-04-02 22:00:00+00:00
2023-04-02 07:00:00+00:00,66.09,10,2023-04-01 22:00:00+00:00,2023-04-02 22:00:00+00:00
2023-04-02 08:00:00+00:00,40.01,11,2023-04-01 22:00:00+00:00,2023-04-02 22:00:00+00:00
2023-04-02 09:00:00+00:00,23.3,12,2023-04-01 22:00:00+00:00,2023-04-02 22:00:00+00:00
2023-04-02 10:00:00+00:00,-1.0,13,2023-04-01 22:00:00+00:00,2023-04-02 22:00:00+00:00
2023-04-02 11:00:00+00:00,-3.99,14,2023-04-01 22:00:00+00:00,2023-04-02 22:00:00+00:00
2023-04-02 13:00:00+00:00,0.0,16,2023-04-01 22:00:00+00:00,2023-04-02 22:00:00+00:00
2023-04-02 14:00:00+00:00,12.8,17,2023-04-01 22:00:00+00:00,2023-04-02 22:00:00+00:00
2023-04-02 15:00:00+00:00,41.74,18,2023-04-01 22:00:00+00:00,2023-04-02 22:00:00+00:00
2023-04-02 16:00:00+00:00,100.41,19,2023-04-01 22:00:00+00:00,2023-04-02 22:00:00+00:00
2023-04-02 17:00:00+00:00,130.0,20,2023-04-01 22:00:00+00:00,2023-04-02 22:00:00+00:00
2023-04-02 18:00:00+00:00,132.12,21,2023-04-01 22:00:00+00:00,2023-04-02 22:00:00+00:00
2023-04-02 19:00:00+00:00,121.65,22,2023-04-01 22:00:00+00:00,2023-04-02 22:00:00+00:00
2023-04-02 20:00:00+00:00,115.55,23,2023-04-01 22:00:00+00:00,2023-04-02 22:00:00+00:00
2023-04-02 21:00:00+00:00,109.12,24,2023-04-01 22:00:00+00:00,2023-04-02 22:00:00+00:00
2023-04-02 22:00:00+00:00,115.22,1,2023-04-02 22:00:00+00:00,2023-04-03 22:00:00+00:00
2023-04-02 23:00:00+00:00,112.72,2,2023-04-02 22:00:00+00:00,2023-04-03 22:00:00+00:00
2023-04-03 00:00:00+00:00,113.89,3,2023-04-02 22:00:00+00:00,2023-04-03 22:00:00+00:00
2023-04-03 01:00:00+00:00,108.53,4,2023-04-02 22:00:00+00:00,2023-04-03 22:00:00+00:00
2023-04-03 02:00:00+00:00,100.43,5,2023-04-02 22:00:00+00:00,2023-04-03 22:00:00+00:00
2023-04-03 03:00:00+00:00,110.07,6,2023-04-02 22:00:00+00:00,2023-04-03 22:00:00+00:00
2023-04-03 04:00:00+00:00,139.63,7,2023-04-02 22:00:00+00:00,2023-04-03 22:00:00+00:00
2023-04-03 05:00:00+00:00,168.99,8,2023-04-02 22:00:00+00:00,2023-04-03 22:00:00+00:00
2023-04-03 06:00:00+00:00,179.84,9,2023-04-02 22:00:00+00:00,2023-04-03 22:00:00+00:00
2023-04-03 07:00:00+00:00,140.0,10,2023-04-02 22:00:00+00:00,2023-04-03 22:00:00+00:00
2023-04-03 08:00:00+00:00,92.18,11,2023-04-02 22:00:00+00:00,2023-04-03 22:00:00+00:00
2023-04-03 09:00:00+00:00,68.14,12,2023-04-02 22:00:00+00:00,2023-04-03 22:00:00+00:00
2023-04-03 10:00:00+00:00,71.61,13,2023-04-02 22:00:00+00:00,2023-04-03 22:00:00+00:00
2023-04-03 11:00:00+00:00,49.2,14,2023-04-02 22:00:00+00:00,2023-04-03 22:00:00+00:00
2023-04-03 12:00:00+00:00,71.58,15,2023-04-02 22:00:00+00:00,2023-04-03 22:00:00+00:00
2023-04-03 13:00:00+00:00,78.91,16,2023-04-02 22:00:00+00:00,2023-04-03 22:00:00+00:00
2023-04-03 14:00:00+00:00,82.0,17,2023-04-02 22:00:00+00:00,2023-04-03 22:00:00+00:00
2023-04-03 15:00:00+00:00,100.35,18,2023-04-02 22:00:00+00:00,2023-04-03 22:00:00+00:00
2023-04-03 16:00:00+00:00,133.77,19,2023-04-02 22:00:00+00:00,2023-04-03 22:00:00+00:00
2023-04-03 17:00:00+00:00,158.11,20,2023-04-02 22:00:00+00:00,2023-04-03 22:00:00+00:00
2023-04-03 18:00:00+00:00,165.89,21,2023-04-02 22:00:00+00:00,2023-04-03 22:00:00+00:00
2023-04-03 19:00:00+00:00,148.79,22,2023-04-02 22:00:00+00:00,2023-04-03 22:00:00+00:00
2023-04-03 20:00:00+00:00,132.07,23,2023-04-02 22:00:00+00:00,2023-04-03 22:00:00+00:00
2023-04-03 21:00:00+00:00,113.12,24,2023-04-02 22:00:00+00:00,2023-04-03 22:00:00+00:00
2023-04-03 22:00:00+00:00,110.85,1,2023-04-03 22:00:00+00:00,2023-04-04 22:00:00+00:00
2023-04-03 23:00:00+00:00,110.14,2,2023-04-03 22:00:00+00:00,2023-04-04 22:00:00+00:00
2023-04-04 00:00:00+00:00,115.83,3,2023-04-03 22:00:00+00:00,2023-04-04 22:00:00+00:00
2023-04-04 01:00:00+00:00,115.61,4,2023-04-03 22:00:00+00:00,2023-04-04 22:00:00+00:00
2023-04-04 02:00:00+00:00,116.71,5,2023-04-03 22:00:00+00:00,2023-04-04 22:00:00+00:00
2023-04-04 03:00:00+00:00,121.91,6,2023-04-03 22:00:00+00:00,2023-04-04 22:00:00+00:00
2023-04-04 04:00:00+00:00,145.35,7,2023-04-03 22:00:00+00:00,2023-04-04 22:00:00+00:00
2023-04-04 05:00:00+00:00,180.57,8,2023-04-03 22:00:00+00:00,2023-04-04 22:00:00+00:00
2023-04-04 06:00:00+00:00,190.61,9,2023-04-03 22:00:00+00:00,2023-04-04 22:00:00+00:00
2023-04-04 07:00:00+00:00,158.27,10,2023-04-03 22:00:00+00:00,2023-04-04 22:00:00+00:00
2023-04-04 08:00:00+00:00,107.79,11,2023-04-03 22:00:00+00:00,2023-04-04 22:00:00+00:00
2023-04-04 09:00:00+00:00,112.02,12,2023-04-03 22:00:00+00:00,2023-04-04 22:00:00+00:00
2023-04-04 10:00:00+00:00,102.94,13,2023-04-03 22:00:00+00:00,2023-04-04 22:00:00+00:00
2023-04-04 11:00:00+00:00,107.2,14,2023-04-03 22:00:00+00:00,2023-04-04 22:00:00+00:00
2023-04-04 12:00:00+00:00,107.31,15,2023-04-03 22:00:00+00:00,2023-04-04 22:00:00+00:00
2023-04-04 13:00:00+00:00,108.71,16,2023-04-03 22:00:00+00:00,2023-04-04 22:00:00+00:00
2023-04-04 14:00:00+00:00,112.73,17,2023-04-03 22:00:00+00:00,2023-04-04 22:00:00+00:00
2023-04-04 15:00:00+00:00,122.0,18,2023-04-03 22:00:00+00:00,2023-04-04 22:00:00+00:00
2023-04-04 16:00:00+00:00,147.1,19,2023-04-03 22:00:00+00:00,2023-04-04 22:00:00+00:00
2023-04-04 17:00:00+00:00,180.0,20,2023-04-03 22:00:00+00:00,2023-04-04 22:00:00+00:00
2023-04-04 18:00:00+00:00,177.32,21,2023-04-03 22:00:00+00:00,2023-04-04 22:00:00+00:00
2023-04-04 19:00:00+00:00,156.04,22,2023-04-03 22:00:00+00:00,2023-04-04 22:00:00+00:00
2023-04-04 20:00:00+00:00,141.39,23,2023-04-03 22:00:00+00:00,2023-04-04 22:00:00+00:00
2023-04-04 21:00:00+00:00,129.9,24,2023-04-03 22:00:00+00:00,2023-04-04 22:00:00+00:00
2023-04-04 22:00:00+00:00,127.34,1,2023-04-04 22:00:00+00:00,2023-04-05 22:00:00+00:00
2023-04-04 23:00:00+00:00,118.13,2,2023-04-04 22:00:00+00:00,2023-04-05 22:00:00+00:00
2023-04-05 00:00:00+00:00,119.54,3,2023-04-04 22:00:00+00:00,2023-04-05 22:00:00+00:00
2023-04-05 01:00:00+00:00,118.18,4,2023-04-04 22:00:00+00:00,2023-04-05 22:00:00+00:00
2023-04-05 02:00:00+00:00,124.8,5,2023-04-04 22:00:00+00:00,2023-04-05 22:00:00+00:00
2023-04-05 03:00:00+00:00,134.29,6,2023-04-04 22:00:00+00:00,2023-04-05 22:00:00+00:00
2023-04-05 04:00:00+00:00,165.99,7,2023-04-04 22:00:00+00:00,2023-04-05 22:00:00+00:00
2023-04-05 05:00:00+00:00,207.92,8,2023-04-04 22:00:00+00:00,2023-04-05 22:00:00+00:00
2023-04-05 06:00:00+00:00,180.75,9,2023-04-04 22:00:00+00:00,2023-04-05 22:00:00+00:00
2023-04-05 07:00:00+00:00,144.53,10,2023-04-04 22:00:00+00:00,2023-04-05 22:00:00+00:00
2023-04-05 08:00:00+00:00,112.0,11,2023-04-04 22:00:00+00:00,2023-04-05 22:00:00+00:00
2023-04-05 09:00:00+00:00,113.89,12,2023-04-04 22:00:00+00:00,2023-04-05 22:00:00+00:00
2023-04-05 10:00:00+00:00,111.17,13,2023-04-04 22:00:00+00:00,2023-04-05 22:00:00+00:00
2023-04-05 11:00:00+00:00,109.66,14,2023-04-04 22:00:00+00:00,2023-04-05 22:00:00+00:00
2023-04-05 12:00:00+00:00,111.04,15,2023-04-04 22:00:00+00:00,2023-04-05 22:00:00+00:00
2023-04-05 13:00:00+00:00,110.96,16,2023-04-04 22:00:00+00:00,2023-04-05 22:00:00+00:00
2023-04-05 14:00:00+00:00,116.29,17,2023-04-04 22:00:00+00:00,2023-04-05 22:00:00+00:00
2023-04-05 15:00:00+00:00,135.6,18,2023-04-04 22:00:00+00:00,2023-04-05 22:00:00+00:00
2023-04-05 16:00:00+00:00,156.52,19,2023-04-04 22:00:00+00:00,2023-04-05 22:00:00+00:00
2023-04-05 17:00:00+00:00,199.56,20,2023-04-04 22:00:00+00:00,2023-04-05 22:00:00+00:00
2023-04-05 18:00:00+00:00,191.68,21,2023-04-04 22:00:00+00:00,2023-04-05 22:00:00+00:00
2023-04-05 19:00:00+00:00,164.98,22,2023-04-04 22:00:00+00:00,2023-04-05 22:00:00+00:00
2023-04-05 20:00:00+00:00,151.39,23,2023-04-04 22:00:00+00:00,2023-04-05 22:00:00+00:00
2023-04-05 21:00:00+00:00,139.13,24,2023-04-04 22:00:00+00:00,2023-04-05 22:00:00+00:00
2023-04-05 22:00:00+00:00,135.54,1,2023-04-05 22:00:00+00:00,2023-04-06 22:00:00+00:00
2023-04-05 23:00:00+00:00,124.12,2,2023-04-05 22:00:00+00:00,2023-04-06 22:00:00+00:00
2023-04-06 00:00:00+00:00,120.0,3,2023-04-05 22:00:00+00:00,2023-04-06 22:00:00+00:00
2023-04-06 01:00:00+00:00,115.33,4,2023-04-05 22:00:00+00:00,2023-04-06 22:00:00+00:00
2023-04-06 02:00:00+00:00,114.85,5,2023-04-05 22:00:00+00:00,2023-04-06 22:00:00+00:00
2023-04-06 03:00:00+00:00,124.91,6,2023-04-05 22:00:00+00:00,2023-04-06 22:00:00+00:00
2023-04-06 04:00:00+00:00,142.51,7,2023-04-05 22:00:00+00:00,2023-04-06 22:00:00+00:00
2023-04-06 05:00:00+00:00,161.63,8,2023-04-05 22:00:00+00:00,2023-04-06 22:00:00+00:00
2023-04-06 06:00:00+00:00,159.52,9,2023-04-05 22:00:00+00:00,2023-04-06 22:00:00+00:00
2023-04-06 07:00:00+00:00,129.93,10,2023-04-05 22:00:00+00:00,2023-04-06 22:00:00+00:00
2023-04-06 08:00:00+00:00,126.01,11,2023-04-05 22:00:00+00:00,2023-04-06 22:00:00+00:00
2023-04-06 09:00:00+00:00,117.02,12,2023-04-05 22:00:00+00:00,2023-04-06 22:00:00+00:00
2023-04-06 10:00:00+00:00,109.36,13,2023-04-05 22:00:00+00:00,2023-04-06 22:00:00+00:00
2023-04-06 11:00:00+00:00,108.44,14,2023-04-05 22:00:00+00:00,2023-04-06 22:00:00+00:00
2023-04-06 12:00:00+00:00,106.89,15,2023-04-05 22:00:00+00:00,2023-04-06 22:00:00+00:00
2023-04-06 13:00:00+00:00,108.13,16,2023-04-05 22:00:00+00:00,2023-04-06 22:00:00+00:00
2023-04-06 14:00:00+00:00,109.87,17,2023-04-05 22:00:00+00:00,2023-04-06 22:00:00+00:00
2023-04-06 15:00:00+00:00,121.17,18,2023-04-05 22:00:00+00:00,2023-04-06 22:00:00+00:00
2023-04-06 16:00:00+00:00,140.0,19,2023-04-05 22:00:00+00:00,2023-04-06 22:00:00+00:00
2023-04-06 17:00:00+00:00,150.23,20,2023-04-05 22:00:00+00:00,2023-04-06 22:00:00+00:00
2023-04-06 18:00:00+00:00,144.24,21,2023-04-05 22:00:00+00:00,2023-04-06 22:00:00+00:00
2023-04-06 19:00:00+00:00,152.0,22,2023-04-05 22:00:00+00:00,2023-04-06 22:00:00+00:00
2023-04-06 20:00:00+00:00,139.8,23,2023-04-05 22:00:00+00:00,2023-04-06 22:00:00+00:00
2023-04-06 21:00:00+00:00,123.3,24,2023-04-05 22:00:00+00:00,2023-04-06 22:00:00+00:00
2023-04-06 22:00:00+00:00,129.6,1,2023-04-06 22:00:00+00:00,2023-04-07 22:00:00+00:00
2023-04-06 23:00:00+00:00,124.5,2,2023-04-06 22:00:00+00:00,2023-04-07 22:00:00+00:00
2023-04-07 00:00:00+00:00,114.95,3,2023-04-06 22:00:00+00:00,2023-04-07 22:00:00+00:00
2023-04-07 01:00:00+00:00,108.6,4,2023-04-06 22:00:00+00:00,2023-04-07 22:00:00+00:00
2023-04-07 02:00:00+00:00,109.2,5,2023-04-06 22:00:00+00:00,2023-04-07 22:00:00+00:00
2023-04-07 03:00:00+00:00,117.68,6,2023-04-06 22:00:00+00:00,2023-04-07 22:00:00+00:00
2023-04-07 04:00:00+00:00,110.07,7,2023-04-06 22:00:00+00:00,2023-04-07 22:00:00+00:00
2023-04-07 05:00:00+00:00,118.0,8,2023-04-06 22:00:00+00:00,2023-04-07 22:00:00+00:00
2023-04-07 06:00:00+00:00,159.99,9,2023-04-06 22:00:00+00:00,2023-04-07 22:00:00+00:00
2023-04-07 07:00:00+00:00,150.0,10,2023-04-06 22:00:00+00:00,2023-04-07 22:00:00+00:00
2023-04-07 08:00:00+00:00,149.17,11,2023-04-06 22:00:00+00:00,2023-04-07 22:00:00+00:00
2023-04-07 09:00:00+00:00,131.97,12,2023-04-06 22:00:00+00:00,2023-04-07 22:00:00+00:00
2023-04-07 10:00:00+00:00,119.9,13,2023-04-06 22:00:00+00:00,2023-04-07 22:00:00+00:00
2023-04-07 11:00:00+00:00,110.6,14,2023-04-06 22:00:00+00:00,2023-04-07 22:00:00+00:00
2023-04-07 12:00:00+00:00,107.2,15,2023-04-06 22:00:00+00:00,2023-04-07 22:00:00+00:00
2023-04-07 13:00:00+00:00,104.42,16,2023-04-06 22:00:00+00:00,2023-04-07 22:00:00+00:00
2023-04-07 14:00:00+00:00,110.4,17,2023-04-06 22:00:00+00:00,2023-04-07 22:00:00+00:00
2023-04-07 15:00:00+00:00,116.0,18,2023-04-06 22:00:00+00:00,2023-04-07 22:00:00+00:00
2023-04-07 16:00:00+00:00,127.78,19,2023-04-06 22:00:00+00:00,2023-04-07 22:00:00+00:00
2023-04-07 17:00:00+00:00,145.88,20,2023-04-06 22:00:00+00:00,2023-04-07 22:00:00+00:00
2023-04-07 18:00:00+00:00,159.48,21,2023-04-06 22:00:00+00:00,2023-04-07 22:00:00+00:00
2023-04-07 19:00:00+00:00,146.81,22,2023-04-06 22:00:00+00:00,2023-04-07 22:00:00+00:00
2023-04-07 20:00:00+00:00,136.32,23,2023-04-06 22:00:00+00:00,2023-04-07 22:00:00+00:00
2023-04-07 21:00:00+00:00,126.07,24,2023-04-06 22:00:00+00:00,2023-04-07 22:00:00+00:00
2023-04-07 22:00:00+00:00,119.9,1,2023-04-07 22:00:00+00:00,2023-04-08 22:00:00+00:00
2023-04-07 23:00:00+00:00,111.51,2,2023-04-07 22:00:00+00:00,2023-04-08 22:00:00+00:00
2023-04-08 00:00:00+00:00,112.65,3,2023-04-07 22:00:00+00:00,2023-04-08 22:00:00+00:00
2023-04-08 01:00:00+00:00,110.75,4,2023-04-07 22:00:00+00:00,2023-04-08 22:00:00+00:00
2023-04-08 02:00:00+00:00,110.78,5,2023-04-07 22:00:00+00:00,2023-04-08 22:00:00+00:00
2023-04-08 03:00:00+00:00,112.16,6,2023-04-07 22:00:00+00:00,2023-04-08 22:00:00+00:00
2023-04-08 04:00:00+00:00,112.56,7,2023-04-07 22:00:00+00:00,2023-04-08 22:00:00+00:00
2023-04-08 05:00:00+00:00,129.35,8,2023-04-07 22:00:00+00:00,2023-04-08 22:00:00+00:00
2023-04-08 06:00:00+00:00,130.75,9,2023-04-07 22:00:00+00:00,2023-04-08 22:00:00+00:00
2023-04-08 07:00:00+00:00,125.59,10,2023-04-07 22:00:00+00:00,2023-04-08 22:00:00+00:00
2023-04-08 08:00:00+00:00,108.07,11,2023-04-07 22:00:00+00:00,2023-04-08 22:00:00+00:00
2023-04-08 09:00:00+00:00,104.27,12,2023-04-07 22:00:00+00:00,2023-04-08 22:00:00+00:00
2023-04-08 10:00:00+00:00,88.6,13,2023-04-07 22:00:00+00:00,2023-04-08 22:00:00+00:00
2023-04-08 11:00:00+00:00,77.0,14,2023-04-07 22:00:00+00:00,2023-04-08 22:00:00+00:00
2023-04-08 12:00:00+00:00,70.1,15,2023-04-07 22:00:00+00:00,2023-04-08 22:00:00+00:00
2023-04-08 13:00:00+00:00,83.39,16,2023-04-07 22:00:00+00:00,2023-04-08 22:00:00+00:00
2023-04-08 14:00:00+00:00,95.98,17,2023-04-07 22:00:00+00:00,2023-04-08 22:00:00+00:00
2023-04-08 15:00:00+00:00,104.47,18,2023-04-07 22:00:00+00:00,2023-04-08 22:00:00+00:00
2023-04-08 16:00:00+00:00,117.47,19,2023-04-07 22:00:00+00:00,2023-04-08 22:00:00+00:00
2023-04-08 17:00:00+00:00,135.01,20,2023-04-07 22:00:00+00:00,2023-04-08 22:00:00+00:00
2023-04-08 18:00:00+00:00,139.97,21,2023-04-07 22:00:00+00:00,2023-04-08 22:00:00+00:00
2023-04-08 19:00:00+00:00,137.31,22,2023-04-07 22:00:00+00:00,2023-04-08 22:00:00+00:00
2023-04-08 20:00:00+00:00,134.9,23,2023-04-07 22:00:00+00:00,2023-04-08 22:00:00+00:00
2023-04-08 21:00:00+00:00,126.98,24,2023-04-07 22:00:00+00:00,2023-04-08 22:00:00+00:00
2023-04-08 22:00:00+00:00,127.99,1,2023-04-08 22:00:00+00:00,2023-04-09 22:00:00+00:00
2023-04-08 23:00:00+00:00,117.86,2,2023-04-08 22:00:00+00:00,2023-04-09 22:00:00+00:00
2023-04-09 00:00:00+00:00,119.83,3,2023-04-08 22:00:00+00:00,2023-04-09 22:00:00+00:00
2023-04-09 01:00:00+00:00,117.99,4,2023-04-08 22:00:00+00:00,2023-04-09 22:00:00+00:00
2023-04-09 02:00:00+00:00,118.24,5,2023-04-08 22:00:00+00:00,2023-04-09 22:00:00+00:00
2023-04-09 03:00:00+00:00,117.86,6,2023-04-08 22:00:00+00:00,2023-04-09 22:00:00+00:00
2023-04-09 04:00:00+00:00,120.0,7,2023-04-08 22:00:00+00:00,2023-04-09 22:00:00+00:00
2023-04-09 05:00:00+00:00,118.9,8,2023-04-08 22:00:00+00:00,2023-04-09 22:00:00+00:00
2023-04-09 06:00:00+00:00,122.98,9,2023-04-08 22:00:00+00:00,2023-04-09 22:00:00+00:00
2023-04-09 07:00:00+00:00,112.21,10,2023-04-08 22:00:00+00:00,2023-04-09 22:00:00+00:00
2023-04-09 08:00:00+00:00,100.0,11,2023-04-08 22:00:00+00:00,2023-04-09 22:00:00+00:00
2023-04-09 09:00:00+00:00,87.0,12,2023-04-08 22:00:00+00:00,2023-04-09 22:00:00+00:00
2023-04-09 10:00:00+00:00,81.96,13,2023-04-08 22:00:00+00:00,2023-04-09 22:00:00+00:00
2023-04-09 11:00:00+00:00,60.01,14,2023-04-08 22:00:00+00:00,2023-04-09 22:00:00+00:00
2023-04-09 12:00:00+00:00,55.0,15,2023-04-08 22:00:00+00:00,2023-04-09 22:00:00+00:00
2023-04-09 13:00:00+00:00,56.0,16,2023-04-08 22:00:00+00:00,2023-04-09 22:00:00+00:00
2023-04-09 14:00:00+00:00,74.0,17,2023-04-08 22:00:00+00:00,2023-04-09 22:00:00+00:00
2023-04-09 15:00:00+00:00,86.35,18,2023-04-08 22:00:00+00:00,2023-04-09 22:00:00+00:00
2023-04-09 16:00:00+00:00,115.2,19,2023-04-08 22:00:00+00:00,2023-04-09 22:00:00+00:00
2023-04-09 17:00:00+00:00,129.97,20,2023-04-08 22:00:00+00:00,2023-04-09 22:00:00+00:00
2023-04-09 18:00:00+00:00,133.46,21,2023-04-08 22:00:00+00:00,2023-04-09 22:00:00+00:00
2023-04-09 19:00:00+00:00,126.39,22,2023-04-08 22:00:00+00:00,2023-04-09 22:00:00+00:00
2023-04-09 20:00:00+00:00,115.0,23,2023-04-08 22:00:00+00:00,2023-04-09 22:00:00+00:00
2023-04-09 21:00:00+00:00,106.94,24,2023-04-08 22:00:00+00:00,2023-04-09 22:00:00+00:00
2023-04-09 22:00:00+00:00,98.21,1,2023-04-09 22:00:00+00:00,2023-04-10 22:00:00+00:00
2023-04-09 23:00:00+00:00,81.85,2,2023-04-09 22:00:00+00:00,2023-04-10 22:00:00+00:00
2023-04-10 00:00:00+00:00,78.14,3,2023-04-09 22:00:00+00:00,2023-04-10 22:00:00+00:00
2023-04-10 01:00:00+00:00,71.9,4,2023-04-09 22:00:00+00:00,2023-04-10 22:00:00+00:00
2023-04-10 02:00:00+00:00,70.0,5,2023-04-09 22:00:00+00:00,2023-04-10 22:00:00+00:00
2023-04-10 03:00:00+00:00,72.96,6,2023-04-09 22:00:00+00:00,2023-04-10 22:00:00+00:00
2023-04-10 04:00:00+00:00,80.0,7,2023-04-09 22:00:00+00:00,2023-04-10 22:00:00+00:00
2023-04-10 05:00:00+00:00,77.65,8,2023-04-09 22:00:00+00:00,2023-04-10 22:00:00+00:00
2023-04-10 06:00:00+00:00,69.49,9,2023-04-09 22:00:00+00:00,2023-04-10 22:00:00+00:00
2023-04-10 07:00:00+00:00,54.9,10,2023-04-09 22:00:00+00:00,2023-04-10 22:00:00+00:00
2023-04-10 08:00:00+00:00,24.58,11,2023-04-09 22:00:00+00:00,2023-04-10 22:00:00+00:00
2023-04-10 09:00:00+00:00,0.2,12,2023-04-09 22:00:00+00:00,2023-04-10 22:00:00+00:00
2023-04-10 10:00:00+00:00,-1.01,13,2023-04-09 22:00:00+00:00,2023-04-10 22:00:00+00:00
2023-04-10 11:00:00+00:00,-7.84,14,2023-04-09 22:00:00+00:00,2023-04-10 22:00:00+00:00
2023-04-10 12:00:00+00:00,-7.33,15,2023-04-09 22:00:00+00:00,2023-04-10 22:00:00+00:00
2023-04-10 13:00:00+00:00,-3.1,16,2023-04-09 22:00:00+00:00,2023-04-10 22:00:00+00:00
2023-04-10 14:00:00+00:00,-0.02,17,2023-04-09 22:00:00+00:00,2023-04-10 22:00:00+00:00
2023-04-10 15:00:00+00:00,20.22,18,2023-04-09 22:00:00+00:00,2023-04-10 22:00:00+00:00
2023-04-10 16:00:00+00:00,51.28,19,2023-04-09 22:00:00+00:00,2023-04-10 22:00:00+00:00
2023-04-10 17:00:00+00:00,80.0,20,2023-04-09 22:00:00+00:00,2023-04-10 22:00:00+00:00
2023-04-10 18:00:00+00:00,81.6,21,2023-04-09 22:00:00+00:00,2023-04-10 22:00:00+00:00
2023-04-10 19:00:00+00:00,74.9,22,2023-04-09 22:00:00+00:00,2023-04-10 22:00:00+00:00
2023-04-10 20:00:00+00:00,68.64,23,2023-04-09 22:00:00+00:00,2023-04-10 22:00:00+00:00
2023-04-10 21:00:00+00:00,45.0,24,2023-04-09 22:00:00+00:00,2023-04-10 22:00:00+00:00
2023-04-10 22:00:00+00:00,13.08,1,2023-04-10 22:00:00+00:00,2023-04-11 22:00:00+00:00
2023-04-10 23:00:00+00:00,1.16,2,2023-04-10 22:00:00+00:00,2023-04-11 22:00:00+00:00
2023-04-11 00:00:00+00:00,0.76,3,2023-04-10 22:00:00+00:00,2023-04-11 22:00:00+00:00
2023-04-11 01:00:00+00:00,1.09,4,2023-04-10 22:00:00+00:00,2023-04-11 22:00:00+00:00
2023-04-11 02:00:00+00:00,6.1,5,2023-04-10 22:00:00+00:00,2023-04-11 22:00:00+00:00
2023-04-11 03:00:00+00:00,34.51,6,2023-04-10 22:00:00+00:00,2023-04-11 22:00:00+00:00
2023-04-11 04:00:00+00:00,94.18,7,2023-04-10 22:00:00+00:00,2023-04-11 22:00:00+00:00
2023-04-11 05:00:00+00:00,115.98,8,2023-04-10 22:00:00+00:00,2023-04-11 22:00:00+00:00
2023-04-11 06:00:00+00:00,123.26,9,2023-04-10 22:00:00+00:00,2023-04-11 22:00:00+00:00
2023-04-11 07:00:00+00:00,93.8,10,2023-04-10 22:00:00+00:00,2023-04-11 22:00:00+00:00
2023-04-11 08:00:00+00:00,54.25,11,2023-04-10 22:00:00+00:00,2023-04-11 22:00:00+00:00
2023-04-11 09:00:00+00:00,9.03,12,2023-04-10 22:00:00+00:00,2023-04-11 22:00:00+00:00
2023-04-11 10:00:00+00:00,-16.0,13,2023-04-10 22:00:00+00:00,2023-04-11 22:00:00+00:00
2023-04-11 11:00:00+00:00,-18.0,14,2023-04-10 22:00:00+00:00,2023-04-11 22:00:00+00:00
2023-04-11 12:00:00+00:00,-30.0,15,2023-04-10 22:00:00+00:00,2023-04-11 22:00:00+00:00
2023-04-11 13:00:00+00:00,-4.6,16,2023-04-10 22:00:00+00:00,2023-04-11 22:00:00+00:00
2023-04-11 14:00:00+00:00,6.61,17,2023-04-10 22:00:00+00:00,2023-04-11 22:00:00+00:00
2023-04-11 15:00:00+00:00,82.2,18,2023-04-10 22:00:00+00:00,2023-04-11 22:00:00+00:00
2023-04-11 16:00:00+00:00,130.8,19,2023-04-10 22:00:00+00:00,2023-04-11 22:00:00+00:00
2023-04-11 17:00:00+00:00,162.46,20,2023-04-10 22:00:00+00:00,2023-04-11 22:00:00+00:00
2023-04-11 18:00:00+00:00,165.38,21,2023-04-10 22:00:00+00:00,2023-04-11 22:00:00+00:00
2023-04-11 19:00:00+00:00,141.39,22,2023-04-10 22:00:00+00:00,2023-04-11 22:00:00+00:00
2023-04-11 20:00:00+00:00,130.8,23,2023-04-10 22:00:00+00:00,2023-04-11 22:00:00+00:00
2023-04-11 21:00:00+00:00,111.0,24,2023-04-10 22:00:00+00:00,2023-04-11 22:00:00+00:00
2023-04-11 22:00:00+00:00,95.3,1,2023-04-11 22:00:00+00:00,2023-04-12 22:00:00+00:00
2023-04-11 23:00:00+00:00,77.2,2,2023-04-11 22:00:00+00:00,2023-04-12 22:00:00+00:00
2023-04-12 00:00:00+00:00,59.06,3,2023-04-11 22:00:00+00:00,2023-04-12 22:00:00+00:00
2023-04-12 01:00:00+00:00,46.32,4,2023-04-11 22:00:00+00:00,2023-04-12 22:00:00+00:00
2023-04-12 02:00:00+00:00,45.5,5,2023-04-11 22:00:00+00:00,2023-04-12 22:00:00+00:00
2023-04-12 03:00:00+00:00,80.29,6,2023-04-11 22:00:00+00:00,2023-04-12 22:00:00+00:00
2023-04-12 04:00:00+00:00,106.45,7,2023-04-11 22:00:00+00:00,2023-04-12 22:00:00+00:00
2023-04-12 05:00:00+00:00,123.35,8,2023-04-11 22:00:00+00:00,2023-04-12 22:00:00+00:00
2023-04-12 06:00:00+00:00,136.41,9,2023-04-11 22:00:00+00:00,2023-04-12 22:00:00+00:00
2023-04-12 07:00:00+00:00,131.99,10,2023-04-11 22:00:00+00:00,2023-04-12 22:00:00+00:00
2023-04-12 08:00:00+00:00,120.0,11,2023-04-11 22:00:00+00:00,2023-04-12 22:00:00+00:00
2023-04-12 09:00:00+00:00,111.56,12,2023-04-11 22:00:00+00:00,2023-04-12 22:00:00+00:00
2023-04-12 10:00:00+00:00,100.6,13,2023-04-11 22:00:00+00:00,2023-04-12 22:00:00+00:00
2023-04-12 11:00:00+00:00,97.36,14,2023-04-11 22:00:00+00:00,2023-04-12 22:00:00+00:00
2023-04-12 12:00:00+00:00,97.62,15,2023-04-11 22:00:00+00:00,2023-04-12 22:00:00+00:00
2023-04-12 13:00:00+00:00,97.07,16,2023-04-11 22:00:00+00:00,2023-04-12 22:00:00+00:00
2023-04-12 14:00:00+00:00,100.34,17,2023-04-11 22:00:00+00:00,2023-04-12 22:00:00+00:00
2023-04-12 15:00:00+00:00,109.3,18,2023-04-11 22:00:00+00:00,2023-04-12 22:00:00+00:00
2023-04-12 16:00:00+00:00,106.62,19,2023-04-11 22:00:00+00:00,2023-04-12 22:00:00+00:00
2023-04-12 17:00:00+00:00,111.53,20,2023-04-11 22:00:00+00:00,2023-04-12 22:00:00+00:00
2023-04-12 18:00:00+00:00,125.0,21,2023-04-11 22:00:00+00:00,2023-04-12 22:00:00+00:00
2023-04-12 19:00:00+00:00,112.11,22,2023-04-11 22:00:00+00:00,2023-04-12 22:00:00+00:00
2023-04-12 20:00:00+00:00,109.3,23,2023-04-11 22:00:00+00:00,2023-04-12 22:00:00+00:00
2023-04-12 21:00:00+00:00,97.95,24,2023-04-11 22:00:00+00:00,2023-04-12 22:00:00+00:00
2023-04-12 22:00:00+00:00,97.23,1,2023-04-12 22:00:00+00:00,2023-04-13 22:00:00+00:00
2023-04-12 23:00:00+00:00,85.09,2,2023-04-12 22:00:00+00:00,2023-04-13 22:00:00+00:00
2023-04-13 00:00:00+00:00,79.49,3,2023-04-12 22:00:00+00:00,2023-04-13 22:00:00+00:00
2023-04-13 01:00:00+00:00,72.86,4,2023-04-12 22:00:00+00:00,2023-04-13 22:00:00+00:00
2023-04-13 02:00:00+00:00,71.12,5,2023-04-12 22:00:00+00:00,2023-04-13 22:00:00+00:00
2023-04-13 03:00:00+00:00,82.5,6,2023-04-12 22:00:00+00:00,2023-04-13 22:00:00+00:00
2023-04-13 04:00:00+00:00,102.06,7,2023-04-12 22:00:00+00:00,2023-04-13 22:00:00+00:00
2023-04-13 05:00:00+00:00,115.04,8,2023-04-12 22:00:00+00:00,2023-04-13 22:00:00+00:00
2023-04-13 06:00:00+00:00,122.15,9,2023-04-12 22:00:00+00:00,2023-04-13 22:00:00+00:00
2023-04-13 07:00:00+00:00,105.39,10,2023-04-12 22:00:00+00:00,2023-04-13 22:00:00+00:00
2023-04-13 08:00:00+00:00,83.4,11,2023-04-12 22:00:00+00:00,2023-04-13 22:00:00+00:00
2023-04-13 09:00:00+00:00,34.9,12,2023-04-12 22:00:00+00:00,2023-04-13 22:00:00+00:00
2023-04-13 10:00:00+00:00,-4.5,13,2023-04-12 22:00:00+00:00,2023-04-13 22:00:00+00:00
2023-04-13 11:00:00+00:00,-50.0,14,2023-04-12 22:00:00+00:00,2023-04-13 22:00:00+00:00
2023-04-13 12:00:00+00:00,-50.07,15,2023-04-12 22:00:00+00:00,2023-04-13 22:00:00+00:00
2023-04-13 13:00:00+00:00,-50.0,16,2023-04-12 22:00:00+00:00,2023-04-13 22:00:00+00:00
2023-04-13 14:00:00+00:00,-0.9,17,2023-04-12 22:00:00+00:00,2023-04-13 22:00:00+00:00
2023-04-13 15:00:00+00:00,108.1,18,2023-04-12 22:00:00+00:00,2023-04-13 22:00:00+00:00
2023-04-13 16:00:00+00:00,128.1,19,2023-04-12 22:00:00+00:00,2023-04-13 22:00:00+00:00
2023-04-13 17:00:00+00:00,151.0,20,2023-04-12 22:00:00+00:00,2023-04-13 22:00:00+00:00
2023-04-13 18:00:00+00:00,155.2,21,2023-04-12 22:00:00+00:00,2023-04-13 22:00:00+00:00
2023-04-13 19:00:00+00:00,152.0,22,2023-04-12 22:00:00+00:00,2023-04-13 22:00:00+00:00
2023-04-13 20:00:00+00:00,134.04,23,2023-04-12 22:00:00+00:00,2023-04-13 22:00:00+00:00
2023-04-13 21:00:00+00:00,120.1,24,2023-04-12 22:00:00+00:00,2023-04-13 22:00:00+00:00
2023-04-13 22:00:00+00:00,118.09,1,2023-04-13 22:00:00+00:00,2023-04-14 22:00:00+00:00
2023-04-13 23:00:00+00:00,112.8,2,2023-04-13 22:00:00+00:00,2023-04-14 22:00:00+00:00
2023-04-14 00:00:00+00:00,116.54,3,2023-04-13 22:00:00+00:00,2023-04-14 22:00:00+00:00
2023-04-14 01:00:00+00:00,112.8,4,2023-04-13 22:00:00+00:00,2023-04-14 22:00:00+00:00
2023-04-14 02:00:00+00:00,113.14,5,2023-04-13 22:00:00+00:00,2023-04-14 22:00:00+00:00
2023-04-14 03:00:00+00:00,127.4,6,2023-04-13 22:00:00+00:00,2023-04-14 22:00:00+00:00
2023-04-14 04:00:00+00:00,144.74,7,2023-04-13 22:00:00+00:00,2023-04-14 22:00:00+00:00
2023-04-14 05:00:00+00:00,171.74,8,2023-04-13 22:00:00+00:00,2023-04-14 22:00:00+00:00
2023-04-14 06:00:00+00:00,176.16,9,2023-04-13 22:00:00+00:00,2023-04-14 22:00:00+00:00
2023-04-14 07:00:00+00:00,149.94,10,2023-04-13 22:00:00+00:00,2023-04-14 22:00:00+00:00
2023-04-14 08:00:00+00:00,107.7,11,2023-04-13 22:00:00+00:00,2023-04-14 22:00:00+00:00
2023-04-14 09:00:00+00:00,109.5,12,2023-04-13 22:00:00+00:00,2023-04-14 22:00:00+00:00
2023-04-14 10:00:00+00:00,104.7,13,2023-04-13 22:00:00+00:00,2023-04-14 22:00:00+00:00
2023-04-14 11:00:00+00:00,101.12,14,2023-04-13 22:00:00+00:00,2023-04-14 22:00:00+00:00
2023-04-14 12:00:00+00:00,102.6,15,2023-04-13 22:00:00+00:00,2023-04-14 22:00:00+00:00
2023-04-14 13:00:00+00:00,94.4,16,2023-04-13 22:00:00+00:00,2023-04-14 22:00:00+00:00
2023-04-14 14:00:00+00:00,105.16,17,2023-04-13 22:00:00+00:00,2023-04-14 22:00:00+00:00
2023-04-14 15:00:00+00:00,113.4,18,2023-04-13 22:00:00+00:00,2023-04-14 22:00:00+00:00
2023-04-14 16:00:00+00:00,138.16,19,2023-04-13 22:00:00+00:00,2023-04-14 22:00:00+00:00
2023-04-14 17:00:00+00:00,151.69,20,2023-04-13 22:00:00+00:00,2023-04-14 22:00:00+00:00
2023-04-14 18:00:00+00:00,152.42,21,2023-04-13 22:00:00+00:00,2023-04-14 22:00:00+00:00
2023-04-14 19:00:00+00:00,151.0,22,2023-04-13 22:00:00+00:00,2023-04-14 22:00:00+00:00
2023-04-14 20:00:00+00:00,134.73,23,2023-04-13 22:00:00+00:00,2023-04-14 22:00:00+00:00
2023-04-14 21:00:00+00:00,120.29,24,2023-04-13 22:00:00+00:00,2023-04-14 22:00:00+00:00
2023-04-14 22:00:00+00:00,123.9,1,2023-04-14 22:00:00+00:00,2023-04-15 22:00:00+00:00
2023-04-14 23:00:00+00:00,112.0,2,2023-04-14 22:00:00+00:00,2023-04-15 22:00:00+00:00
2023-04-15 00:00:00+00:00,114.38,3,2023-04-14 22:00:00+00:00,2023-04-15 22:00:00+00:00
2023-04-15 01:00:00+00:00,108.0,4,2023-04-14 22:00:00+00:00,2023-04-15 22:00:00+00:00
2023-04-15 02:00:00+00:00,105.14,5,2023-04-14 22:00:00+00:00,2023-04-15 22:00:00+00:00
2023-04-15 03:00:00+00:00,103.55,6,2023-04-14 22:00:00+00:00,2023-04-15 22:00:00+00:00
2023-04-15 04:00:00+00:00,105.56,7,2023-04-14 22:00:00+00:00,2023-04-15 22:00:00+00:00
2023-04-15 05:00:00+00:00,104.85,8,2023-04-14 22:00:00+00:00,2023-04-15 22:00:00+00:00
2023-04-15 06:00:00+00:00,106.21,9,2023-04-14 22:00:00+00:00,2023-04-15 22:00:00+00:00
2023-04-15 07:00:00+00:00,101.1,10,2023-04-14 22:00:00+00:00,2023-04-15 22:00:00+00:00
2023-04-15 08:00:00+00:00,94.92,11,2023-04-14 22:00:00+00:00,2023-04-15 22:00:00+00:00
2023-04-15 09:00:00+00:00,93.94,12,2023-04-14 22:00:00+00:00,2023-04-15 22:00:00+00:00
2023-04-15 10:00:00+00:00,77.64,13,2023-04-14 22:00:00+00:00,2023-04-15 22:00:00+00:00
2023-04-15 11:00:00+00:00,15.0,14,2023-04-14 22:00:00+00:00,2023-04-15 22:00:00+00:00
2023-04-15 12:00:00+00:00,0.92,15,2023-04-14 22:00:00+00:00,2023-04-15 22:00:00+00:00
2023-04-15 13:00:00+00:00,61.0,16,2023-04-14 22:00:00+00:00,2023-04-15 22:00:00+00:00
2023-04-15 14:00:00+00:00,72.29,17,2023-04-14 22:00:00+00:00,2023-04-15 22:00:00+00:00
2023-04-15 15:00:00+00:00,98.81,18,2023-04-14 22:00:00+00:00,2023-04-15 22:00:00+00:00
2023-04-15 16:00:00+00:00,112.66,19,2023-04-14 22:00:00+00:00,2023-04-15 22:00:00+00:00
2023-04-15 17:00:00+00:00,132.79,20,2023-04-14 22:00:00+00:00,2023-04-15 22:00:00+00:00
2023-04-15 18:00:00+00:00,134.51,21,2023-04-14 22:00:00+00:00,2023-04-15 22:00:00+00:00
2023-04-15 19:00:00+00:00,127.8,22,2023-04-14 22:00:00+00:00,2023-04-15 22:00:00+00:00
2023-04-15 20:00:00+00:00,127.71,23,2023-04-14 22:00:00+00:00,2023-04-15 22:00:00+00:00
2023-04-15 21:00:00+00:00,119.3,24,2023-04-14 22:00:00+00:00,2023-04-15 22:00:00+00:00
2023-04-15 22:00:00+00:00,111.55,1,2023-04-15 22:00:00+00:00,2023-04-16 22:00:00+00:00
2023-04-15 23:00:00+00:00,103.49,2,2023-04-15 22:00:00+00:00,2023-04-16 22:00:00+00:00
2023-04-16 00:00:00+00:00,102.68,3,2023-04-15 22:00:00+00:00,2023-04-16 22:00:00+00:00
2023-04-16 01:00:00+00:00,101.09,4,2023-04-15 22:00:00+00:00,2023-04-16 22:00:00+00:00
2023-04-16 02:00:00+00:00,102.63,5,2023-04-15 22:00:00+00:00,2023-04-16 22:00:00+00:00
2023-04-16 03:00:00+00:00,103.5,6,2023-04-15 22:00:00+00:00,2023-04-16 22:00:00+00:00
2023-04-16 05:00:00+00:00,103.37,8,2023-04-15 22:00:00+00:00,2023-04-16 22:00:00+00:00
2023-04-16 06:00:00+00:00,110.43,9,2023-04-15 22:00:00+00:00,2023-04-16 22:00:00+00:00
2023-04-16 07:00:00+00:00,114.68,10,2023-04-15 22:00:00+00:00,2023-04-16 22:00:00+00:00
2023-04-16 08:00:00+00:00,111.04,11,2023-04-15 22:00:00+00:00,2023-04-16 22:00:00+00:00
2023-04-16 09:00:00+00:00,107.83,12,2023-04-15 22:00:00+00:00,2023-04-16 22:00:00+00:00
2023-04-16 10:00:00+00:00,104.05,13,2023-04-15 22:00:00+00:00,2023-04-16 22:00:00+00:00
2023-04-16 11:00:00+00:00,98.16,14,2023-04-15 22:00:00+00:00,2023-04-16 22:00:00+00:00
2023-04-16 12:00:00+00:00,94.74,15,2023-04-15 22:00:00+00:00,2023-04-16 22:00:00+00:00
2023-04-16 13:00:00+00:00,94.27,16,2023-04-15 22:00:00+00:00,2023-04-16 22:00:00+00:00
2023-04-16 14:00:00+00:00,96.06,17,2023-04-15 22:00:00+00:00,2023-04-16 22:00:00+00:00
2023-04-16 15:00:00+00:00,101.0,18,2023-04-15 22:00:00+00:00,2023-04-16 22:00:00+00:00
2023-04-16 16:00:00+00:00,115.21,19,2023-04-15 22:00:00+00:00,2023-04-16 22:00:00+00:00
2023-04-16 17:00:00+00:00,132.88,20,2023-04-15 22:00:00+00:00,2023-04-16 22:00:00+00:00
2023-04-16 18:00:00+00:00,140.0,21,2023-04-15 22:00:00+00:00,2023-04-16 22:00:00+00:00
2023-04-16 19:00:00+00:00,135.0,22,2023-04-15 22:00:00+00:00,2023-04-16 22:00:00+00:00
2023-04-16 20:00:00+00:00,129.97,23,2023-04-15 22:00:00+00:00,2023-04-16 22:00:00+00:00
2023-04-16 21:00:00+00:00,125.35,24,2023-04-15 22:00:00+00:00,2023-04-16 22:00:00+00:00
2023-04-16 22:00:00+00:00,114.75,1,2023-04-16 22:00:00+00:00,2023-04-17 22:00:00+00:00
2023-04-16 23:00:00+00:00,111.14,2,2023-04-16 22:00:00+00:00,2023-04-17 22:00:00+00:00
2023-04-17 00:00:00+00:00,108.96,3,2023-04-16 22:00:00+00:00,2023-04-17 22:00:00+00:00
2023-04-17 01:00:00+00:00,110.1,4,2023-04-16 22:00:00+00:00,2023-04-17 22:00:00+00:00
2023-04-17 02:00:00+00:00,110.0,5,2023-04-16 22:00:00+00:00,2023-04-17 22:00:00+00:00
2023-04-17 03:00:00+00:00,114.91,6,2023-04-16 22:00:00+00:00,2023-04-17 22:00:00+00:00
2023-04-17 04:00:00+00:00,140.78,7,2023-04-16 22:00:00+00:00,2023-04-17 22:00:00+00:00
2023-04-17 05:00:00+00:00,178.38,8,2023-04-16 22:00:00+00:00,2023-04-17 22:00:00+00:00
2023-04-17 06:00:00+00:00,199.29,9,2023-04-16 22:00:00+00:00,2023-04-17 22:00:00+00:00
2023-04-17 07:00:00+00:00,162.62,10,2023-04-16 22:00:00+00:00,2023-04-17 22:00:00+00:00
2023-04-17 08:00:00+00:00,135.61,11,2023-04-16 22:00:00+00:00,2023-04-17 22:00:00+00:00
2023-04-17 09:00:00+00:00,117.6,12,2023-04-16 22:00:00+00:00,2023-04-17 22:00:00+00:00
2023-04-17 10:00:00+00:00,105.13,13,2023-04-16 22:00:00+00:00,2023-04-17 22:00:00+00:00
2023-04-17 11:00:00+00:00,100.92,14,2023-04-16 22:00:00+00:00,2023-04-17 22:00:00+00:00
2023-04-17 12:00:00+00:00,96.99,15,2023-04-16 22:00:00+00:00,2023-04-17 22:00:00+00:00
2023-04-17 13:00:00+00:00,92.75,16,2023-04-16 22:00:00+00:00,2023-04-17 22:00:00+00:00
2023-04-17 14:00:00+00:00,96.76,17,2023-04-16 22:00:00+00:00,2023-04-17 22:00:00+00:00
2023-04-17 15:00:00+00:00,100.99,18,2023-04-16 22:00:00+00:00,2023-04-17 22:00:00+00:00
2023-04-17 16:00:00+00:00,122.33,19,2023-04-16 22:00:00+00:00,2023-04-17 22:00:00+00:00
2023-04-17 17:00:00+00:00,143.61,20,2023-04-16 22:00:00+00:00,2023-04-17 22:00:00+00:00
2023-04-17 18:00:00+00:00,142.78,21,2023-04-16 22:00:00+00:00,2023-04-17 22:00:00+00:00
2023-04-17 19:00:00+00:00,134.25,22,2023-04-16 22:00:00+00:00,2023-04-17 22:00:00+00:00
2023-04-17 20:00:00+00:00,122.82,23,2023-04-16 22:00:00+00:00,2023-04-17 22:00:00+00:00
2023-04-17 21:00:00+00:00,109.16,24,2023-04-16 22:00:00+00:00,2023-04-17 22:00:00+00:00
2023-04-17 22:00:00+00:00,105.31,1,2023-04-17 22:00:00+00:00,2023-04-18 22:00:00+00:00
2023-04-17 23:00:00+00:00,102.07,2,2023-04-17 22:00:00+00:00,2023-04-18 22:00:00+00:00
2023-04-18 00:00:00+00:00,101.1,3,2023-04-17 22:00:00+00:00,2023-04-18 22:00:00+00:00
2023-04-18 01:00:00+00:00,101.29,4,2023-04-17 22:00:00+00:00,2023-04-18 22:00:00+00:00
2023-04-18 02:00:00+00:00,100.55,5,2023-04-17 22:00:00+00:00,2023-04-18 22:00:00+00:00
2023-04-18 03:00:00+00:00,101.27,6,2023-04-17 22:00:00+00:00,2023-04-18 22:00:00+00:00
2023-04-18 04:00:00+00:00,127.0,7,2023-04-17 22:00:00+00:00,2023-04-18 22:00:00+00:00
2023-04-18 05:00:00+00:00,140.27,8,2023-04-17 22:00:00+00:00,2023-04-18 22:00:00+00:00
2023-04-18 06:00:00+00:00,154.88,9,2023-04-17 22:00:00+00:00,2023-04-18 22:00:00+00:00
2023-04-18 07:00:00+00:00,133.99,10,2023-04-17 22:00:00+00:00,2023-04-18 22:00:00+00:00
2023-04-18 08:00:00+00:00,106.21,11,2023-04-17 22:00:00+00:00,2023-04-18 22:00:00+00:00
2023-04-18 09:00:00+00:00,99.59,12,2023-04-17 22:00:00+00:00,2023-04-18 22:00:00+00:00
2023-04-18 10:00:00+00:00,90.08,13,2023-04-17 22:00:00+00:00,2023-04-18 22:00:00+00:00
2023-04-18 11:00:00+00:00,84.0,14,2023-04-17 22:00:00+00:00,2023-04-18 22:00:00+00:00
2023-04-18 12:00:00+00:00,78.79,15,2023-04-17 22:00:00+00:00,2023-04-18 22:00:00+00:00
2023-04-18 13:00:00+00:00,77.95,16,2023-04-17 22:00:00+00:00,2023-04-18 22:00:00+00:00
2023-04-18 14:00:00+00:00,79.5,17,2023-04-17 22:00:00+00:00,2023-04-18 22:00:00+00:00
2023-04-18 15:00:00+00:00,94.41,18,2023-04-17 22:00:00+00:00,2023-04-18 22:00:00+00:00
2023-04-18 16:00:00+00:00,108.21,19,2023-04-17 22:00:00+00:00,2023-04-18 22:00:00+00:00
2023-04-18 17:00:00+00:00,130.46,20,2023-04-17 22:00:00+00:00,2023-04-18 22:00:00+00:00
2023-04-18 18:00:00+00:00,139.9,21,2023-04-17 22:00:00+00:00,2023-04-18 22:00:00+00:00
2023-04-18 19:00:00+00:00,134.28,22,2023-04-17 22:00:00+00:00,2023-04-18 22:00:00+00:00
2023-04-18 20:00:00+00:00,105.8,23,2023-04-17 22:00:00+00:00,2023-04-18 22:00:00+00:00
2023-04-18 21:00:00+00:00,96.9,24,2023-04-17 22:00:00+00:00,2023-04-18 22:00:00+00:00
2023-04-18 22:00:00+00:00,102.2,1,2023-04-18 22:00:00+00:00,2023-04-19 22:00:00+00:00
2023-04-18 23:00:00+00:00,97.54,2,2023-04-18 22:00:00+00:00,2023-04-19 22:00:00+00:00
2023-04-19 00:00:00+00:00,99.92,3,2023-04-18 22:00:00+00:00,2023-04-19 22:00:00+00:00
2023-04-19 01:00:00+00:00,98.95,4,2023-04-18 22:00:00+00:00,2023-04-19 22:00:00+00:00
2023-04-19 02:00:00+00:00,101.33,5,2023-04-18 22:00:00+00:00,2023-04-19 22:00:00+00:00
2023-04-19 03:00:00+00:00,105.87,6,2023-04-18 22:00:00+00:00,2023-04-19 22:00:00+00:00
2023-04-19 04:00:00+00:00,130.0,7,2023-04-18 22:00:00+00:00,2023-04-19 22:00:00+00:00
2023-04-19 05:00:00+00:00,138.94,8,2023-04-18 22:00:00+00:00,2023-04-19 22:00:00+00:00
2023-04-19 06:00:00+00:00,137.0,9,2023-04-18 22:00:00+00:00,2023-04-19 22:00:00+00:00
2023-04-19 07:00:00+00:00,104.1,10,2023-04-18 22:00:00+00:00,2023-04-19 22:00:00+00:00
2023-04-19 08:00:00+00:00,70.0,11,2023-04-18 22:00:00+00:00,2023-04-19 22:00:00+00:00
2023-04-19 09:00:00+00:00,-3.9,12,2023-04-18 22:00:00+00:00,2023-04-19 22:00:00+00:00
2023-04-19 10:00:00+00:00,-94.79,13,2023-04-18 22:00:00+00:00,2023-04-19 22:00:00+00:00
2023-04-19 11:00:00+00:00,-194.2,14,2023-04-18 22:00:00+00:00,2023-04-19 22:00:00+00:00
2023-04-19 12:00:00+00:00,-195.41,15,2023-04-18 22:00:00+00:00,2023-04-19 22:00:00+00:00
2023-04-19 13:00:00+00:00,-150.0,16,2023-04-18 22:00:00+00:00,2023-04-19 22:00:00+00:00
2023-04-19 14:00:00+00:00,-30.0,17,2023-04-18 22:00:00+00:00,2023-04-19 22:00:00+00:00
2023-04-19 15:00:00+00:00,66.56,18,2023-04-18 22:00:00+00:00,2023-04-19 22:00:00+00:00
2023-04-19 16:00:00+00:00,90.97,19,2023-04-18 22:00:00+00:00,2023-04-19 22:00:00+00:00
2023-04-19 17:00:00+00:00,120.11,20,2023-04-18 22:00:00+00:00,2023-04-19 22:00:00+00:00
2023-04-19 18:00:00+00:00,128.38,21,2023-04-18 22:00:00+00:00,2023-04-19 22:00:00+00:00
2023-04-19 19:00:00+00:00,122.82,22,2023-04-18 22:00:00+00:00,2023-04-19 22:00:00+00:00
2023-04-19 20:00:00+00:00,109.9,23,2023-04-18 22:00:00+00:00,2023-04-19 22:00:00+00:00
2023-04-19 21:00:00+00:00,101.66,24,2023-04-18 22:00:00+00:00,2023-04-19 22:00:00+00:00
2023-04-19 22:00:00+00:00,100.19,1,2023-04-19 22:00:00+00:00,2023-04-20 22:00:00+00:00
2023-04-19 23:00:00+00:00,94.35,2,2023-04-19 22:00:00+00:00,2023-04-20 22:00:00+00:00
2023-04-20 00:00:00+00:00,96.76,3,2023-04-19 22:00:00+00:00,2023-04-20 22:00:00+00:00
2023-04-20 01:00:00+00:00,94.98,4,2023-04-19 22:00:00+00:00,2023-04-20 22:00:00+00:00
2023-04-20 02:00:00+00:00,97.18,5,2023-04-19 22:00:00+00:00,2023-04-20 22:00:00+00:00
2023-04-20 03:00:00+00:00,102.78,6,2023-04-19 22:00:00+00:00,2023-04-20 22:00:00+00:00
2023-04-20 04:00:00+00:00,127.97,7,2023-04-19 22:00:00+00:00,2023-04-20 22:00:00+00:00
2023-04-20 05:00:00+00:00,144.48,8,2023-04-19 22:00:00+00:00,2023-04-20 22:00:00+00:00
2023-04-20 06:00:00+00:00,144.7,9,2023-04-19 22:00:00+00:00,2023-04-20 22:00:00+00:00
2023-04-20 07:00:00+00:00,130.04,10,2023-04-19 22:00:00+00:00,2023-04-20 22:00:00+00:00
2023-04-20 08:00:00+00:00,102.2,11,2023-04-19 22:00:00+00:00,2023-04-20 22:00:00+00:00
2023-04-20 09:00:00+00:00,96.94,12,2023-04-19 22:00:00+00:00,2023-04-20 22:00:00+00:00
2023-04-20 10:00:00+00:00,94.23,13,2023-04-19 22:00:00+00:00,2023-04-20 22:00:00+00:00
2023-04-20 11:00:00+00:00,89.61,14,2023-04-19 22:00:00+00:00,2023-04-20 22:00:00+00:00
2023-04-20 12:00:00+00:00,88.71,15,2023-04-19 22:00:00+00:00,2023-04-20 22:00:00+00:00
2023-04-20 13:00:00+00:00,86.68,16,2023-04-19 22:00:00+00:00,2023-04-20 22:00:00+00:00
2023-04-20 14:00:00+00:00,92.09,17,2023-04-19 22:00:00+00:00,2023-04-20 22:00:00+00:00
2023-04-20 15:00:00+00:00,103.76,18,2023-04-19 22:00:00+00:00,2023-04-20 22:00:00+00:00
2023-04-20 16:00:00+00:00,128.99,19,2023-04-19 22:00:00+00:00,2023-04-20 22:00:00+00:00
2023-04-20 17:00:00+00:00,142.46,20,2023-04-19 22:00:00+00:00,2023-04-20 22:00:00+00:00
2023-04-20 18:00:00+00:00,147.06,21,2023-04-19 22:00:00+00:00,2023-04-20 22:00:00+00:00
2023-04-20 19:00:00+00:00,139.24,22,2023-04-19 22:00:00+00:00,2023-04-20 22:00:00+00:00
2023-04-20 20:00:00+00:00,125.0,23,2023-04-19 22:00:00+00:00,2023-04-20 22:00:00+00:00
2023-04-20 21:00:00+00:00,115.86,24,2023-04-19 22:00:00+00:00,2023-04-20 22:00:00+00:00
2023-04-20 22:00:00+00:00,104.9,1,2023-04-20 22:00:00+00:00,2023-04-21 22:00:00+00:00
2023-04-20 23:00:00+00:00,94.92,2,2023-04-20 22:00:00+00:00,2023-04-21 22:00:00+00:00
2023-04-21 00:00:00+00:00,99.08,3,2023-04-20 22:00:00+00:00,2023-04-21 22:00:00+00:00
2023-04-21 01:00:00+00:00,98.0,4,2023-04-20 22:00:00+00:00,2023-04-21 22:00:00+00:00
2023-04-21 02:00:00+00:00,92.6,5,2023-04-20 22:00:00+00:00,2023-04-21 22:00:00+00:00
2023-04-21 03:00:00+00:00,98.37,6,2023-04-20 22:00:00+00:00,2023-04-21 22:00:00+00:00
2023-04-21 04:00:00+00:00,111.21,7,2023-04-20 22:00:00+00:00,2023-04-21 22:00:00+00:00
2023-04-21 05:00:00+00:00,132.61,8,2023-04-20 22:00:00+00:00,2023-04-21 22:00:00+00:00
2023-04-21 06:00:00+00:00,134.7,9,2023-04-20 22:00:00+00:00,2023-04-21 22:00:00+00:00
2023-04-21 07:00:00+00:00,106.25,10,2023-04-20 22:00:00+00:00,2023-04-21 22:00:00+00:00
2023-04-21 08:00:00+00:00,103.16,11,2023-04-20 22:00:00+00:00,2023-04-21 22:00:00+00:00
2023-04-21 09:00:00+00:00,86.39,12,2023-04-20 22:00:00+00:00,2023-04-21 22:00:00+00:00
2023-04-21 10:00:00+00:00,55.17,13,2023-04-20 22:00:00+00:00,2023-04-21 22:00:00+00:00
2023-04-21 11:00:00+00:00,44.9,14,2023-04-20 22:00:00+00:00,2023-04-21 22:00:00+00:00
2023-04-21 12:00:00+00:00,50.0,15,2023-04-20 22:00:00+00:00,2023-04-21 22:00:00+00:00
2023-04-21 13:00:00+00:00,60.0,16,2023-04-20 22:00:00+00:00,2023-04-21 22:00:00+00:00
2023-04-21 14:00:00+00:00,77.23,17,2023-04-20 22:00:00+00:00,2023-04-21 22:00:00+00:00
2023-04-21 15:00:00+00:00,98.0,18,2023-04-20 22:00:00+00:00,2023-04-21 22:00:00+00:00
2023-04-21 16:00:00+00:00,123.0,19,2023-04-20 22:00:00+00:00,2023-04-21 22:00:00+00:00
2023-04-21 17:00:00+00:00,140.61,20,2023-04-20 22:00:00+00:00,2023-04-21 22:00:00+00:00
2023-04-21 18:00:00+00:00,143.95,21,2023-04-20 22:00:00+00:00,2023-04-21 22:00:00+00:00
2023-04-21 19:00:00+00:00,142.67,22,2023-04-20 22:00:00+00:00,2023-04-21 22:00:00+00:00
2023-04-21 20:00:00+00:00,120.1,23,2023-04-20 22:00:00+00:00,2023-04-21 22:00:00+00:00
2023-04-21 21:00:00+00:00,110.5,24,2023-04-20 22:00:00+00:00,2023-04-21 22:00:00+00:00
2023-04-21 22:00:00+00:00,102.5,1,2023-04-21 22:00:00+00:00,2023-04-22 22:00:00+00:00
2023-04-21 23:00:00+00:00,95.48,2,2023-04-21 22:00:00+00:00,2023-04-22 22:00:00+00:00
2023-04-22 00:00:00+00:00,96.34,3,2023-04-21 22:00:00+00:00,2023-04-22 22:00:00+00:00
2023-04-22 01:00:00+00:00,93.43,4,2023-04-21 22:00:00+00:00,2023-04-22 22:00:00+00:00
2023-04-22 02:00:00+00:00,91.38,5,2023-04-21 22:00:00+00:00,2023-04-22 22:00:00+00:00
2023-04-22 03:00:00+00:00,96.09,6,2023-04-21 22:00:00+00:00,2023-04-22 22:00:00+00:00
2023-04-22 04:00:00+00:00,99.82,7,2023-04-21 22:00:00+00:00,2023-04-22 22:00:00+00:00
2023-04-22 05:00:00+00:00,108.94,8,2023-04-21 22:00:00+00:00,2023-04-22 22:00:00+00:00
2023-04-22 06:00:00+00:00,116.64,9,2023-04-21 22:00:00+00:00,2023-04-22 22:00:00+00:00
2023-04-22 07:00:00+00:00,86.0,10,2023-04-21 22:00:00+00:00,2023-04-22 22:00:00+00:00
2023-04-22 08:00:00+00:00,74.67,11,2023-04-21 22:00:00+00:00,2023-04-22 22:00:00+00:00
2023-04-22 09:00:00+00:00,45.06,12,2023-04-21 22:00:00+00:00,2023-04-22 22:00:00+00:00
2023-04-22 10:00:00+00:00,26.2,13,2023-04-21 22:00:00+00:00,2023-04-22 22:00:00+00:00
2023-04-22 11:00:00+00:00,16.0,14,2023-04-21 22:00:00+00:00,2023-04-22 22:00:00+00:00
2023-04-22 12:00:00+00:00,69.93,15,2023-04-21 22:00:00+00:00,2023-04-22 22:00:00+00:00
2023-04-22 13:00:00+00:00,89.0,16,2023-04-21 22:00:00+00:00,2023-04-22 22:00:00+00:00
2023-04-22 14:00:00+00:00,90.59,17,2023-04-21 22:00:00+00:00,2023-04-22 22:00:00+00:00
2023-04-22 15:00:00+00:00,95.0,18,2023-04-21 22:00:00+00:00,2023-04-22 22:00:00+00:00
2023-04-22 16:00:00+00:00,112.97,19,2023-04-21 22:00:00+00:00,2023-04-22 22:00:00+00:00
2023-04-22 17:00:00+00:00,131.95,20,2023-04-21 22:00:00+00:00,2023-04-22 22:00:00+00:00
2023-04-22 18:00:00+00:00,130.5,21,2023-04-21 22:00:00+00:00,2023-04-22 22:00:00+00:00
2023-04-22 19:00:00+00:00,127.0,22,2023-04-21 22:00:00+00:00,2023-04-22 22:00:00+00:00
2023-04-22 20:00:00+00:00,121.04,23,2023-04-21 22:00:00+00:00,2023-04-22 22:00:00+00:00
2023-04-22 21:00:00+00:00,102.5,24,2023-04-21 22:00:00+00:00,2023-04-22 22:00:00+00:00
2023-04-22 22:00:00+00:00,110.87,1,2023-04-22 22:00:00+00:00,2023-04-23 22:00:00+00:00
2023-04-22 23:00:00+00:00,97.66,2,2023-04-22 22:00:00+00:00,2023-04-23 22:00:00+00:00
2023-04-23 00:00:00+00:00,94.99,3,2023-04-22 22:00:00+00:00,2023-04-23 22:00:00+00:00
2023-04-23 01:00:00+00:00,89.4,4,2023-04-22 22:00:00+00:00,2023-04-23 22:00:00+00:00
2023-04-23 02:00:00+00:00,86.64,5,2023-04-22 22:00:00+00:00,2023-04-23 22:00:00+00:00
2023-04-23 03:00:00+00:00,88.77,6,2023-04-22 22:00:00+00:00,2023-04-23 22:00:00+00:00
2023-04-23 04:00:00+00:00,89.9,7,2023-04-22 22:00:00+00:00,2023-04-23 22:00:00+00:00
2023-04-23 05:00:00+00:00,93.82,8,2023-04-22 22:00:00+00:00,2023-04-23 22:00:00+00:00
2023-04-23 06:00:00+00:00,93.46,9,2023-04-22 22:00:00+00:00,2023-04-23 22:00:00+00:00
2023-04-23 07:00:00+00:00,90.38,10,2023-04-22 22:00:00+00:00,2023-04-23 22:00:00+00:00
2023-04-23 08:00:00+00:00,79.28,11,2023-04-22 22:00:00+00:00,2023-04-23 22:00:00+00:00
2023-04-23 09:00:00+00:00,48.16,12,2023-04-22 22:00:00+00:00,2023-04-23 22:00:00+00:00
2023-04-23 10:00:00+00:00,35.48,13,2023-04-22 22:00:00+00:00,2023-04-23 22:00:00+00:00
2023-04-23 11:00:00+00:00,10.01,14,2023-04-22 22:00:00+00:00,2023-04-23 22:00:00+00:00
2023-04-23 12:00:00+00:00,4.88,15,2023-04-22 22:00:00+00:00,2023-04-23 22:00:00+00:00
2023-04-23 13:00:00+00:00,34.71,16,2023-04-22 22:00:00+00:00,2023-04-23 22:00:00+00:00
2023-04-23 14:00:00+00:00,64.14,17,2023-04-22 22:00:00+00:00,2023-04-23 22:00:00+00:00
2023-04-23 15:00:00+00:00,100.26,18,2023-04-22 22:00:00+00:00,2023-04-23 22:00:00+00:00
2023-04-23 16:00:00+00:00,123.81,19,2023-04-22 22:00:00+00:00,2023-04-23 22:00:00+00:00
2023-04-23 17:00:00+00:00,140.9,20,2023-04-22 22:00:00+00:00,2023-04-23 22:00:00+00:00
2023-04-23 18:00:00+00:00,140.36,21,2023-04-22 22:00:00+00:00,2023-04-23 22:00:00+00:00
2023-04-23 19:00:00+00:00,125.02,22,2023-04-22 22:00:00+00:00,2023-04-23 22:00:00+00:00
2023-04-23 20:00:00+00:00,116.95,23,2023-04-22 22:00:00+00:00,2023-04-23 22:00:00+00:00
2023-04-23 21:00:00+00:00,109.65,24,2023-04-22 22:00:00+00:00,2023-04-23 22:00:00+00:00
2023-04-23 22:00:00+00:00,87.7,1,2023-04-23 22:00:00+00:00,2023-04-24 22:00:00+00:00
2023-04-23 23:00:00+00:00,83.58,2,2023-04-23 22:00:00+00:00,2023-04-24 22:00:00+00:00
2023-04-24 00:00:00+00:00,82.09,3,2023-04-23 22:00:00+00:00,2023-04-24 22:00:00+00:00
2023-04-24 01:00:00+00:00,76.4,4,2023-04-23 22:00:00+00:00,2023-04-24 22:00:00+00:00
2023-04-24 02:00:00+00:00,75.08,5,2023-04-23 22:00:00+00:00,2023-04-24 22:00:00+00:00
2023-04-24 03:00:00+00:00,86.55,6,2023-04-23 22:00:00+00:00,2023-04-24 22:00:00+00:00
2023-04-24 04:00:00+00:00,114.6,7,2023-04-23 22:00:00+00:00,2023-04-24 22:00:00+00:00
2023-04-24 05:00:00+00:00,133.8,8,2023-04-23 22:00:00+00:00,2023-04-24 22:00:00+00:00
2023-04-24 06:00:00+00:00,135.0,9,2023-04-23 22:00:00+00:00,2023-04-24 22:00:00+00:00
2023-04-24 07:00:00+00:00,126.92,10,2023-04-23 22:00:00+00:00,2023-04-24 22:00:00+00:00
2023-04-24 08:00:00+00:00,110.81,11,2023-04-23 22:00:00+00:00,2023-04-24 22:00:00+00:00
2023-04-24 09:00:00+00:00,108.01,12,2023-04-23 22:00:00+00:00,2023-04-24 22:00:00+00:00
2023-04-24 10:00:00+00:00,98.07,13,2023-04-23 22:00:00+00:00,2023-04-24 22:00:00+00:00
2023-04-24 11:00:00+00:00,94.9,14,2023-04-23 22:00:00+00:00,2023-04-24 22:00:00+00:00
2023-04-24 12:00:00+00:00,86.99,15,2023-04-23 22:00:00+00:00,2023-04-24 22:00:00+00:00
2023-04-24 13:00:00+00:00,84.9,16,2023-04-23 22:00:00+00:00,2023-04-24 22:00:00+00:00
2023-04-24 14:00:00+00:00,86.21,17,2023-04-23 22:00:00+00:00,2023-04-24 22:00:00+00:00
2023-04-24 15:00:00+00:00,97.8,18,2023-04-23 22:00:00+00:00,2023-04-24 22:00:00+00:00
2023-04-24 16:00:00+00:00,117.41,19,2023-04-23 22:00:00+00:00,2023-04-24 22:00:00+00:00
2023-04-24 17:00:00+00:00,134.57,20,2023-04-23 22:00:00+00:00,2023-04-24 22:00:00+00:00
2023-04-24 18:00:00+00:00,135.97,21,2023-04-23 22:00:00+00:00,2023-04-24 22:00:00+00:00
2023-04-24 19:00:00+00:00,129.06,22,2023-04-23 22:00:00+00:00,2023-04-24 22:00:00+00:00
2023-04-24 20:00:00+00:00,110.8,23,2023-04-23 22:00:00+00:00,2023-04-24 22:00:00+00:00
2023-04-24 21:00:00+00:00,100.9,24,2023-04-23 22:00:00+00:00,2023-04-24 22:00:00+00:00
2023-04-24 22:00:00+00:00,100.0,1,2023-04-24 22:00:00+00:00,2023-04-25 22:00:00+00:00
2023-04-24 23:00:00+00:00,98.6,2,2023-04-24 22:00:00+00:00,2023-04-25 22:00:00+00:00
2023-04-25 00:00:00+00:00,99.3,3,2023-04-24 22:00:00+00:00,2023-04-25 22:00:00+00:00
2023-04-25 01:00:00+00:00,92.12,4,2023-04-24 22:00:00+00:00,2023-04-25 22:00:00+00:00
2023-04-25 02:00:00+00:00,91.8,5,2023-04-24 22:00:00+00:00,2023-04-25 22:00:00+00:00
2023-04-25 03:00:00+00:00,97.36,6,2023-04-24 22:00:00+00:00,2023-04-25 22:00:00+00:00
2023-04-25 04:00:00+00:00,121.6,7,2023-04-24 22:00:00+00:00,2023-04-25 22:00:00+00:00
2023-04-25 05:00:00+00:00,134.1,8,2023-04-24 22:00:00+00:00,2023-04-25 22:00:00+00:00
2023-04-25 06:00:00+00:00,134.93,9,2023-04-24 22:00:00+00:00,2023-04-25 22:00:00+00:00
2023-04-25 07:00:00+00:00,99.1,10,2023-04-24 22:00:00+00:00,2023-04-25 22:00:00+00:00
2023-04-25 08:00:00+00:00,75.62,11,2023-04-24 22:00:00+00:00,2023-04-25 22:00:00+00:00
2023-04-25 09:00:00+00:00,64.28,12,2023-04-24 22:00:00+00:00,2023-04-25 22:00:00+00:00
2023-04-25 10:00:00+00:00,34.9,13,2023-04-24 22:00:00+00:00,2023-04-25 22:00:00+00:00
2023-04-25 11:00:00+00:00,24.9,14,2023-04-24 22:00:00+00:00,2023-04-25 22:00:00+00:00
2023-04-25 12:00:00+00:00,13.88,15,2023-04-24 22:00:00+00:00,2023-04-25 22:00:00+00:00
2023-04-25 13:00:00+00:00,14.24,16,2023-04-24 22:00:00+00:00,2023-04-25 22:00:00+00:00
2023-04-25 14:00:00+00:00,50.1,17,2023-04-24 22:00:00+00:00,2023-04-25 22:00:00+00:00
2023-04-25 15:00:00+00:00,68.41,18,2023-04-24 22:00:00+00:00,2023-04-25 22:00:00+00:00
2023-04-25 16:00:00+00:00,91.96,19,2023-04-24 22:00:00+00:00,2023-04-25 22:00:00+00:00
2023-04-25 17:00:00+00:00,127.03,20,2023-04-24 22:00:00+00:00,2023-04-25 22:00:00+00:00
2023-04-25 18:00:00+00:00,144.16,21,2023-04-24 22:00:00+00:00,2023-04-25 22:00:00+00:00
2023-04-25 19:00:00+00:00,141.98,22,2023-04-24 22:00:00+00:00,2023-04-25 22:00:00+00:00
2023-04-25 20:00:00+00:00,135.0,23,2023-04-24 22:00:00+00:00,2023-04-25 22:00:00+00:00
2023-04-25 21:00:00+00:00,127.97,24,2023-04-24 22:00:00+00:00,2023-04-25 22:00:00+00:00
2023-04-25 22:00:00+00:00,98.5,1,2023-04-25 22:00:00+00:00,2023-04-26 22:00:00+00:00
2023-04-25 23:00:00+00:00,90.1,2,2023-04-25 22:00:00+00:00,2023-04-26 22:00:00+00:00
2023-04-26 00:00:00+00:00,95.0,3,2023-04-25 22:00:00+00:00,2023-04-26 22:00:00+00:00
2023-04-26 01:00:00+00:00,92.49,4,2023-04-25 22:00:00+00:00,2023-04-26 22:00:00+00:00
2023-04-26 02:00:00+00:00,93.33,5,2023-04-25 22:00:00+00:00,2023-04-26 22:00:00+00:00
2023-04-26 03:00:00+00:00,99.2,6,2023-04-25 22:00:00+00:00,2023-04-26 22:00:00+00:00
2023-04-26 04:00:00+00:00,125.16,7,2023-04-25 22:00:00+00:00,2023-04-26 22:00:00+00:00
2023-04-26 05:00:00+00:00,139.91,8,2023-04-25 22:00:00+00:00,2023-04-26 22:00:00+00:00
2023-04-26 06:00:00+00:00,135.0,9,2023-04-25 22:00:00+00:00,2023-04-26 22:00:00+00:00
2023-04-26 07:00:00+00:00,106.0,10,2023-04-25 22:00:00+00:00,2023-04-26 22:00:00+00:00
2023-04-26 08:00:00+00:00,98.23,11,2023-04-25 22:00:00+00:00,2023-04-26 22:00:00+00:00
2023-04-26 09:00:00+00:00,99.2,12,2023-04-25 22:00:00+00:00,2023-04-26 22:00:00+00:00
2023-04-26 10:00:00+00:00,90.03,13,2023-04-25 22:00:00+00:00,2023-04-26 22:00:00+00:00
2023-04-26 11:00:00+00:00,94.54,14,2023-04-25 22:00:00+00:00,2023-04-26 22:00:00+00:00
2023-04-26 12:00:00+00:00,88.0,15,2023-04-25 22:00:00+00:00,2023-04-26 22:00:00+00:00
2023-04-26 13:00:00+00:00,92.85,16,2023-04-25 22:00:00+00:00,2023-04-26 22:00:00+00:00
2023-04-26 14:00:00+00:00,98.2,17,2023-04-25 22:00:00+00:00,2023-04-26 22:00:00+00:00
2023-04-26 15:00:00+00:00,110.0,18,2023-04-25 22:00:00+00:00,2023-04-26 22:00:00+00:00
2023-04-26 16:00:00+00:00,125.08,19,2023-04-25 22:00:00+00:00,2023-04-26 22:00:00+00:00
2023-04-26 17:00:00+00:00,148.11,20,2023-04-25 22:00:00+00:00,2023-04-26 22:00:00+00:00
2023-04-26 18:00:00+00:00,154.97,21,2023-04-25 22:00:00+00:00,2023-04-26 22:00:00+00:00
2023-04-26 19:00:00+00:00,146.03,22,2023-04-25 22:00:00+00:00,2023-04-26 22:00:00+00:00
2023-04-26 20:00:00+00:00,124.42,23,2023-04-25 22:00:00+00:00,2023-04-26 22:00:00+00:00
2023-04-26 21:00:00+00:00,120.58,24,2023-04-25 22:00:00+00:00,2023-04-26 22:00:00+00:00
2023-04-26 22:00:00+00:00,107.12,1,2023-04-26 22:00:00+00:00,2023-04-27 22:00:00+00:00
2023-04-26 23:00:00+00:00,100.47,2,2023-04-26 22:00:00+00:00,2023-04-27 22:00:00+00:00
2023-04-27 00:00:00+00:00,97.92,3,2023-04-26 22:00:00+00:00,2023-04-27 22:00:00+00:00
2023-04-27 01:00:00+00:00,96.4,4,2023-04-26 22:00:00+00:00,2023-04-27 22:00:00+00:00
2023-04-27 02:00:00+00:00,97.37,5,2023-04-26 22:00:00+00:00,2023-04-27 22:00:00+00:00
2023-04-27 03:00:00+00:00,107.09,6,2023-04-26 22:00:00+00:00,2023-04-27 22:00:00+00:00
2023-04-27 04:00:00+00:00,116.86,7,2023-04-26 22:00:00+00:00,2023-04-27 22:00:00+00:00
2023-04-27 05:00:00+00:00,142.75,8,2023-04-26 22:00:00+00:00,2023-04-27 22:00:00+00:00
2023-04-27 06:00:00+00:00,134.97,9,2023-04-26 22:00:00+00:00,2023-04-27 22:00:00+00:00
2023-04-27 07:00:00+00:00,102.75,10,2023-04-26 22:00:00+00:00,2023-04-27 22:00:00+00:00
2023-04-27 08:00:00+00:00,90.6,11,2023-04-26 22:00:00+00:00,2023-04-27 22:00:00+00:00
2023-04-27 09:00:00+00:00,45.0,12,2023-04-26 22:00:00+00:00,2023-04-27 22:00:00+00:00
2023-04-27 10:00:00+00:00,50.1,13,2023-04-26 22:00:00+00:00,2023-04-27 22:00:00+00:00
2023-04-27 11:00:00+00:00,50.0,14,2023-04-26 22:00:00+00:00,2023-04-27 22:00:00+00:00
2023-04-27 12:00:00+00:00,44.9,15,2023-04-26 22:00:00+00:00,2023-04-27 22:00:00+00:00
2023-04-27 13:00:00+00:00,60.0,16,2023-04-26 22:00:00+00:00,2023-04-27 22:00:00+00:00
2023-04-27 14:00:00+00:00,79.68,17,2023-04-26 22:00:00+00:00,2023-04-27 22:00:00+00:00
2023-04-27 15:00:00+00:00,96.9,18,2023-04-26 22:00:00+00:00,2023-04-27 22:00:00+00:00
2023-04-27 16:00:00+00:00,109.27,19,2023-04-26 22:00:00+00:00,2023-04-27 22:00:00+00:00
2023-04-27 17:00:00+00:00,113.91,20,2023-04-26 22:00:00+00:00,2023-04-27 22:00:00+00:00
2023-04-27 18:00:00+00:00,120.0,21,2023-04-26 22:00:00+00:00,2023-04-27 22:00:00+00:00
2023-04-27 19:00:00+00:00,115.0,22,2023-04-26 22:00:00+00:00,2023-04-27 22:00:00+00:00
2023-04-27 20:00:00+00:00,103.8,23,2023-04-26 22:00:00+00:00,2023-04-27 22:00:00+00:00
2023-04-27 21:00:00+00:00,96.8,24,2023-04-26 22:00:00+00:00,2023-04-27 22:00:00+00:00
2023-04-27 22:00:00+00:00,102.03,1,2023-04-27 22:00:00+00:00,2023-04-28 22:00:00+00:00
2023-04-27 23:00:00+00:00,92.97,2,2023-04-27 22:00:00+00:00,2023-04-28 22:00:00+00:00
2023-04-28 00:00:00+00:00,90.35,3,2023-04-27 22:00:00+00:00,2023-04-28 22:00:00+00:00
2023-04-28 01:00:00+00:00,91.78,4,2023-04-27 22:00:00+00:00,2023-04-28 22:00:00+00:00
2023-04-28 02:00:00+00:00,92.82,5,2023-04-27 22:00:00+00:00,2023-04-28 22:00:00+00:00
2023-04-28 03:00:00+00:00,95.85,6,2023-04-27 22:00:00+00:00,2023-04-28 22:00:00+00:00
2023-04-28 04:00:00+00:00,113.25,7,2023-04-27 22:00:00+00:00,2023-04-28 22:00:00+00:00
2023-04-28 05:00:00+00:00,123.81,8,2023-04-27 22:00:00+00:00,2023-04-28 22:00:00+00:00
2023-04-28 06:00:00+00:00,126.73,9,2023-04-27 22:00:00+00:00,2023-04-28 22:00:00+00:00
2023-04-28 07:00:00+00:00,120.63,10,2023-04-27 22:00:00+00:00,2023-04-28 22:00:00+00:00
2023-04-28 08:00:00+00:00,113.13,11,2023-04-27 22:00:00+00:00,2023-04-28 22:00:00+00:00
2023-04-28 09:00:00+00:00,106.12,12,2023-04-27 22:00:00+00:00,2023-04-28 22:00:00+00:00
2023-04-28 10:00:00+00:00,102.0,13,2023-04-27 22:00:00+00:00,2023-04-28 22:00:00+00:00
2023-04-28 11:00:00+00:00,93.04,14,2023-04-27 22:00:00+00:00,2023-04-28 22:00:00+00:00
2023-04-28 12:00:00+00:00,90.14,15,2023-04-27 22:00:00+00:00,2023-04-28 22:00:00+00:00
2023-04-28 13:00:00+00:00,88.26,16,2023-04-27 22:00:00+00:00,2023-04-28 22:00:00+00:00
2023-04-28 14:00:00+00:00,90.6,17,2023-04-27 22:00:00+00:00,2023-04-28 22:00:00+00:00
2023-04-28 15:00:00+00:00,99.45,18,2023-04-27 22:00:00+00:00,2023-04-28 22:00:00+00:00
2023-04-28 16:00:00+00:00,115.42,19,2023-04-27 22:00:00+00:00,2023-04-28 22:00:00+00:00
2023-04-28 17:00:00+00:00,120.04,20,2023-04-27 22:00:00+00:00,2023-04-28 22:00:00+00:00
2023-04-28 18:00:00+00:00,125.43,21,2023-04-27 22:00:00+00:00,2023-04-28 22:00:00+00:00
2023-04-28 19:00:00+00:00,124.34,22,2023-04-27 22:00:00+00:00,2023-04-28 22:00:00+00:00
2023-04-28 20:00:00+00:00,116.71,23,2023-04-27 22:00:00+00:00,2023-04-28 22:00:00+00:00
2023-04-28 21:00:00+00:00,105.48,24,2023-04-27 22:00:00+00:00,2023-04-28 22:00:00+00:00
2023-04-28 22:00:00+00:00,115.59,1,2023-04-28 22:00:00+00:00,2023-04-29 22:00:00+00:00
2023-04-28 23:00:00+00:00,108.56,2,2023-04-28 22:00:00+00:00,2023-04-29 22:00:00+00:00
2023-04-29 00:00:00+00:00,106.1,3,2023-04-28 22:00:00+00:00,2023-04-29 22:00:00+00:00
2023-04-29 01:00:00+00:00,105.0,4,2023-04-28 22:00:00+00:00,2023-04-29 22:00:00+00:00
2023-04-29 02:00:00+00:00,101.24,5,2023-04-28 22:00:00+00:00,2023-04-29 22:00:00+00:00
2023-04-29 03:00:00+00:00,102.75,6,2023-04-28 22:00:00+00:00,2023-04-29 22:00:00+00:00
2023-04-29 04:00:00+00:00,103.24,7,2023-04-28 22:00:00+00:00,2023-04-29 22:00:00+00:00
2023-04-29 05:00:00+00:00,109.4,8,2023-04-28 22:00:00+00:00,2023-04-29 22:00:00+00:00
2023-04-29 06:00:00+00:00,115.64,9,2023-04-28 22:00:00+00:00,2023-04-29 22:00:00+00:00
2023-04-29 07:00:00+00:00,106.61,10,2023-04-28 22:00:00+00:00,2023-04-29 22:00:00+00:00
2023-04-29 08:00:00+00:00,103.59,11,2023-04-28 22:00:00+00:00,2023-04-29 22:00:00+00:00
2023-04-29 09:00:00+00:00,92.87,12,2023-04-28 22:00:00+00:00,2023-04-29 22:00:00+00:00
2023-04-29 10:00:00+00:00,82.23,13,2023-04-28 22:00:00+00:00,2023-04-29 22:00:00+00:00
2023-04-29 11:00:00+00:00,75.29,14,2023-04-28 22:00:00+00:00,2023-04-29 22:00:00+00:00
2023-04-29 12:00:00+00:00,66.2,15,2023-04-28 22:00:00+00:00,2023-04-29 22:00:00+00:00
2023-04-29 13:00:00+00:00,69.05,16,2023-04-28 22:00:00+00:00,2023-04-29 22:00:00+00:00
2023-04-29 14:00:00+00:00,80.0,17,2023-04-28 22:00:00+00:00,2023-04-29 22:00:00+00:00
2023-04-29 15:00:00+00:00,85.0,18,2023-04-28 22:00:00+00:00,2023-04-29 22:00:00+00:00
2023-04-29 16:00:00+00:00,100.1,19,2023-04-28 22:00:00+00:00,2023-04-29 22:00:00+00:00
2023-04-29 17:00:00+00:00,118.18,20,2023-04-28 22:00:00+00:00,2023-04-29 22:00:00+00:00
2023-04-29 18:00:00+00:00,119.12,21,2023-04-28 22:00:00+00:00,2023-04-29 22:00:00+00:00
2023-04-29 19:00:00+00:00,120.0,22,2023-04-28 22:00:00+00:00,2023-04-29 22:00:00+00:00
2023-04-29 20:00:00+00:00,115.57,23,2023-04-28 22:00:00+00:00,2023-04-29 22:00:00+00:00
2023-04-29 21:00:00+00:00,110.0,24,2023-04-28 22:00:00+00:00,2023-04-29 22:00:00+00:00
2023-04-29 22:00:00+00:00,99.28,1,2023-04-29 22:00:00+00:00,2023-04-30 22:00:00+00:00
2023-04-29 23:00:00+00:00,91.09,2,2023-04-29 22:00:00+00:00,2023-04-30 22:00:00+00:00
2023-04-30 00:00:00+00:00,88.38,3,2023-04-29 22:00:00+00:00,2023-04-30 22:00:00+00:00
2023-04-30 01:00:00+00:00,86.8,4,2023-04-29 22:00:00+00:00,2023-04-30 22:00:00+00:00
2023-04-30 02:00:00+00:00,86.45,5,2023-04-29 22:00:00+00:00,2023-04-30 22:00:00+00:00
2023-04-30 03:00:00+00:00,88.27,6,2023-04-29 22:00:00+00:00,2023-04-30 22:00:00+00:00
2023-04-30 04:00:00+00:00,85.84,7,2023-04-29 22:00:00+00:00,2023-04-30 22:00:00+00:00
2023-04-30 05:00:00+00:00,82.0,8,2023-04-29 22:00:00+00:00,2023-04-30 22:00:00+00:00
2023-04-30 06:00:00+00:00,75.0,9,2023-04-29 22:00:00+00:00,2023-04-30 22:00:00+00:00
2023-04-30 07:00:00+00:00,50.0,10,2023-04-29 22:00:00+00:00,2023-04-30 22:00:00+00:00
2023-04-30 08:00:00+00:00,27.7,11,2023-04-29 22:00:00+00:00,2023-04-30 22:00:00+00:00
2023-04-30 09:00:00+00:00,-41.11,12,2023-04-29 22:00:00+00:00,2023-04-30 22:00:00+00:00
2023-04-30 10:00:00+00:00,-99.6,13,2023-04-29 22:00:00+00:00,2023-04-30 22:00:00+00:00
2023-04-30 11:00:00+00:00,-59.0,14,2023-04-29 22:00:00+00:00,2023-04-30 22:00:00+00:00
2023-04-30 12:00:00+00:00,-34.9,15,2023-04-29 22:00:00+00:00,2023-04-30 22:00:00+00:00
2023-04-30 13:00:00+00:00,0.64,16,2023-04-29 22:00:00+00:00,2023-04-30 22:00:00+00:00
2023-04-30 14:00:00+00:00,14.0,17,2023-04-29 22:00:00+00:00,2023-04-30 22:00:00+00:00
2023-04-30 15:00:00+00:00,70.57,18,2023-04-29 22:00:00+00:00,2023-04-30 22:00:00+00:00
2023-04-30 16:00:00+00:00,105.96,19,2023-04-29 22:00:00+00:00,2023-04-30 22:00:00+00:00
2023-04-30 17:00:00+00:00,119.75,20,2023-04-29 22:00:00+00:00,2023-04-30 22:00:00+00:00
2023-04-30 18:00:00+00:00,125.01,21,2023-04-29 22:00:00+00:00,2023-04-30 22:00:00+00:00
2023-04-30 19:00:00+00:00,122.2,22,2023-04-29 22:00:00+00:00,2023-04-30 22:00:00+00:00
2023-04-30 20:00:00+00:00,117.12,23,2023-04-29 22:00:00+00:00,2023-04-30 22:00:00+00:00
2023-04-30 21:00:00+00:00,108.71,24,2023-04-29 22:00:00+00:00,2023-04-30 22:00:00+00:00
2023-04-30 22:00:00+00:00,109.9,1,2023-04-30 22:00:00+00:00,2023-05-01 22:00:00+00:00
2023-04-30 22:00:00+00:00,109.9,1,2023-04-30 22:00:00+00:00,2023-05-01 22:00:00+00:00
2023-04-30 23:00:00+00:00,99.9,2,2023-04-30 22:00:00+00:00,2023-05-01 22:00:00+00:00
2023-04-30 23:00:00+00:00,99.9,2,2023-04-30 22:00:00+00:00,2023-05-01 22:00:00+00:00
2023-05-01 00:00:00+00:00,95.49,3,2023-04-30 22:00:00+00:00,2023-05-01 22:00:00+00:00
2023-05-01 00:00:00+00:00,95.49,3,2023-04-30 22:00:00+00:00,2023-05-01 22:00:00+00:00
2023-05-01 01:00:00+00:00,92.5,4,2023-04-30 22:00:00+00:00,2023-05-01 22:00:00+00:00
2023-05-01 01:00:00+00:00,92.5,4,2023-04-30 22:00:00+00:00,2023-05-01 22:00:00+00:00
2023-05-01 02:00:00+00:00,88.5,5,2023-04-30 22:00:00+00:00,2023-05-01 22:00:00+00:00
2023-05-01 02:00:00+00:00,88.5,5,2023-04-30 22:00:00+00:00,2023-05-01 22:00:00+00:00
2023-05-01 03:00:00+00:00,88.0,6,2023-04-30 22:00:00+00:00,2023-05-01 22:00:00+00:00
2023-05-01 03:00:00+00:00,88.0,6,2023-04-30 22:00:00+00:00,2023-05-01 22:00:00+00:00
2023-05-01 04:00:00+00:00,87.7,7,2023-04-30 22:00:00+00:00,2023-05-01 22:00:00+00:00
2023-05-01 04:00:00+00:00,87.7,7,2023-04-30 22:00:00+00:00,2023-05-01 22:00:00+00:00
2023-05-01 05:00:00+00:00,98.0,8,2023-04-30 22:00:00+00:00,2023-05-01 22:00:00+00:00
2023-05-01 05:00:00+00:00,98.0,8,2023-04-30 22:00:00+00:00,2023-05-01 22:00:00+00:00
2023-05-01 06:00:00+00:00,96.18,9,2023-04-30 22:00:00+00:00,2023-05-01 22:00:00+00:00
2023-05-01 06:00:00+00:00,96.18,9,2023-04-30 22:00:00+00:00,2023-05-01 22:00:00+00:00
2023-05-01 07:00:00+00:00,101.2,10,2023-04-30 22:00:00+00:00,2023-05-01 22:00:00+00:00
2023-05-01 07:00:00+00:00,101.2,10,2023-04-30 22:00:00+00:00,2023-05-01 22:00:00+00:00
2023-05-01 08:00:00+00:00,90.69,11,2023-04-30 22:00:00+00:00,2023-05-01 22:00:00+00:00
2023-05-01 08:00:00+00:00,90.69,11,2023-04-30 22:00:00+00:00,2023-05-01 22:00:00+00:00
2023-05-01 09:00:00+00:00,67.99,12,2023-04-30 22:00:00+00:00,2023-05-01 22:00:00+00:00
2023-05-01 09:00:00+00:00,67.99,12,2023-04-30 22:00:00+00:00,2023-05-01 22:00:00+00:00
2023-05-01 10:00:00+00:00,54.63,13,2023-04-30 22:00:00+00:00,2023-05-01 22:00:00+00:00
2023-05-01 10:00:00+00:00,54.63,13,2023-04-30 22:00:00+00:00,2023-05-01 22:00:00+00:00
2023-05-01 11:00:00+00:00,34.69,14,2023-04-30 22:00:00+00:00,2023-05-01 22:00:00+00:00
2023-05-01 11:00:00+00:00,34.69,14,2023-04-30 22:00:00+00:00,2023-05-01 22:00:00+00:00
2023-05-01 12:00:00+00:00,30.0,15,2023-04-30 22:00:00+00:00,2023-05-01 22:00:00+00:00
2023-05-01 12:00:00+00:00,30.0,15,2023-04-30 22:00:00+00:00,2023-05-01 22:00:00+00:00
2023-05-01 13:00:00+00:00,41.19,16,2023-04-30 22:00:00+00:00,2023-05-01 22:00:00+00:00
2023-05-01 13:00:00+00:00,41.19,16,2023-04-30 22:00:00+00:00,2023-05-01 22:00:00+00:00
2023-05-01 14:00:00+00:00,76.25,17,2023-04-30 22:00:00+00:00,2023-05-01 22:00:00+00:00
2023-05-01 14:00:00+00:00,76.25,17,2023-04-30 22:00:00+00:00,2023-05-01 22:00:00+00:00
2023-05-01 15:00:00+00:00,89.95,18,2023-04-30 22:00:00+00:00,2023-05-01 22:00:00+00:00
2023-05-01 15:00:00+00:00,89.95,18,2023-04-30 22:00:00+00:00,2023-05-01 22:00:00+00:00
2023-05-01 16:00:00+00:00,113.86,19,2023-04-30 22:00:00+00:00,2023-05-01 22:00:00+00:00
2023-05-01 16:00:00+00:00,113.86,19,2023-04-30 22:00:00+00:00,2023-05-01 22:00:00+00:00
2023-05-01 17:00:00+00:00,123.11,20,2023-04-30 22:00:00+00:00,2023-05-01 22:00:00+00:00
2023-05-01 17:00:00+00:00,123.11,20,2023-04-30 22:00:00+00:00,2023-05-01 22:00:00+00:00
2023-05-01 18:00:00+00:00,128.22,21,2023-04-30 22:00:00+00:00,2023-05-01 22:00:00+00:00
2023-05-01 18:00:00+00:00,128.22,21,2023-04-30 22:00:00+00:00,2023-05-01 22:00:00+00:00
2023-05-01 19:00:00+00:00,121.72,22,2023-04-30 22:00:00+00:00,2023-05-01 22:00:00+00:00
2023-05-01 19:00:00+00:00,121.72,22,2023-04-30 22:00:00+00:00,2023-05-01 22:00:00+00:00
2023-05-01 20:00:00+00:00,117.9,23,2023-04-30 22:00:00+00:00,2023-05-01 22:00:00+00:00
2023-05-01 20:00:00+00:00,117.9,23,2023-04-30 22:00:00+00:00,2023-05-01 22:00:00+00:00
2023-05-01 21:00:00+00:00,111.04,24,2023-04-30 22:00:00+00:00,2023-05-01 22:00:00+00:00
2023-05-01 21:00:00+00:00,111.04,24,2023-04-30 22:00:00+00:00,2023-05-01 22:00:00+00:00
2023-05-01 22:00:00+00:00,98.48,1,2023-05-01 22:00:00+00:00,2023-05-02 22:00:00+00:00
2023-05-01 23:00:00+00:00,85.6,2,2023-05-01 22:00:00+00:00,2023-05-02 22:00:00+00:00
2023-05-02 00:00:00+00:00,83.3,3,2023-05-01 22:00:00+00:00,2023-05-02 22:00:00+00:00
2023-05-02 01:00:00+00:00,80.9,4,2023-05-01 22:00:00+00:00,2023-05-02 22:00:00+00:00
2023-05-02 02:00:00+00:00,81.22,5,2023-05-01 22:00:00+00:00,2023-05-02 22:00:00+00:00
2023-05-02 03:00:00+00:00,90.39,6,2023-05-01 22:00:00+00:00,2023-05-02 22:00:00+00:00
2023-05-02 04:00:00+00:00,111.06,7,2023-05-01 22:00:00+00:00,2023-05-02 22:00:00+00:00
2023-05-02 05:00:00+00:00,127.42,8,2023-05-01 22:00:00+00:00,2023-05-02 22:00:00+00:00
2023-05-02 06:00:00+00:00,135.15,9,2023-05-01 22:00:00+00:00,2023-05-02 22:00:00+00:00
2023-05-02 07:00:00+00:00,122.99,10,2023-05-01 22:00:00+00:00,2023-05-02 22:00:00+00:00
2023-05-02 08:00:00+00:00,115.71,11,2023-05-01 22:00:00+00:00,2023-05-02 22:00:00+00:00
2023-05-02 09:00:00+00:00,108.96,12,2023-05-01 22:00:00+00:00,2023-05-02 22:00:00+00:00
2023-05-02 10:00:00+00:00,98.46,13,2023-05-01 22:00:00+00:00,2023-05-02 22:00:00+00:00
2023-05-02 11:00:00+00:00,92.76,14,2023-05-01 22:00:00+00:00,2023-05-02 22:00:00+00:00
2023-05-02 12:00:00+00:00,86.32,15,2023-05-01 22:00:00+00:00,2023-05-02 22:00:00+00:00
2023-05-02 13:00:00+00:00,81.97,16,2023-05-01 22:00:00+00:00,2023-05-02 22:00:00+00:00
2023-05-02 14:00:00+00:00,87.2,17,2023-05-01 22:00:00+00:00,2023-05-02 22:00:00+00:00
2023-05-02 15:00:00+00:00,94.43,18,2023-05-01 22:00:00+00:00,2023-05-02 22:00:00+00:00
2023-05-02 16:00:00+00:00,117.38,19,2023-05-01 22:00:00+00:00,2023-05-02 22:00:00+00:00
2023-05-02 17:00:00+00:00,130.0,20,2023-05-01 22:00:00+00:00,2023-05-02 22:00:00+00:00
2023-05-02 18:00:00+00:00,142.86,21,2023-05-01 22:00:00+00:00,2023-05-02 22:00:00+00:00
2023-05-02 19:00:00+00:00,133.69,22,2023-05-01 22:00:00+00:00,2023-05-02 22:00:00+00:00
2023-05-02 20:00:00+00:00,124.02,23,2023-05-01 22:00:00+00:00,2023-05-02 22:00:00+00:00
2023-05-02 21:00:00+00:00,116.13,24,2023-05-01 22:00:00+00:00,2023-05-02 22:00:00+00:00
2023-05-02 22:00:00+00:00,107.65,1,2023-05-02 22:00:00+00:00,2023-05-03 22:00:00+00:00
2023-05-02 23:00:00+00:00,102.63,2,2023-05-02 22:00:00+00:00,2023-05-03 22:00:00+00:00
2023-05-03 00:00:00+00:00,100.97,3,2023-05-02 22:00:00+00:00,2023-05-03 22:00:00+00:00
2023-05-03 01:00:00+00:00,97.8,4,2023-05-02 22:00:00+00:00,2023-05-03 22:00:00+00:00
2023-05-03 02:00:00+00:00,97.37,5,2023-05-02 22:00:00+00:00,2023-05-03 22:00:00+00:00
2023-05-03 03:00:00+00:00,110.09,6,2023-05-02 22:00:00+00:00,2023-05-03 22:00:00+00:00
2023-05-03 04:00:00+00:00,123.85,7,2023-05-02 22:00:00+00:00,2023-05-03 22:00:00+00:00
2023-05-03 05:00:00+00:00,132.46,8,2023-05-02 22:00:00+00:00,2023-05-03 22:00:00+00:00
2023-05-03 06:00:00+00:00,125.1,9,2023-05-02 22:00:00+00:00,2023-05-03 22:00:00+00:00
2023-05-03 07:00:00+00:00,110.1,10,2023-05-02 22:00:00+00:00,2023-05-03 22:00:00+00:00
2023-05-03 08:00:00+00:00,91.16,11,2023-05-02 22:00:00+00:00,2023-05-03 22:00:00+00:00
2023-05-03 09:00:00+00:00,84.16,12,2023-05-02 22:00:00+00:00,2023-05-03 22:00:00+00:00
2023-05-03 10:00:00+00:00,77.42,13,2023-05-02 22:00:00+00:00,2023-05-03 22:00:00+00:00
2023-05-03 11:00:00+00:00,36.0,14,2023-05-02 22:00:00+00:00,2023-05-03 22:00:00+00:00
2023-05-03 12:00:00+00:00,24.3,15,2023-05-02 22:00:00+00:00,2023-05-03 22:00:00+00:00
2023-05-03 13:00:00+00:00,50.0,16,2023-05-02 22:00:00+00:00,2023-05-03 22:00:00+00:00
2023-05-03 14:00:00+00:00,81.29,17,2023-05-02 22:00:00+00:00,2023-05-03 22:00:00+00:00
2023-05-03 15:00:00+00:00,96.92,18,2023-05-02 22:00:00+00:00,2023-05-03 22:00:00+00:00
2023-05-03 16:00:00+00:00,104.9,19,2023-05-02 22:00:00+00:00,2023-05-03 22:00:00+00:00
2023-05-03 17:00:00+00:00,123.1,20,2023-05-02 22:00:00+00:00,2023-05-03 22:00:00+00:00
2023-05-03 18:00:00+00:00,147.73,21,2023-05-02 22:00:00+00:00,2023-05-03 22:00:00+00:00
2023-05-03 19:00:00+00:00,128.9,22,2023-05-02 22:00:00+00:00,2023-05-03 22:00:00+00:00
2023-05-03 20:00:00+00:00,116.82,23,2023-05-02 22:00:00+00:00,2023-05-03 22:00:00+00:00
2023-05-03 21:00:00+00:00,101.59,24,2023-05-02 22:00:00+00:00,2023-05-03 22:00:00+00:00
2023-05-03 22:00:00+00:00,99.18,1,2023-05-03 22:00:00+00:00,2023-05-04 22:00:00+00:00
2023-05-03 23:00:00+00:00,94.35,2,2023-05-03 22:00:00+00:00,2023-05-04 22:00:00+00:00
2023-05-04 00:00:00+00:00,93.0,3,2023-05-03 22:00:00+00:00,2023-05-04 22:00:00+00:00
2023-05-04 01:00:00+00:00,93.78,4,2023-05-03 22:00:00+00:00,2023-05-04 22:00:00+00:00
2023-05-04 02:00:00+00:00,94.16,5,2023-05-03 22:00:00+00:00,2023-05-04 22:00:00+00:00
2023-05-04 03:00:00+00:00,105.33,6,2023-05-03 22:00:00+00:00,2023-05-04 22:00:00+00:00
2023-05-04 04:00:00+00:00,109.5,7,2023-05-03 22:00:00+00:00,2023-05-04 22:00:00+00:00
2023-05-04 05:00:00+00:00,128.98,8,2023-05-03 22:00:00+00:00,2023-05-04 22:00:00+00:00
2023-05-04 06:00:00+00:00,119.9,9,2023-05-03 22:00:00+00:00,2023-05-04 22:00:00+00:00
2023-05-04 07:00:00+00:00,104.42,10,2023-05-03 22:00:00+00:00,2023-05-04 22:00:00+00:00
2023-05-04 08:00:00+00:00,90.0,11,2023-05-03 22:00:00+00:00,2023-05-04 22:00:00+00:00
2023-05-04 09:00:00+00:00,79.6,12,2023-05-03 22:00:00+00:00,2023-05-04 22:00:00+00:00
2023-05-04 10:00:00+00:00,70.06,13,2023-05-03 22:00:00+00:00,2023-05-04 22:00:00+00:00
2023-05-04 11:00:00+00:00,59.72,14,2023-05-03 22:00:00+00:00,2023-05-04 22:00:00+00:00
2023-05-04 12:00:00+00:00,56.69,15,2023-05-03 22:00:00+00:00,2023-05-04 22:00:00+00:00
2023-05-04 13:00:00+00:00,57.0,16,2023-05-03 22:00:00+00:00,2023-05-04 22:00:00+00:00
2023-05-04 14:00:00+00:00,78.65,17,2023-05-03 22:00:00+00:00,2023-05-04 22:00:00+00:00
2023-05-04 15:00:00+00:00,94.29,18,2023-05-03 22:00:00+00:00,2023-05-04 22:00:00+00:00
2023-05-04 16:00:00+00:00,111.32,19,2023-05-03 22:00:00+00:00,2023-05-04 22:00:00+00:00
2023-05-04 17:00:00+00:00,118.53,20,2023-05-03 22:00:00+00:00,2023-05-04 22:00:00+00:00
2023-05-04 18:00:00+00:00,120.49,21,2023-05-03 22:00:00+00:00,2023-05-04 22:00:00+00:00
2023-05-04 19:00:00+00:00,114.74,22,2023-05-03 22:00:00+00:00,2023-05-04 22:00:00+00:00
2023-05-04 20:00:00+00:00,105.12,23,2023-05-03 22:00:00+00:00,2023-05-04 22:00:00+00:00
2023-05-04 21:00:00+00:00,94.36,24,2023-05-03 22:00:00+00:00,2023-05-04 22:00:00+00:00
2023-05-04 22:00:00+00:00,91.5,1,2023-05-04 22:00:00+00:00,2023-05-05 22:00:00+00:00
2023-05-04 23:00:00+00:00,81.8,2,2023-05-04 22:00:00+00:00,2023-05-05 22:00:00+00:00
2023-05-05 00:00:00+00:00,78.49,3,2023-05-04 22:00:00+00:00,2023-05-05 22:00:00+00:00
2023-05-05 01:00:00+00:00,79.51,4,2023-05-04 22:00:00+00:00,2023-05-05 22:00:00+00:00
2023-05-05 02:00:00+00:00,78.49,5,2023-05-04 22:00:00+00:00,2023-05-05 22:00:00+00:00
2023-05-05 03:00:00+00:00,87.52,6,2023-05-04 22:00:00+00:00,2023-05-05 22:00:00+00:00
2023-05-05 04:00:00+00:00,101.22,7,2023-05-04 22:00:00+00:00,2023-05-05 22:00:00+00:00
2023-05-05 05:00:00+00:00,113.75,8,2023-05-04 22:00:00+00:00,2023-05-05 22:00:00+00:00
2023-05-05 06:00:00+00:00,109.01,9,2023-05-04 22:00:00+00:00,2023-05-05 22:00:00+00:00
2023-05-05 07:00:00+00:00,90.8,10,2023-05-04 22:00:00+00:00,2023-05-05 22:00:00+00:00
2023-05-05 08:00:00+00:00,84.07,11,2023-05-04 22:00:00+00:00,2023-05-05 22:00:00+00:00
2023-05-05 09:00:00+00:00,71.7,12,2023-05-04 22:00:00+00:00,2023-05-05 22:00:00+00:00
2023-05-05 10:00:00+00:00,72.03,13,2023-05-04 22:00:00+00:00,2023-05-05 22:00:00+00:00
2023-05-05 11:00:00+00:00,77.36,14,2023-05-04 22:00:00+00:00,2023-05-05 22:00:00+00:00
2023-05-05 12:00:00+00:00,78.9,15,2023-05-04 22:00:00+00:00,2023-05-05 22:00:00+00:00
2023-05-05 13:00:00+00:00,81.08,16,2023-05-04 22:00:00+00:00,2023-05-05 22:00:00+00:00
2023-05-05 14:00:00+00:00,91.16,17,2023-05-04 22:00:00+00:00,2023-05-05 22:00:00+00:00
2023-05-05 15:00:00+00:00,99.87,18,2023-05-04 22:00:00+00:00,2023-05-05 22:00:00+00:00
2023-05-05 16:00:00+00:00,112.8,19,2023-05-04 22:00:00+00:00,2023-05-05 22:00:00+00:00
2023-05-05 17:00:00+00:00,120.54,20,2023-05-04 22:00:00+00:00,2023-05-05 22:00:00+00:00
2023-05-05 18:00:00+00:00,128.76,21,2023-05-04 22:00:00+00:00,2023-05-05 22:00:00+00:00
2023-05-05 19:00:00+00:00,126.31,22,2023-05-04 22:00:00+00:00,2023-05-05 22:00:00+00:00
2023-05-05 20:00:00+00:00,115.56,23,2023-05-04 22:00:00+00:00,2023-05-05 22:00:00+00:00
2023-05-05 21:00:00+00:00,124.05,24,2023-05-04 22:00:00+00:00,2023-05-05 22:00:00+00:00
2023-05-05 22:00:00+00:00,106.71,1,2023-05-05 22:00:00+00:00,2023-05-06 22:00:00+00:00
2023-05-05 23:00:00+00:00,99.62,2,2023-05-05 22:00:00+00:00,2023-05-06 22:00:00+00:00
2023-05-06 00:00:00+00:00,95.71,3,2023-05-05 22:00:00+00:00,2023-05-06 22:00:00+00:00
2023-05-06 01:00:00+00:00,91.7,4,2023-05-05 22:00:00+00:00,2023-05-06 22:00:00+00:00
2023-05-06 02:00:00+00:00,89.93,5,2023-05-05 22:00:00+00:00,2023-05-06 22:00:00+00:00
2023-05-06 03:00:00+00:00,91.7,6,2023-05-05 22:00:00+00:00,2023-05-06 22:00:00+00:00
2023-05-06 04:00:00+00:00,97.2,7,2023-05-05 22:00:00+00:00,2023-05-06 22:00:00+00:00
2023-05-06 05:00:00+00:00,99.02,8,2023-05-05 22:00:00+00:00,2023-05-06 22:00:00+00:00
2023-05-06 06:00:00+00:00,95.13,9,2023-05-05 22:00:00+00:00,2023-05-06 22:00:00+00:00
2023-05-06 07:00:00+00:00,93.28,10,2023-05-05 22:00:00+00:00,2023-05-06 22:00:00+00:00
2023-05-06 08:00:00+00:00,82.53,11,2023-05-05 22:00:00+00:00,2023-05-06 22:00:00+00:00
2023-05-06 09:00:00+00:00,74.42,12,2023-05-05 22:00:00+00:00,2023-05-06 22:00:00+00:00
2023-05-06 10:00:00+00:00,70.36,13,2023-05-05 22:00:00+00:00,2023-05-06 22:00:00+00:00
2023-05-06 11:00:00+00:00,55.69,14,2023-05-05 22:00:00+00:00,2023-05-06 22:00:00+00:00
2023-05-06 12:00:00+00:00,50.0,15,2023-05-05 22:00:00+00:00,2023-05-06 22:00:00+00:00
2023-05-06 13:00:00+00:00,63.16,16,2023-05-05 22:00:00+00:00,2023-05-06 22:00:00+00:00
2023-05-06 14:00:00+00:00,74.64,17,2023-05-05 22:00:00+00:00,2023-05-06 22:00:00+00:00
2023-05-06 15:00:00+00:00,90.3,18,2023-05-05 22:00:00+00:00,2023-05-06 22:00:00+00:00
2023-05-06 16:00:00+00:00,102.7,19,2023-05-05 22:00:00+00:00,2023-05-06 22:00:00+00:00
2023-05-06 17:00:00+00:00,108.05,20,2023-05-05 22:00:00+00:00,2023-05-06 22:00:00+00:00
2023-05-06 18:00:00+00:00,115.36,21,2023-05-05 22:00:00+00:00,2023-05-06 22:00:00+00:00
2023-05-06 19:00:00+00:00,108.71,22,2023-05-05 22:00:00+00:00,2023-05-06 22:00:00+00:00
2023-05-06 20:00:00+00:00,103.12,23,2023-05-05 22:00:00+00:00,2023-05-06 22:00:00+00:00
2023-05-06 21:00:00+00:00,92.38,24,2023-05-05 22:00:00+00:00,2023-05-06 22:00:00+00:00
2023-05-06 22:00:00+00:00,123.71,1,2023-05-06 22:00:00+00:00,2023-05-07 22:00:00+00:00
2023-05-06 23:00:00+00:00,112.0,2,2023-05-06 22:00:00+00:00,2023-05-07 22:00:00+00:00
2023-05-07 00:00:00+00:00,107.61,3,2023-05-06 22:00:00+00:00,2023-05-07 22:00:00+00:00
2023-05-07 01:00:00+00:00,86.27,4,2023-05-06 22:00:00+00:00,2023-05-07 22:00:00+00:00
2023-05-07 02:00:00+00:00,85.69,5,2023-05-06 22:00:00+00:00,2023-05-07 22:00:00+00:00
2023-05-07 03:00:00+00:00,86.85,6,2023-05-06 22:00:00+00:00,2023-05-07 22:00:00+00:00
2023-05-07 04:00:00+00:00,90.1,7,2023-05-06 22:00:00+00:00,2023-05-07 22:00:00+00:00
2023-05-07 05:00:00+00:00,84.1,8,2023-05-06 22:00:00+00:00,2023-05-07 22:00:00+00:00
2023-05-07 06:00:00+00:00,80.29,9,2023-05-06 22:00:00+00:00,2023-05-07 22:00:00+00:00
2023-05-07 07:00:00+00:00,78.82,10,2023-05-06 22:00:00+00:00,2023-05-07 22:00:00+00:00
2023-05-07 08:00:00+00:00,67.07,11,2023-05-06 22:00:00+00:00,2023-05-07 22:00:00+00:00
2023-05-07 09:00:00+00:00,54.36,12,2023-05-06 22:00:00+00:00,2023-05-07 22:00:00+00:00
2023-05-07 10:00:00+00:00,52.25,13,2023-05-06 22:00:00+00:00,2023-05-07 22:00:00+00:00
2023-05-07 11:00:00+00:00,55.0,14,2023-05-06 22:00:00+00:00,2023-05-07 22:00:00+00:00
2023-05-07 12:00:00+00:00,45.0,15,2023-05-06 22:00:00+00:00,2023-05-07 22:00:00+00:00
2023-05-07 13:00:00+00:00,40.0,16,2023-05-06 22:00:00+00:00,2023-05-07 22:00:00+00:00
2023-05-07 14:00:00+00:00,60.37,17,2023-05-06 22:00:00+00:00,2023-05-07 22:00:00+00:00
2023-05-07 15:00:00+00:00,82.34,18,2023-05-06 22:00:00+00:00,2023-05-07 22:00:00+00:00
2023-05-07 16:00:00+00:00,98.99,19,2023-05-06 22:00:00+00:00,2023-05-07 22:00:00+00:00
2023-05-07 17:00:00+00:00,123.94,20,2023-05-06 22:00:00+00:00,2023-05-07 22:00:00+00:00
2023-05-07 18:00:00+00:00,110.1,21,2023-05-06 22:00:00+00:00,2023-05-07 22:00:00+00:00
2023-05-07 19:00:00+00:00,120.0,22,2023-05-06 22:00:00+00:00,2023-05-07 22:00:00+00:00
2023-05-07 20:00:00+00:00,123.99,23,2023-05-06 22:00:00+00:00,2023-05-07 22:00:00+00:00
2023-05-07 21:00:00+00:00,100.0,24,2023-05-06 22:00:00+00:00,2023-05-07 22:00:00+00:00
2023-05-07 22:00:00+00:00,118.1,1,2023-05-07 22:00:00+00:00,2023-05-08 22:00:00+00:00
2023-05-07 23:00:00+00:00,100.0,2,2023-05-07 22:00:00+00:00,2023-05-08 22:00:00+00:00
2023-05-08 00:00:00+00:00,95.59,3,2023-05-07 22:00:00+00:00,2023-05-08 22:00:00+00:00
2023-05-08 01:00:00+00:00,85.99,4,2023-05-07 22:00:00+00:00,2023-05-08 22:00:00+00:00
2023-05-08 02:00:00+00:00,84.35,5,2023-05-07 22:00:00+00:00,2023-05-08 22:00:00+00:00
2023-05-08 03:00:00+00:00,90.91,6,2023-05-07 22:00:00+00:00,2023-05-08 22:00:00+00:00
2023-05-08 04:00:00+00:00,103.29,7,2023-05-07 22:00:00+00:00,2023-05-08 22:00:00+00:00
2023-05-08 05:00:00+00:00,117.87,8,2023-05-07 22:00:00+00:00,2023-05-08 22:00:00+00:00
2023-05-08 06:00:00+00:00,110.97,9,2023-05-07 22:00:00+00:00,2023-05-08 22:00:00+00:00
2023-05-08 07:00:00+00:00,100.01,10,2023-05-07 22:00:00+00:00,2023-05-08 22:00:00+00:00
2023-05-08 08:00:00+00:00,92.59,11,2023-05-07 22:00:00+00:00,2023-05-08 22:00:00+00:00
2023-05-08 09:00:00+00:00,85.85,12,2023-05-07 22:00:00+00:00,2023-05-08 22:00:00+00:00
2023-05-08 10:00:00+00:00,80.6,13,2023-05-07 22:00:00+00:00,2023-05-08 22:00:00+00:00
2023-05-08 11:00:00+00:00,70.1,14,2023-05-07 22:00:00+00:00,2023-05-08 22:00:00+00:00
2023-05-08 12:00:00+00:00,70.63,15,2023-05-07 22:00:00+00:00,2023-05-08 22:00:00+00:00
2023-05-08 13:00:00+00:00,78.0,16,2023-05-07 22:00:00+00:00,2023-05-08 22:00:00+00:00
2023-05-08 14:00:00+00:00,84.01,17,2023-05-07 22:00:00+00:00,2023-05-08 22:00:00+00:00
2023-05-08 15:00:00+00:00,97.05,18,2023-05-07 22:00:00+00:00,2023-05-08 22:00:00+00:00
2023-05-08 16:00:00+00:00,109.82,19,2023-05-07 22:00:00+00:00,2023-05-08 22:00:00+00:00
2023-05-08 17:00:00+00:00,131.91,20,2023-05-07 22:00:00+00:00,2023-05-08 22:00:00+00:00
2023-05-08 18:00:00+00:00,129.37,21,2023-05-07 22:00:00+00:00,2023-05-08 22:00:00+00:00
2023-05-08 19:00:00+00:00,121.99,22,2023-05-07 22:00:00+00:00,2023-05-08 22:00:00+00:00
2023-05-08 20:00:00+00:00,119.88,23,2023-05-07 22:00:00+00:00,2023-05-08 22:00:00+00:00
2023-05-08 21:00:00+00:00,114.0,24,2023-05-07 22:00:00+00:00,2023-05-08 22:00:00+00:00
2023-05-08 22:00:00+00:00,95.96,1,2023-05-08 22:00:00+00:00,2023-05-09 22:00:00+00:00
2023-05-08 23:00:00+00:00,87.52,2,2023-05-08 22:00:00+00:00,2023-05-09 22:00:00+00:00
2023-05-09 00:00:00+00:00,84.6,3,2023-05-08 22:00:00+00:00,2023-05-09 22:00:00+00:00
2023-05-09 01:00:00+00:00,84.17,4,2023-05-08 22:00:00+00:00,2023-05-09 22:00:00+00:00
2023-05-09 02:00:00+00:00,85.25,5,2023-05-08 22:00:00+00:00,2023-05-09 22:00:00+00:00
2023-05-09 03:00:00+00:00,92.45,6,2023-05-08 22:00:00+00:00,2023-05-09 22:00:00+00:00
2023-05-09 04:00:00+00:00,111.58,7,2023-05-08 22:00:00+00:00,2023-05-09 22:00:00+00:00
2023-05-09 05:00:00+00:00,121.0,8,2023-05-08 22:00:00+00:00,2023-05-09 22:00:00+00:00
2023-05-09 06:00:00+00:00,117.88,9,2023-05-08 22:00:00+00:00,2023-05-09 22:00:00+00:00
2023-05-09 07:00:00+00:00,113.13,10,2023-05-08 22:00:00+00:00,2023-05-09 22:00:00+00:00
2023-05-09 08:00:00+00:00,119.9,11,2023-05-08 22:00:00+00:00,2023-05-09 22:00:00+00:00
2023-05-09 09:00:00+00:00,113.34,12,2023-05-08 22:00:00+00:00,2023-05-09 22:00:00+00:00
2023-05-09 10:00:00+00:00,131.53,13,2023-05-08 22:00:00+00:00,2023-05-09 22:00:00+00:00
2023-05-09 11:00:00+00:00,112.8,14,2023-05-08 22:00:00+00:00,2023-05-09 22:00:00+00:00
2023-05-09 12:00:00+00:00,97.8,15,2023-05-08 22:00:00+00:00,2023-05-09 22:00:00+00:00
2023-05-09 13:00:00+00:00,81.7,16,2023-05-08 22:00:00+00:00,2023-05-09 22:00:00+00:00
2023-05-09 14:00:00+00:00,84.44,17,2023-05-08 22:00:00+00:00,2023-05-09 22:00:00+00:00
2023-05-09 15:00:00+00:00,100.06,18,2023-05-08 22:00:00+00:00,2023-05-09 22:00:00+00:00
2023-05-09 16:00:00+00:00,116.34,19,2023-05-08 22:00:00+00:00,2023-05-09 22:00:00+00:00
2023-05-09 17:00:00+00:00,121.55,20,2023-05-08 22:00:00+00:00,2023-05-09 22:00:00+00:00
2023-05-09 18:00:00+00:00,119.84,21,2023-05-08 22:00:00+00:00,2023-05-09 22:00:00+00:00
2023-05-09 19:00:00+00:00,111.0,22,2023-05-08 22:00:00+00:00,2023-05-09 22:00:00+00:00
2023-05-09 20:00:00+00:00,104.67,23,2023-05-08 22:00:00+00:00,2023-05-09 22:00:00+00:00
2023-05-09 21:00:00+00:00,89.93,24,2023-05-08 22:00:00+00:00,2023-05-09 22:00:00+00:00
2023-05-09 22:00:00+00:00,94.82,1,2023-05-09 22:00:00+00:00,2023-05-10 22:00:00+00:00
2023-05-09 23:00:00+00:00,90.06,2,2023-05-09 22:00:00+00:00,2023-05-10 22:00:00+00:00
2023-05-10 00:00:00+00:00,88.38,3,2023-05-09 22:00:00+00:00,2023-05-10 22:00:00+00:00
2023-05-10 01:00:00+00:00,86.19,4,2023-05-09 22:00:00+00:00,2023-05-10 22:00:00+00:00
2023-05-10 02:00:00+00:00,87.94,5,2023-05-09 22:00:00+00:00,2023-05-10 22:00:00+00:00
2023-05-10 03:00:00+00:00,89.59,6,2023-05-09 22:00:00+00:00,2023-05-10 22:00:00+00:00
2023-05-10 04:00:00+00:00,106.43,7,2023-05-09 22:00:00+00:00,2023-05-10 22:00:00+00:00
2023-05-10 05:00:00+00:00,119.53,8,2023-05-09 22:00:00+00:00,2023-05-10 22:00:00+00:00
2023-05-10 06:00:00+00:00,133.05,9,2023-05-09 22:00:00+00:00,2023-05-10 22:00:00+00:00
2023-05-10 07:00:00+00:00,110.24,10,2023-05-09 22:00:00+00:00,2023-05-10 22:00:00+00:00
2023-05-10 08:00:00+00:00,105.82,11,2023-05-09 22:00:00+00:00,2023-05-10 22:00:00+00:00
2023-05-10 09:00:00+00:00,101.06,12,2023-05-09 22:00:00+00:00,2023-05-10 22:00:00+00:00
2023-05-10 10:00:00+00:00,97.0,13,2023-05-09 22:00:00+00:00,2023-05-10 22:00:00+00:00
2023-05-10 11:00:00+00:00,92.95,14,2023-05-09 22:00:00+00:00,2023-05-10 22:00:00+00:00
2023-05-10 12:00:00+00:00,91.76,15,2023-05-09 22:00:00+00:00,2023-05-10 22:00:00+00:00
2023-05-10 13:00:00+00:00,94.86,16,2023-05-09 22:00:00+00:00,2023-05-10 22:00:00+00:00
2023-05-10 14:00:00+00:00,104.81,17,2023-05-09 22:00:00+00:00,2023-05-10 22:00:00+00:00
2023-05-10 15:00:00+00:00,101.2,18,2023-05-09 22:00:00+00:00,2023-05-10 22:00:00+00:00
2023-05-10 16:00:00+00:00,120.0,19,2023-05-09 22:00:00+00:00,2023-05-10 22:00:00+00:00
2023-05-10 17:00:00+00:00,135.73,20,2023-05-09 22:00:00+00:00,2023-05-10 22:00:00+00:00
2023-05-10 18:00:00+00:00,147.42,21,2023-05-09 22:00:00+00:00,2023-05-10 22:00:00+00:00
2023-05-10 19:00:00+00:00,134.15,22,2023-05-09 22:00:00+00:00,2023-05-10 22:00:00+00:00
2023-05-10 20:00:00+00:00,117.73,23,2023-05-09 22:00:00+00:00,2023-05-10 22:00:00+00:00
2023-05-10 21:00:00+00:00,109.9,24,2023-05-09 22:00:00+00:00,2023-05-10 22:00:00+00:00
2023-05-10 22:00:00+00:00,100.0,1,2023-05-10 22:00:00+00:00,2023-05-11 22:00:00+00:00
2023-05-10 23:00:00+00:00,96.94,2,2023-05-10 22:00:00+00:00,2023-05-11 22:00:00+00:00
2023-05-11 00:00:00+00:00,96.0,3,2023-05-10 22:00:00+00:00,2023-05-11 22:00:00+00:00
2023-05-11 01:00:00+00:00,95.88,4,2023-05-10 22:00:00+00:00,2023-05-11 22:00:00+00:00
2023-05-11 02:00:00+00:00,93.06,5,2023-05-10 22:00:00+00:00,2023-05-11 22:00:00+00:00
2023-05-11 03:00:00+00:00,103.18,6,2023-05-10 22:00:00+00:00,2023-05-11 22:00:00+00:00
2023-05-11 04:00:00+00:00,110.0,7,2023-05-10 22:00:00+00:00,2023-05-11 22:00:00+00:00
2023-05-11 05:00:00+00:00,129.9,8,2023-05-10 22:00:00+00:00,2023-05-11 22:00:00+00:00
2023-05-11 06:00:00+00:00,148.0,9,2023-05-10 22:00:00+00:00,2023-05-11 22:00:00+00:00
2023-05-11 07:00:00+00:00,134.05,10,2023-05-10 22:00:00+00:00,2023-05-11 22:00:00+00:00
2023-05-11 08:00:00+00:00,113.2,11,2023-05-10 22:00:00+00:00,2023-05-11 22:00:00+00:00
2023-05-11 09:00:00+00:00,115.03,12,2023-05-10 22:00:00+00:00,2023-05-11 22:00:00+00:00
2023-05-11 10:00:00+00:00,104.53,13,2023-05-10 22:00:00+00:00,2023-05-11 22:00:00+00:00
2023-05-11 11:00:00+00:00,95.37,14,2023-05-10 22:00:00+00:00,2023-05-11 22:00:00+00:00
2023-05-11 12:00:00+00:00,95.71,15,2023-05-10 22:00:00+00:00,2023-05-11 22:00:00+00:00
2023-05-11 13:00:00+00:00,85.2,16,2023-05-10 22:00:00+00:00,2023-05-11 22:00:00+00:00
2023-05-11 14:00:00+00:00,76.36,17,2023-05-10 22:00:00+00:00,2023-05-11 22:00:00+00:00
2023-05-11 15:00:00+00:00,110.32,18,2023-05-10 22:00:00+00:00,2023-05-11 22:00:00+00:00
2023-05-11 16:00:00+00:00,123.19,19,2023-05-10 22:00:00+00:00,2023-05-11 22:00:00+00:00
2023-05-11 17:00:00+00:00,147.0,20,2023-05-10 22:00:00+00:00,2023-05-11 22:00:00+00:00
2023-05-11 18:00:00+00:00,132.8,21,2023-05-10 22:00:00+00:00,2023-05-11 22:00:00+00:00
2023-05-11 19:00:00+00:00,118.4,22,2023-05-10 22:00:00+00:00,2023-05-11 22:00:00+00:00
2023-05-11 20:00:00+00:00,113.99,23,2023-05-10 22:00:00+00:00,2023-05-11 22:00:00+00:00
2023-05-11 21:00:00+00:00,101.66,24,2023-05-10 22:00:00+00:00,2023-05-11 22:00:00+00:00
2023-05-11 22:00:00+00:00,98.53,1,2023-05-11 22:00:00+00:00,2023-05-12 22:00:00+00:00
2023-05-11 23:00:00+00:00,90.55,2,2023-05-11 22:00:00+00:00,2023-05-12 22:00:00+00:00
2023-05-12 00:00:00+00:00,89.84,3,2023-05-11 22:00:00+00:00,2023-05-12 22:00:00+00:00
2023-05-12 01:00:00+00:00,90.0,4,2023-05-11 22:00:00+00:00,2023-05-12 22:00:00+00:00
2023-05-12 02:00:00+00:00,90.8,5,2023-05-11 22:00:00+00:00,2023-05-12 22:00:00+00:00
2023-05-12 03:00:00+00:00,98.68,6,2023-05-11 22:00:00+00:00,2023-05-12 22:00:00+00:00
2023-05-12 04:00:00+00:00,108.73,7,2023-05-11 22:00:00+00:00,2023-05-12 22:00:00+00:00
2023-05-12 05:00:00+00:00,126.96,8,2023-05-11 22:00:00+00:00,2023-05-12 22:00:00+00:00
2023-05-12 06:00:00+00:00,137.54,9,2023-05-11 22:00:00+00:00,2023-05-12 22:00:00+00:00
2023-05-12 07:00:00+00:00,113.3,10,2023-05-11 22:00:00+00:00,2023-05-12 22:00:00+00:00
2023-05-12 08:00:00+00:00,101.6,11,2023-05-11 22:00:00+00:00,2023-05-12 22:00:00+00:00
2023-05-12 09:00:00+00:00,97.58,12,2023-05-11 22:00:00+00:00,2023-05-12 22:00:00+00:00
2023-05-12 10:00:00+00:00,74.97,13,2023-05-11 22:00:00+00:00,2023-05-12 22:00:00+00:00
2023-05-12 11:00:00+00:00,64.1,14,2023-05-11 22:00:00+00:00,2023-05-12 22:00:00+00:00
2023-05-12 12:00:00+00:00,62.51,15,2023-05-11 22:00:00+00:00,2023-05-12 22:00:00+00:00
2023-05-12 13:00:00+00:00,69.55,16,2023-05-11 22:00:00+00:00,2023-05-12 22:00:00+00:00
2023-05-12 14:00:00+00:00,80.93,17,2023-05-11 22:00:00+00:00,2023-05-12 22:00:00+00:00
2023-05-12 15:00:00+00:00,93.69,18,2023-05-11 22:00:00+00:00,2023-05-12 22:00:00+00:00
2023-05-12 16:00:00+00:00,106.63,19,2023-05-11 22:00:00+00:00,2023-05-12 22:00:00+00:00
2023-05-12 17:00:00+00:00,119.62,20,2023-05-11 22:00:00+00:00,2023-05-12 22:00:00+00:00
2023-05-12 18:00:00+00:00,122.12,21,2023-05-11 22:00:00+00:00,2023-05-12 22:00:00+00:00
2023-05-12 19:00:00+00:00,115.8,22,2023-05-11 22:00:00+00:00,2023-05-12 22:00:00+00:00
2023-05-12 20:00:00+00:00,101.19,23,2023-05-11 22:00:00+00:00,2023-05-12 22:00:00+00:00
2023-05-12 21:00:00+00:00,97.82,24,2023-05-11 22:00:00+00:00,2023-05-12 22:00:00+00:00
2023-05-12 22:00:00+00:00,104.91,1,2023-05-12 22:00:00+00:00,2023-05-13 22:00:00+00:00
2023-05-12 23:00:00+00:00,98.29,2,2023-05-12 22:00:00+00:00,2023-05-13 22:00:00+00:00
2023-05-13 00:00:00+00:00,94.84,3,2023-05-12 22:00:00+00:00,2023-05-13 22:00:00+00:00
2023-05-13 01:00:00+00:00,96.14,4,2023-05-12 22:00:00+00:00,2023-05-13 22:00:00+00:00
2023-05-13 02:00:00+00:00,96.54,5,2023-05-12 22:00:00+00:00,2023-05-13 22:00:00+00:00
2023-05-13 03:00:00+00:00,97.83,6,2023-05-12 22:00:00+00:00,2023-05-13 22:00:00+00:00
2023-05-13 04:00:00+00:00,94.9,7,2023-05-12 22:00:00+00:00,2023-05-13 22:00:00+00:00
2023-05-13 05:00:00+00:00,90.79,8,2023-05-12 22:00:00+00:00,2023-05-13 22:00:00+00:00
2023-05-13 06:00:00+00:00,94.47,9,2023-05-12 22:00:00+00:00,2023-05-13 22:00:00+00:00
2023-05-13 07:00:00+00:00,89.08,10,2023-05-12 22:00:00+00:00,2023-05-13 22:00:00+00:00
2023-05-13 08:00:00+00:00,65.0,11,2023-05-12 22:00:00+00:00,2023-05-13 22:00:00+00:00
2023-05-13 09:00:00+00:00,0.0,12,2023-05-12 22:00:00+00:00,2023-05-13 22:00:00+00:00
2023-05-13 10:00:00+00:00,-48.99,13,2023-05-12 22:00:00+00:00,2023-05-13 22:00:00+00:00
2023-05-13 11:00:00+00:00,-99.93,14,2023-05-12 22:00:00+00:00,2023-05-13 22:00:00+00:00
2023-05-13 12:00:00+00:00,-40.0,15,2023-05-12 22:00:00+00:00,2023-05-13 22:00:00+00:00
2023-05-13 13:00:00+00:00,-2.26,16,2023-05-12 22:00:00+00:00,2023-05-13 22:00:00+00:00
2023-05-13 14:00:00+00:00,27.72,17,2023-05-12 22:00:00+00:00,2023-05-13 22:00:00+00:00
2023-05-13 15:00:00+00:00,74.53,18,2023-05-12 22:00:00+00:00,2023-05-13 22:00:00+00:00
2023-05-13 16:00:00+00:00,83.7,19,2023-05-12 22:00:00+00:00,2023-05-13 22:00:00+00:00
2023-05-13 17:00:00+00:00,109.43,20,2023-05-12 22:00:00+00:00,2023-05-13 22:00:00+00:00
2023-05-13 18:00:00+00:00,118.6,21,2023-05-12 22:00:00+00:00,2023-05-13 22:00:00+00:00
2023-05-13 19:00:00+00:00,113.48,22,2023-05-12 22:00:00+00:00,2023-05-13 22:00:00+00:00
2023-05-13 20:00:00+00:00,109.96,23,2023-05-12 22:00:00+00:00,2023-05-13 22:00:00+00:00
2023-05-13 21:00:00+00:00,104.97,24,2023-05-12 22:00:00+00:00,2023-05-13 22:00:00+00:00
2023-05-13 22:00:00+00:00,102.37,1,2023-05-13 22:00:00+00:00,2023-05-14 22:00:00+00:00
2023-05-13 23:00:00+00:00,98.18,2,2023-05-13 22:00:00+00:00,2023-05-14 22:00:00+00:00
2023-05-14 00:00:00+00:00,94.3,3,2023-05-13 22:00:00+00:00,2023-05-14 22:00:00+00:00
2023-05-14 01:00:00+00:00,85.37,4,2023-05-13 22:00:00+00:00,2023-05-14 22:00:00+00:00
2023-05-14 02:00:00+00:00,86.42,5,2023-05-13 22:00:00+00:00,2023-05-14 22:00:00+00:00
2023-05-14 03:00:00+00:00,93.22,6,2023-05-13 22:00:00+00:00,2023-05-14 22:00:00+00:00
2023-05-14 04:00:00+00:00,81.33,7,2023-05-13 22:00:00+00:00,2023-05-14 22:00:00+00:00
2023-05-14 05:00:00+00:00,73.87,8,2023-05-13 22:00:00+00:00,2023-05-14 22:00:00+00:00
2023-05-14 06:00:00+00:00,75.69,9,2023-05-13 22:00:00+00:00,2023-05-14 22:00:00+00:00
2023-05-14 07:00:00+00:00,54.9,10,2023-05-13 22:00:00+00:00,2023-05-14 22:00:00+00:00
2023-05-14 08:00:00+00:00,25.09,11,2023-05-13 22:00:00+00:00,2023-05-14 22:00:00+00:00
2023-05-14 09:00:00+00:00,13.89,12,2023-05-13 22:00:00+00:00,2023-05-14 22:00:00+00:00
2023-05-14 10:00:00+00:00,9.7,13,2023-05-13 22:00:00+00:00,2023-05-14 22:00:00+00:00
2023-05-14 11:00:00+00:00,1.85,14,2023-05-13 22:00:00+00:00,2023-05-14 22:00:00+00:00
2023-05-14 12:00:00+00:00,0.16,15,2023-05-13 22:00:00+00:00,2023-05-14 22:00:00+00:00
2023-05-14 13:00:00+00:00,1.78,16,2023-05-13 22:00:00+00:00,2023-05-14 22:00:00+00:00
2023-05-14 14:00:00+00:00,28.66,17,2023-05-13 22:00:00+00:00,2023-05-14 22:00:00+00:00
2023-05-14 15:00:00+00:00,81.0,18,2023-05-13 22:00:00+00:00,2023-05-14 22:00:00+00:00
2023-05-14 16:00:00+00:00,101.18,19,2023-05-13 22:00:00+00:00,2023-05-14 22:00:00+00:00
2023-05-14 17:00:00+00:00,116.0,20,2023-05-13 22:00:00+00:00,2023-05-14 22:00:00+00:00
2023-05-14 18:00:00+00:00,126.62,21,2023-05-13 22:00:00+00:00,2023-05-14 22:00:00+00:00
2023-05-14 19:00:00+00:00,127.99,22,2023-05-13 22:00:00+00:00,2023-05-14 22:00:00+00:00
2023-05-14 20:00:00+00:00,119.14,23,2023-05-13 22:00:00+00:00,2023-05-14 22:00:00+00:00
2023-05-14 21:00:00+00:00,107.58,24,2023-05-13 22:00:00+00:00,2023-05-14 22:00:00+00:00
2023-05-14 22:00:00+00:00,117.15,1,2023-05-14 22:00:00+00:00,2023-05-15 22:00:00+00:00
2023-05-14 23:00:00+00:00,105.75,2,2023-05-14 22:00:00+00:00,2023-05-15 22:00:00+00:00
2023-05-15 00:00:00+00:00,101.38,3,2023-05-14 22:00:00+00:00,2023-05-15 22:00:00+00:00
2023-05-15 01:00:00+00:00,105.25,4,2023-05-14 22:00:00+00:00,2023-05-15 22:00:00+00:00
2023-05-15 02:00:00+00:00,104.12,5,2023-05-14 22:00:00+00:00,2023-05-15 22:00:00+00:00
2023-05-15 03:00:00+00:00,119.92,6,2023-05-14 22:00:00+00:00,2023-05-15 22:00:00+00:00
2023-05-15 04:00:00+00:00,109.9,7,2023-05-14 22:00:00+00:00,2023-05-15 22:00:00+00:00
2023-05-15 05:00:00+00:00,142.86,8,2023-05-14 22:00:00+00:00,2023-05-15 22:00:00+00:00
2023-05-15 06:00:00+00:00,139.94,9,2023-05-14 22:00:00+00:00,2023-05-15 22:00:00+00:00
2023-05-15 07:00:00+00:00,123.7,10,2023-05-14 22:00:00+00:00,2023-05-15 22:00:00+00:00
2023-05-15 08:00:00+00:00,100.28,11,2023-05-14 22:00:00+00:00,2023-05-15 22:00:00+00:00
2023-05-15 09:00:00+00:00,94.04,12,2023-05-14 22:00:00+00:00,2023-05-15 22:00:00+00:00
2023-05-15 10:00:00+00:00,89.03,13,2023-05-14 22:00:00+00:00,2023-05-15 22:00:00+00:00
2023-05-15 11:00:00+00:00,90.21,14,2023-05-14 22:00:00+00:00,2023-05-15 22:00:00+00:00
2023-05-15 12:00:00+00:00,88.55,15,2023-05-14 22:00:00+00:00,2023-05-15 22:00:00+00:00
2023-05-15 13:00:00+00:00,87.66,16,2023-05-14 22:00:00+00:00,2023-05-15 22:00:00+00:00
2023-05-15 14:00:00+00:00,87.95,17,2023-05-14 22:00:00+00:00,2023-05-15 22:00:00+00:00
2023-05-15 15:00:00+00:00,90.1,18,2023-05-14 22:00:00+00:00,2023-05-15 22:00:00+00:00
2023-05-15 16:00:00+00:00,90.0,19,2023-05-14 22:00:00+00:00,2023-05-15 22:00:00+00:00
2023-05-15 17:00:00+00:00,109.93,20,2023-05-14 22:00:00+00:00,2023-05-15 22:00:00+00:00
2023-05-15 18:00:00+00:00,129.2,21,2023-05-14 22:00:00+00:00,2023-05-15 22:00:00+00:00
2023-05-15 19:00:00+00:00,122.32,22,2023-05-14 22:00:00+00:00,2023-05-15 22:00:00+00:00
2023-05-15 20:00:00+00:00,109.9,23,2023-05-14 22:00:00+00:00,2023-05-15 22:00:00+00:00
2023-05-15 21:00:00+00:00,93.89,24,2023-05-14 22:00:00+00:00,2023-05-15 22:00:00+00:00
2023-05-15 22:00:00+00:00,78.96,1,2023-05-15 22:00:00+00:00,2023-05-16 22:00:00+00:00
2023-05-15 23:00:00+00:00,73.1,2,2023-05-15 22:00:00+00:00,2023-05-16 22:00:00+00:00
2023-05-16 00:00:00+00:00,70.01,3,2023-05-15 22:00:00+00:00,2023-05-16 22:00:00+00:00
2023-05-16 01:00:00+00:00,63.56,4,2023-05-15 22:00:00+00:00,2023-05-16 22:00:00+00:00
2023-05-16 02:00:00+00:00,65.9,5,2023-05-15 22:00:00+00:00,2023-05-16 22:00:00+00:00
2023-05-16 03:00:00+00:00,74.16,6,2023-05-15 22:00:00+00:00,2023-05-16 22:00:00+00:00
2023-05-16 04:00:00+00:00,98.18,7,2023-05-15 22:00:00+00:00,2023-05-16 22:00:00+00:00
2023-05-16 05:00:00+00:00,114.97,8,2023-05-15 22:00:00+00:00,2023-05-16 22:00:00+00:00
2023-05-16 06:00:00+00:00,119.54,9,2023-05-15 22:00:00+00:00,2023-05-16 22:00:00+00:00
2023-05-16 07:00:00+00:00,96.2,10,2023-05-15 22:00:00+00:00,2023-05-16 22:00:00+00:00
2023-05-16 08:00:00+00:00,81.9,11,2023-05-15 22:00:00+00:00,2023-05-16 22:00:00+00:00
2023-05-16 09:00:00+00:00,70.77,12,2023-05-15 22:00:00+00:00,2023-05-16 22:00:00+00:00
2023-05-16 10:00:00+00:00,40.66,13,2023-05-15 22:00:00+00:00,2023-05-16 22:00:00+00:00
2023-05-16 11:00:00+00:00,39.07,14,2023-05-15 22:00:00+00:00,2023-05-16 22:00:00+00:00
2023-05-16 12:00:00+00:00,14.94,15,2023-05-15 22:00:00+00:00,2023-05-16 22:00:00+00:00
2023-05-16 13:00:00+00:00,11.05,16,2023-05-15 22:00:00+00:00,2023-05-16 22:00:00+00:00
2023-05-16 14:00:00+00:00,42.78,17,2023-05-15 22:00:00+00:00,2023-05-16 22:00:00+00:00
2023-05-16 15:00:00+00:00,72.46,18,2023-05-15 22:00:00+00:00,2023-05-16 22:00:00+00:00
2023-05-16 16:00:00+00:00,87.19,19,2023-05-15 22:00:00+00:00,2023-05-16 22:00:00+00:00
2023-05-16 17:00:00+00:00,104.91,20,2023-05-15 22:00:00+00:00,2023-05-16 22:00:00+00:00
2023-05-16 18:00:00+00:00,117.64,21,2023-05-15 22:00:00+00:00,2023-05-16 22:00:00+00:00
2023-05-16 19:00:00+00:00,120.05,22,2023-05-15 22:00:00+00:00,2023-05-16 22:00:00+00:00
2023-05-16 20:00:00+00:00,113.0,23,2023-05-15 22:00:00+00:00,2023-05-16 22:00:00+00:00
2023-05-16 21:00:00+00:00,97.23,24,2023-05-15 22:00:00+00:00,2023-05-16 22:00:00+00:00
2023-05-16 22:00:00+00:00,94.9,1,2023-05-16 22:00:00+00:00,2023-05-17 22:00:00+00:00
2023-05-16 23:00:00+00:00,83.6,2,2023-05-16 22:00:00+00:00,2023-05-17 22:00:00+00:00
2023-05-17 00:00:00+00:00,78.78,3,2023-05-16 22:00:00+00:00,2023-05-17 22:00:00+00:00
2023-05-17 01:00:00+00:00,70.0,4,2023-05-16 22:00:00+00:00,2023-05-17 22:00:00+00:00
2023-05-17 02:00:00+00:00,72.52,5,2023-05-16 22:00:00+00:00,2023-05-17 22:00:00+00:00
2023-05-17 03:00:00+00:00,79.83,6,2023-05-16 22:00:00+00:00,2023-05-17 22:00:00+00:00
2023-05-17 04:00:00+00:00,105.19,7,2023-05-16 22:00:00+00:00,2023-05-17 22:00:00+00:00
2023-05-17 05:00:00+00:00,113.37,8,2023-05-16 22:00:00+00:00,2023-05-17 22:00:00+00:00
2023-05-17 06:00:00+00:00,105.55,9,2023-05-16 22:00:00+00:00,2023-05-17 22:00:00+00:00
2023-05-17 07:00:00+00:00,83.05,10,2023-05-16 22:00:00+00:00,2023-05-17 22:00:00+00:00
2023-05-17 08:00:00+00:00,72.33,11,2023-05-16 22:00:00+00:00,2023-05-17 22:00:00+00:00
2023-05-17 09:00:00+00:00,40.0,12,2023-05-16 22:00:00+00:00,2023-05-17 22:00:00+00:00
2023-05-17 10:00:00+00:00,0.0,13,2023-05-16 22:00:00+00:00,2023-05-17 22:00:00+00:00
2023-05-17 12:00:00+00:00,-3.91,15,2023-05-16 22:00:00+00:00,2023-05-17 22:00:00+00:00
2023-05-17 13:00:00+00:00,6.01,16,2023-05-16 22:00:00+00:00,2023-05-17 22:00:00+00:00
2023-05-17 14:00:00+00:00,34.67,17,2023-05-16 22:00:00+00:00,2023-05-17 22:00:00+00:00
2023-05-17 15:00:00+00:00,79.09,18,2023-05-16 22:00:00+00:00,2023-05-17 22:00:00+00:00
2023-05-17 16:00:00+00:00,101.59,19,2023-05-16 22:00:00+00:00,2023-05-17 22:00:00+00:00
2023-05-17 17:00:00+00:00,109.9,20,2023-05-16 22:00:00+00:00,2023-05-17 22:00:00+00:00
2023-05-17 18:00:00+00:00,132.91,21,2023-05-16 22:00:00+00:00,2023-05-17 22:00:00+00:00
2023-05-17 19:00:00+00:00,128.15,22,2023-05-16 22:00:00+00:00,2023-05-17 22:00:00+00:00
2023-05-17 20:00:00+00:00,111.0,23,2023-05-16 22:00:00+00:00,2023-05-17 22:00:00+00:00
2023-05-17 21:00:00+00:00,102.49,24,2023-05-16 22:00:00+00:00,2023-05-17 22:00:00+00:00
2023-05-17 22:00:00+00:00,100.59,1,2023-05-17 22:00:00+00:00,2023-05-18 22:00:00+00:00
2023-05-17 23:00:00+00:00,94.9,2,2023-05-17 22:00:00+00:00,2023-05-18 22:00:00+00:00
2023-05-18 00:00:00+00:00,89.24,3,2023-05-17 22:00:00+00:00,2023-05-18 22:00:00+00:00
2023-05-18 01:00:00+00:00,88.92,4,2023-05-17 22:00:00+00:00,2023-05-18 22:00:00+00:00
2023-05-18 02:00:00+00:00,94.38,5,2023-05-17 22:00:00+00:00,2023-05-18 22:00:00+00:00
2023-05-18 03:00:00+00:00,98.4,6,2023-05-17 22:00:00+00:00,2023-05-18 22:00:00+00:00
2023-05-18 04:00:00+00:00,98.38,7,2023-05-17 22:00:00+00:00,2023-05-18 22:00:00+00:00
2023-05-18 05:00:00+00:00,94.9,8,2023-05-17 22:00:00+00:00,2023-05-18 22:00:00+00:00
2023-05-18 06:00:00+00:00,90.48,9,2023-05-17 22:00:00+00:00,2023-05-18 22:00:00+00:00
2023-05-18 07:00:00+00:00,81.45,10,2023-05-17 22:00:00+00:00,2023-05-18 22:00:00+00:00
2023-05-18 08:00:00+00:00,72.64,11,2023-05-17 22:00:00+00:00,2023-05-18 22:00:00+00:00
2023-05-18 09:00:00+00:00,65.03,12,2023-05-17 22:00:00+00:00,2023-05-18 22:00:00+00:00
2023-05-18 10:00:00+00:00,62.87,13,2023-05-17 22:00:00+00:00,2023-05-18 22:00:00+00:00
2023-05-18 11:00:00+00:00,43.52,14,2023-05-17 22:00:00+00:00,2023-05-18 22:00:00+00:00
2023-05-18 12:00:00+00:00,29.41,15,2023-05-17 22:00:00+00:00,2023-05-18 22:00:00+00:00
2023-05-18 13:00:00+00:00,43.08,16,2023-05-17 22:00:00+00:00,2023-05-18 22:00:00+00:00
2023-05-18 14:00:00+00:00,71.56,17,2023-05-17 22:00:00+00:00,2023-05-18 22:00:00+00:00
2023-05-18 15:00:00+00:00,84.55,18,2023-05-17 22:00:00+00:00,2023-05-18 22:00:00+00:00
2023-05-18 16:00:00+00:00,102.66,19,2023-05-17 22:00:00+00:00,2023-05-18 22:00:00+00:00
2023-05-18 17:00:00+00:00,115.44,20,2023-05-17 22:00:00+00:00,2023-05-18 22:00:00+00:00
2023-05-18 18:00:00+00:00,125.81,21,2023-05-17 22:00:00+00:00,2023-05-18 22:00:00+00:00
2023-05-18 19:00:00+00:00,116.89,22,2023-05-17 22:00:00+00:00,2023-05-18 22:00:00+00:00
2023-05-18 20:00:00+00:00,109.61,23,2023-05-17 22:00:00+00:00,2023-05-18 22:00:00+00:00
2023-05-18 21:00:00+00:00,98.76,24,2023-05-17 22:00:00+00:00,2023-05-18 22:00:00+00:00
2023-05-18 22:00:00+00:00,93.02,1,2023-05-18 22:00:00+00:00,2023-05-19 22:00:00+00:00
2023-05-18 23:00:00+00:00,83.2,2,2023-05-18 22:00:00+00:00,2023-05-19 22:00:00+00:00
2023-05-19 00:00:00+00:00,80.23,3,2023-05-18 22:00:00+00:00,2023-05-19 22:00:00+00:00
2023-05-19 01:00:00+00:00,77.03,4,2023-05-18 22:00:00+00:00,2023-05-19 22:00:00+00:00
2023-05-19 02:00:00+00:00,83.2,5,2023-05-18 22:00:00+00:00,2023-05-19 22:00:00+00:00
2023-05-19 03:00:00+00:00,97.92,6,2023-05-18 22:00:00+00:00,2023-05-19 22:00:00+00:00
2023-05-19 04:00:00+00:00,107.75,7,2023-05-18 22:00:00+00:00,2023-05-19 22:00:00+00:00
2023-05-19 05:00:00+00:00,109.32,8,2023-05-18 22:00:00+00:00,2023-05-19 22:00:00+00:00
2023-05-19 06:00:00+00:00,106.0,9,2023-05-18 22:00:00+00:00,2023-05-19 22:00:00+00:00
2023-05-19 07:00:00+00:00,93.29,10,2023-05-18 22:00:00+00:00,2023-05-19 22:00:00+00:00
2023-05-19 08:00:00+00:00,69.43,11,2023-05-18 22:00:00+00:00,2023-05-19 22:00:00+00:00
2023-05-19 09:00:00+00:00,59.2,12,2023-05-18 22:00:00+00:00,2023-05-19 22:00:00+00:00
2023-05-19 10:00:00+00:00,57.17,13,2023-05-18 22:00:00+00:00,2023-05-19 22:00:00+00:00
2023-05-19 11:00:00+00:00,57.79,14,2023-05-18 22:00:00+00:00,2023-05-19 22:00:00+00:00
2023-05-19 12:00:00+00:00,57.93,15,2023-05-18 22:00:00+00:00,2023-05-19 22:00:00+00:00
2023-05-19 13:00:00+00:00,63.62,16,2023-05-18 22:00:00+00:00,2023-05-19 22:00:00+00:00
2023-05-19 14:00:00+00:00,70.12,17,2023-05-18 22:00:00+00:00,2023-05-19 22:00:00+00:00
2023-05-19 15:00:00+00:00,85.3,18,2023-05-18 22:00:00+00:00,2023-05-19 22:00:00+00:00
2023-05-19 16:00:00+00:00,100.95,19,2023-05-18 22:00:00+00:00,2023-05-19 22:00:00+00:00
2023-05-19 17:00:00+00:00,114.21,20,2023-05-18 22:00:00+00:00,2023-05-19 22:00:00+00:00
2023-05-19 18:00:00+00:00,114.51,21,2023-05-18 22:00:00+00:00,2023-05-19 22:00:00+00:00
2023-05-19 19:00:00+00:00,104.22,22,2023-05-18 22:00:00+00:00,2023-05-19 22:00:00+00:00
2023-05-19 20:00:00+00:00,99.79,23,2023-05-18 22:00:00+00:00,2023-05-19 22:00:00+00:00
2023-05-19 21:00:00+00:00,85.78,24,2023-05-18 22:00:00+00:00,2023-05-19 22:00:00+00:00
2023-05-19 22:00:00+00:00,78.74,1,2023-05-19 22:00:00+00:00,2023-05-20 22:00:00+00:00
2023-05-19 23:00:00+00:00,74.0,2,2023-05-19 22:00:00+00:00,2023-05-20 22:00:00+00:00
2023-05-20 00:00:00+00:00,68.07,3,2023-05-19 22:00:00+00:00,2023-05-20 22:00:00+00:00
2023-05-20 01:00:00+00:00,65.33,4,2023-05-19 22:00:00+00:00,2023-05-20 22:00:00+00:00
2023-05-20 02:00:00+00:00,64.65,5,2023-05-19 22:00:00+00:00,2023-05-20 22:00:00+00:00
2023-05-20 03:00:00+00:00,64.9,6,2023-05-19 22:00:00+00:00,2023-05-20 22:00:00+00:00
2023-05-20 04:00:00+00:00,62.08,7,2023-05-19 22:00:00+00:00,2023-05-20 22:00:00+00:00
2023-05-20 05:00:00+00:00,62.46,8,2023-05-19 22:00:00+00:00,2023-05-20 22:00:00+00:00
2023-05-20 06:00:00+00:00,59.76,9,2023-05-19 22:00:00+00:00,2023-05-20 22:00:00+00:00
2023-05-20 07:00:00+00:00,40.04,10,2023-05-19 22:00:00+00:00,2023-05-20 22:00:00+00:00
2023-05-20 08:00:00+00:00,1.94,11,2023-05-19 22:00:00+00:00,2023-05-20 22:00:00+00:00
2023-05-20 09:00:00+00:00,-3.91,12,2023-05-19 22:00:00+00:00,2023-05-20 22:00:00+00:00
2023-05-20 10:00:00+00:00,-12.83,13,2023-05-19 22:00:00+00:00,2023-05-20 22:00:00+00:00
2023-05-20 11:00:00+00:00,-9.44,14,2023-05-19 22:00:00+00:00,2023-05-20 22:00:00+00:00
2023-05-20 12:00:00+00:00,-0.17,15,2023-05-19 22:00:00+00:00,2023-05-20 22:00:00+00:00
2023-05-20 13:00:00+00:00,0.0,16,2023-05-19 22:00:00+00:00,2023-05-20 22:00:00+00:00
2023-05-20 14:00:00+00:00,1.32,17,2023-05-19 22:00:00+00:00,2023-05-20 22:00:00+00:00
2023-05-20 15:00:00+00:00,25.94,18,2023-05-19 22:00:00+00:00,2023-05-20 22:00:00+00:00
2023-05-20 16:00:00+00:00,53.68,19,2023-05-19 22:00:00+00:00,2023-05-20 22:00:00+00:00
2023-05-20 17:00:00+00:00,78.44,20,2023-05-19 22:00:00+00:00,2023-05-20 22:00:00+00:00
2023-05-20 18:00:00+00:00,87.69,21,2023-05-19 22:00:00+00:00,2023-05-20 22:00:00+00:00
2023-05-20 19:00:00+00:00,81.06,22,2023-05-19 22:00:00+00:00,2023-05-20 22:00:00+00:00
2023-05-20 20:00:00+00:00,78.6,23,2023-05-19 22:00:00+00:00,2023-05-20 22:00:00+00:00
2023-05-20 21:00:00+00:00,73.02,24,2023-05-19 22:00:00+00:00,2023-05-20 22:00:00+00:00
2023-05-20 22:00:00+00:00,52.2,1,2023-05-20 22:00:00+00:00,2023-05-21 22:00:00+00:00
2023-05-20 23:00:00+00:00,40.04,2,2023-05-20 22:00:00+00:00,2023-05-21 22:00:00+00:00
2023-05-21 00:00:00+00:00,33.88,3,2023-05-20 22:00:00+00:00,2023-05-21 22:00:00+00:00
2023-05-21 01:00:00+00:00,28.77,4,2023-05-20 22:00:00+00:00,2023-05-21 22:00:00+00:00
2023-05-21 02:00:00+00:00,29.96,5,2023-05-20 22:00:00+00:00,2023-05-21 22:00:00+00:00
2023-05-21 03:00:00+00:00,28.25,6,2023-05-20 22:00:00+00:00,2023-05-21 22:00:00+00:00
2023-05-21 04:00:00+00:00,30.79,7,2023-05-20 22:00:00+00:00,2023-05-21 22:00:00+00:00
2023-05-21 05:00:00+00:00,27.55,8,2023-05-20 22:00:00+00:00,2023-05-21 22:00:00+00:00
2023-05-21 06:00:00+00:00,20.0,9,2023-05-20 22:00:00+00:00,2023-05-21 22:00:00+00:00
2023-05-21 07:00:00+00:00,2.14,10,2023-05-20 22:00:00+00:00,2023-05-21 22:00:00+00:00
2023-05-21 08:00:00+00:00,0.0,11,2023-05-20 22:00:00+00:00,2023-05-21 22:00:00+00:00
2023-05-21 09:00:00+00:00,-3.9,12,2023-05-20 22:00:00+00:00,2023-05-21 22:00:00+00:00
2023-05-21 10:00:00+00:00,-76.0,13,2023-05-20 22:00:00+00:00,2023-05-21 22:00:00+00:00
2023-05-21 11:00:00+00:00,-50.0,14,2023-05-20 22:00:00+00:00,2023-05-21 22:00:00+00:00
2023-05-21 12:00:00+00:00,-58.32,15,2023-05-20 22:00:00+00:00,2023-05-21 22:00:00+00:00
2023-05-21 13:00:00+00:00,-25.67,16,2023-05-20 22:00:00+00:00,2023-05-21 22:00:00+00:00
2023-05-21 14:00:00+00:00,-0.41,17,2023-05-20 22:00:00+00:00,2023-05-21 22:00:00+00:00
2023-05-21 15:00:00+00:00,2.22,18,2023-05-20 22:00:00+00:00,2023-05-21 22:00:00+00:00
2023-05-21 16:00:00+00:00,41.34,19,2023-05-20 22:00:00+00:00,2023-05-21 22:00:00+00:00
2023-05-21 17:00:00+00:00,85.49,20,2023-05-20 22:00:00+00:00,2023-05-21 22:00:00+00:00
2023-05-21 18:00:00+00:00,90.87,21,2023-05-20 22:00:00+00:00,2023-05-21 22:00:00+00:00
2023-05-21 19:00:00+00:00,91.0,22,2023-05-20 22:00:00+00:00,2023-05-21 22:00:00+00:00
2023-05-21 20:00:00+00:00,89.94,23,2023-05-20 22:00:00+00:00,2023-05-21 22:00:00+00:00
2023-05-21 21:00:00+00:00,83.5,24,2023-05-20 22:00:00+00:00,2023-05-21 22:00:00+00:00
2023-05-21 22:00:00+00:00,88.29,1,2023-05-21 22:00:00+00:00,2023-05-22 22:00:00+00:00
2023-05-21 23:00:00+00:00,80.06,2,2023-05-21 22:00:00+00:00,2023-05-22 22:00:00+00:00
2023-05-22 00:00:00+00:00,78.31,3,2023-05-21 22:00:00+00:00,2023-05-22 22:00:00+00:00
2023-05-22 01:00:00+00:00,77.8,4,2023-05-21 22:00:00+00:00,2023-05-22 22:00:00+00:00
2023-05-22 02:00:00+00:00,81.0,5,2023-05-21 22:00:00+00:00,2023-05-22 22:00:00+00:00
2023-05-22 03:00:00+00:00,97.88,6,2023-05-21 22:00:00+00:00,2023-05-22 22:00:00+00:00
2023-05-22 04:00:00+00:00,110.26,7,2023-05-21 22:00:00+00:00,2023-05-22 22:00:00+00:00
2023-05-22 05:00:00+00:00,118.31,8,2023-05-21 22:00:00+00:00,2023-05-22 22:00:00+00:00
2023-05-22 06:00:00+00:00,113.42,9,2023-05-21 22:00:00+00:00,2023-05-22 22:00:00+00:00
2023-05-22 07:00:00+00:00,102.31,10,2023-05-21 22:00:00+00:00,2023-05-22 22:00:00+00:00
2023-05-22 08:00:00+00:00,86.97,11,2023-05-21 22:00:00+00:00,2023-05-22 22:00:00+00:00
2023-05-22 09:00:00+00:00,74.24,12,2023-05-21 22:00:00+00:00,2023-05-22 22:00:00+00:00
2023-05-22 10:00:00+00:00,57.33,13,2023-05-21 22:00:00+00:00,2023-05-22 22:00:00+00:00
2023-05-22 11:00:00+00:00,55.97,14,2023-05-21 22:00:00+00:00,2023-05-22 22:00:00+00:00
2023-05-22 12:00:00+00:00,67.6,15,2023-05-21 22:00:00+00:00,2023-05-22 22:00:00+00:00
2023-05-22 13:00:00+00:00,68.25,16,2023-05-21 22:00:00+00:00,2023-05-22 22:00:00+00:00
2023-05-22 14:00:00+00:00,70.8,17,2023-05-21 22:00:00+00:00,2023-05-22 22:00:00+00:00
2023-05-22 15:00:00+00:00,78.7,18,2023-05-21 22:00:00+00:00,2023-05-22 22:00:00+00:00
2023-05-22 16:00:00+00:00,90.0,19,2023-05-21 22:00:00+00:00,2023-05-22 22:00:00+00:00
2023-05-22 17:00:00+00:00,105.42,20,2023-05-21 22:00:00+00:00,2023-05-22 22:00:00+00:00
2023-05-22 18:00:00+00:00,119.0,21,2023-05-21 22:00:00+00:00,2023-05-22 22:00:00+00:00
2023-05-22 19:00:00+00:00,112.8,22,2023-05-21 22:00:00+00:00,2023-05-22 22:00:00+00:00
2023-05-22 20:00:00+00:00,104.24,23,2023-05-21 22:00:00+00:00,2023-05-22 22:00:00+00:00
2023-05-22 21:00:00+00:00,84.48,24,2023-05-21 22:00:00+00:00,2023-05-22 22:00:00+00:00
2023-05-22 22:00:00+00:00,91.14,1,2023-05-22 22:00:00+00:00,2023-05-23 22:00:00+00:00
2023-05-22 23:00:00+00:00,77.66,2,2023-05-22 22:00:00+00:00,2023-05-23 22:00:00+00:00
2023-05-23 00:00:00+00:00,76.02,3,2023-05-22 22:00:00+00:00,2023-05-23 22:00:00+00:00
2023-05-23 01:00:00+00:00,68.32,4,2023-05-22 22:00:00+00:00,2023-05-23 22:00:00+00:00
2023-05-23 02:00:00+00:00,66.97,5,2023-05-22 22:00:00+00:00,2023-05-23 22:00:00+00:00
2023-05-23 03:00:00+00:00,75.78,6,2023-05-22 22:00:00+00:00,2023-05-23 22:00:00+00:00
2023-05-23 04:00:00+00:00,97.5,7,2023-05-22 22:00:00+00:00,2023-05-23 22:00:00+00:00
2023-05-23 05:00:00+00:00,104.14,8,2023-05-22 22:00:00+00:00,2023-05-23 22:00:00+00:00
2023-05-23 06:00:00+00:00,101.0,9,2023-05-22 22:00:00+00:00,2023-05-23 22:00:00+00:00
2023-05-23 07:00:00+00:00,90.0,10,2023-05-22 22:00:00+00:00,2023-05-23 22:00:00+00:00
2023-05-23 08:00:00+00:00,61.6,11,2023-05-22 22:00:00+00:00,2023-05-23 22:00:00+00:00
2023-05-23 09:00:00+00:00,25.0,12,2023-05-22 22:00:00+00:00,2023-05-23 22:00:00+00:00
2023-05-23 10:00:00+00:00,7.1,13,2023-05-22 22:00:00+00:00,2023-05-23 22:00:00+00:00
2023-05-23 11:00:00+00:00,-10.04,14,2023-05-22 22:00:00+00:00,2023-05-23 22:00:00+00:00
2023-05-23 12:00:00+00:00,-20.0,15,2023-05-22 22:00:00+00:00,2023-05-23 22:00:00+00:00
2023-05-23 13:00:00+00:00,-15.08,16,2023-05-22 22:00:00+00:00,2023-05-23 22:00:00+00:00
2023-05-23 14:00:00+00:00,-10.0,17,2023-05-22 22:00:00+00:00,2023-05-23 22:00:00+00:00
2023-05-23 15:00:00+00:00,56.54,18,2023-05-22 22:00:00+00:00,2023-05-23 22:00:00+00:00
2023-05-23 16:00:00+00:00,71.8,19,2023-05-22 22:00:00+00:00,2023-05-23 22:00:00+00:00
2023-05-23 17:00:00+00:00,95.88,20,2023-05-22 22:00:00+00:00,2023-05-23 22:00:00+00:00
2023-05-23 18:00:00+00:00,101.58,21,2023-05-22 22:00:00+00:00,2023-05-23 22:00:00+00:00
2023-05-23 19:00:00+00:00,103.2,22,2023-05-22 22:00:00+00:00,2023-05-23 22:00:00+00:00
2023-05-23 20:00:00+00:00,100.21,23,2023-05-22 22:00:00+00:00,2023-05-23 22:00:00+00:00
2023-05-23 21:00:00+00:00,93.78,24,2023-05-22 22:00:00+00:00,2023-05-23 22:00:00+00:00
2023-05-23 22:00:00+00:00,83.0,1,2023-05-23 22:00:00+00:00,2023-05-24 22:00:00+00:00
2023-05-23 23:00:00+00:00,76.09,2,2023-05-23 22:00:00+00:00,2023-05-24 22:00:00+00:00
2023-05-24 00:00:00+00:00,75.13,3,2023-05-23 22:00:00+00:00,2023-05-24 22:00:00+00:00
2023-05-24 01:00:00+00:00,76.02,4,2023-05-23 22:00:00+00:00,2023-05-24 22:00:00+00:00
2023-05-24 02:00:00+00:00,76.44,5,2023-05-23 22:00:00+00:00,2023-05-24 22:00:00+00:00
2023-05-24 03:00:00+00:00,85.53,6,2023-05-23 22:00:00+00:00,2023-05-24 22:00:00+00:00
2023-05-24 04:00:00+00:00,105.58,7,2023-05-23 22:00:00+00:00,2023-05-24 22:00:00+00:00
2023-05-24 05:00:00+00:00,121.47,8,2023-05-23 22:00:00+00:00,2023-05-24 22:00:00+00:00
2023-05-24 06:00:00+00:00,109.66,9,2023-05-23 22:00:00+00:00,2023-05-24 22:00:00+00:00
2023-05-24 07:00:00+00:00,97.7,10,2023-05-23 22:00:00+00:00,2023-05-24 22:00:00+00:00
2023-05-24 08:00:00+00:00,85.92,11,2023-05-23 22:00:00+00:00,2023-05-24 22:00:00+00:00
2023-05-24 09:00:00+00:00,81.0,12,2023-05-23 22:00:00+00:00,2023-05-24 22:00:00+00:00
2023-05-24 10:00:00+00:00,80.58,13,2023-05-23 22:00:00+00:00,2023-05-24 22:00:00+00:00
2023-05-24 11:00:00+00:00,71.08,14,2023-05-23 22:00:00+00:00,2023-05-24 22:00:00+00:00
2023-05-24 12:00:00+00:00,75.21,15,2023-05-23 22:00:00+00:00,2023-05-24 22:00:00+00:00
2023-05-24 13:00:00+00:00,67.6,16,2023-05-23 22:00:00+00:00,2023-05-24 22:00:00+00:00
2023-05-24 14:00:00+00:00,80.0,17,2023-05-23 22:00:00+00:00,2023-05-24 22:00:00+00:00
2023-05-24 15:00:00+00:00,78.97,18,2023-05-23 22:00:00+00:00,2023-05-24 22:00:00+00:00
2023-05-24 16:00:00+00:00,109.97,19,2023-05-23 22:00:00+00:00,2023-05-24 22:00:00+00:00
2023-05-24 17:00:00+00:00,136.0,20,2023-05-23 22:00:00+00:00,2023-05-24 22:00:00+00:00
2023-05-24 18:00:00+00:00,142.0,21,2023-05-23 22:00:00+00:00,2023-05-24 22:00:00+00:00
2023-05-24 19:00:00+00:00,148.4,22,2023-05-23 22:00:00+00:00,2023-05-24 22:00:00+00:00
2023-05-24 20:00:00+00:00,114.64,23,2023-05-23 22:00:00+00:00,2023-05-24 22:00:00+00:00
2023-05-24 21:00:00+00:00,102.96,24,2023-05-23 22:00:00+00:00,2023-05-24 22:00:00+00:00
2023-05-24 22:00:00+00:00,102.1,1,2023-05-24 22:00:00+00:00,2023-05-25 22:00:00+00:00
2023-05-24 23:00:00+00:00,89.78,2,2023-05-24 22:00:00+00:00,2023-05-25 22:00:00+00:00
2023-05-25 00:00:00+00:00,82.0,3,2023-05-24 22:00:00+00:00,2023-05-25 22:00:00+00:00
2023-05-25 01:00:00+00:00,87.27,4,2023-05-24 22:00:00+00:00,2023-05-25 22:00:00+00:00
2023-05-25 02:00:00+00:00,76.8,5,2023-05-24 22:00:00+00:00,2023-05-25 22:00:00+00:00
2023-05-25 03:00:00+00:00,80.1,6,2023-05-24 22:00:00+00:00,2023-05-25 22:00:00+00:00
2023-05-25 04:00:00+00:00,101.2,7,2023-05-24 22:00:00+00:00,2023-05-25 22:00:00+00:00
2023-05-25 05:00:00+00:00,119.49,8,2023-05-24 22:00:00+00:00,2023-05-25 22:00:00+00:00
2023-05-25 06:00:00+00:00,104.0,9,2023-05-24 22:00:00+00:00,2023-05-25 22:00:00+00:00
2023-05-25 07:00:00+00:00,83.35,10,2023-05-24 22:00:00+00:00,2023-05-25 22:00:00+00:00
2023-05-25 08:00:00+00:00,70.85,11,2023-05-24 22:00:00+00:00,2023-05-25 22:00:00+00:00
2023-05-25 09:00:00+00:00,45.0,12,2023-05-24 22:00:00+00:00,2023-05-25 22:00:00+00:00
2023-05-25 10:00:00+00:00,32.76,13,2023-05-24 22:00:00+00:00,2023-05-25 22:00:00+00:00
2023-05-25 11:00:00+00:00,13.0,14,2023-05-24 22:00:00+00:00,2023-05-25 22:00:00+00:00
2023-05-25 12:00:00+00:00,-3.91,15,2023-05-24 22:00:00+00:00,2023-05-25 22:00:00+00:00
2023-05-25 13:00:00+00:00,-0.13,16,2023-05-24 22:00:00+00:00,2023-05-25 22:00:00+00:00
2023-05-25 14:00:00+00:00,-3.9,17,2023-05-24 22:00:00+00:00,2023-05-25 22:00:00+00:00
2023-05-25 15:00:00+00:00,54.9,18,2023-05-24 22:00:00+00:00,2023-05-25 22:00:00+00:00
2023-05-25 16:00:00+00:00,84.92,19,2023-05-24 22:00:00+00:00,2023-05-25 22:00:00+00:00
2023-05-25 17:00:00+00:00,107.11,20,2023-05-24 22:00:00+00:00,2023-05-25 22:00:00+00:00
2023-05-25 18:00:00+00:00,121.71,21,2023-05-24 22:00:00+00:00,2023-05-25 22:00:00+00:00
2023-05-25 19:00:00+00:00,107.13,22,2023-05-24 22:00:00+00:00,2023-05-25 22:00:00+00:00
2023-05-25 20:00:00+00:00,100.47,23,2023-05-24 22:00:00+00:00,2023-05-25 22:00:00+00:00
2023-05-25 21:00:00+00:00,90.94,24,2023-05-24 22:00:00+00:00,2023-05-25 22:00:00+00:00
2023-05-25 22:00:00+00:00,88.11,1,2023-05-25 22:00:00+00:00,2023-05-26 22:00:00+00:00
2023-05-25 23:00:00+00:00,76.4,2,2023-05-25 22:00:00+00:00,2023-05-26 22:00:00+00:00
2023-05-26 00:00:00+00:00,74.53,3,2023-05-25 22:00:00+00:00,2023-05-26 22:00:00+00:00
2023-05-26 01:00:00+00:00,74.0,4,2023-05-25 22:00:00+00:00,2023-05-26 22:00:00+00:00
2023-05-26 02:00:00+00:00,77.69,5,2023-05-25 22:00:00+00:00,2023-05-26 22:00:00+00:00
2023-05-26 03:00:00+00:00,87.44,6,2023-05-25 22:00:00+00:00,2023-05-26 22:00:00+00:00
2023-05-26 04:00:00+00:00,102.42,7,2023-05-25 22:00:00+00:00,2023-05-26 22:00:00+00:00
2023-05-26 05:00:00+00:00,103.06,8,2023-05-25 22:00:00+00:00,2023-05-26 22:00:00+00:00
2023-05-26 06:00:00+00:00,95.0,9,2023-05-25 22:00:00+00:00,2023-05-26 22:00:00+00:00
2023-05-26 07:00:00+00:00,74.9,10,2023-05-25 22:00:00+00:00,2023-05-26 22:00:00+00:00
2023-05-26 08:00:00+00:00,38.54,11,2023-05-25 22:00:00+00:00,2023-05-26 22:00:00+00:00
2023-05-26 09:00:00+00:00,4.02,12,2023-05-25 22:00:00+00:00,2023-05-26 22:00:00+00:00
2023-05-26 10:00:00+00:00,-3.91,13,2023-05-25 22:00:00+00:00,2023-05-26 22:00:00+00:00
2023-05-26 11:00:00+00:00,-25.34,14,2023-05-25 22:00:00+00:00,2023-05-26 22:00:00+00:00
2023-05-26 12:00:00+00:00,-19.9,15,2023-05-25 22:00:00+00:00,2023-05-26 22:00:00+00:00
2023-05-26 13:00:00+00:00,-10.01,16,2023-05-25 22:00:00+00:00,2023-05-26 22:00:00+00:00
2023-05-26 14:00:00+00:00,-3.9,17,2023-05-25 22:00:00+00:00,2023-05-26 22:00:00+00:00
2023-05-26 15:00:00+00:00,44.9,18,2023-05-25 22:00:00+00:00,2023-05-26 22:00:00+00:00
2023-05-26 16:00:00+00:00,80.9,19,2023-05-25 22:00:00+00:00,2023-05-26 22:00:00+00:00
2023-05-26 17:00:00+00:00,80.49,20,2023-05-25 22:00:00+00:00,2023-05-26 22:00:00+00:00
2023-05-26 18:00:00+00:00,113.98,21,2023-05-25 22:00:00+00:00,2023-05-26 22:00:00+00:00
2023-05-26 19:00:00+00:00,109.46,22,2023-05-25 22:00:00+00:00,2023-05-26 22:00:00+00:00
2023-05-26 20:00:00+00:00,99.5,23,2023-05-25 22:00:00+00:00,2023-05-26 22:00:00+00:00
2023-05-26 21:00:00+00:00,92.5,24,2023-05-25 22:00:00+00:00,2023-05-26 22:00:00+00:00
2023-05-26 22:00:00+00:00,89.72,1,2023-05-26 22:00:00+00:00,2023-05-27 22:00:00+00:00
2023-05-26 23:00:00+00:00,83.51,2,2023-05-26 22:00:00+00:00,2023-05-27 22:00:00+00:00
2023-05-27 00:00:00+00:00,84.73,3,2023-05-26 22:00:00+00:00,2023-05-27 22:00:00+00:00
2023-05-27 01:00:00+00:00,86.0,4,2023-05-26 22:00:00+00:00,2023-05-27 22:00:00+00:00
2023-05-27 02:00:00+00:00,89.82,5,2023-05-26 22:00:00+00:00,2023-05-27 22:00:00+00:00
2023-05-27 03:00:00+00:00,88.62,6,2023-05-26 22:00:00+00:00,2023-05-27 22:00:00+00:00
2023-05-27 04:00:00+00:00,82.7,7,2023-05-26 22:00:00+00:00,2023-05-27 22:00:00+00:00
2023-05-27 05:00:00+00:00,82.99,8,2023-05-26 22:00:00+00:00,2023-05-27 22:00:00+00:00
2023-05-27 06:00:00+00:00,72.61,9,2023-05-26 22:00:00+00:00,2023-05-27 22:00:00+00:00
2023-05-27 07:00:00+00:00,55.06,10,2023-05-26 22:00:00+00:00,2023-05-27 22:00:00+00:00
2023-05-27 08:00:00+00:00,16.37,11,2023-05-26 22:00:00+00:00,2023-05-27 22:00:00+00:00
2023-05-27 09:00:00+00:00,1.45,12,2023-05-26 22:00:00+00:00,2023-05-27 22:00:00+00:00
2023-05-27 10:00:00+00:00,0.0,13,2023-05-26 22:00:00+00:00,2023-05-27 22:00:00+00:00
2023-05-27 11:00:00+00:00,-13.16,14,2023-05-26 22:00:00+00:00,2023-05-27 22:00:00+00:00
2023-05-27 12:00:00+00:00,-26.36,15,2023-05-26 22:00:00+00:00,2023-05-27 22:00:00+00:00
2023-05-27 13:00:00+00:00,-200.0,16,2023-05-26 22:00:00+00:00,2023-05-27 22:00:00+00:00
2023-05-27 14:00:00+00:00,2.26,17,2023-05-26 22:00:00+00:00,2023-05-27 22:00:00+00:00
2023-05-27 15:00:00+00:00,55.08,18,2023-05-26 22:00:00+00:00,2023-05-27 22:00:00+00:00
2023-05-27 16:00:00+00:00,84.85,19,2023-05-26 22:00:00+00:00,2023-05-27 22:00:00+00:00
2023-05-27 17:00:00+00:00,90.67,20,2023-05-26 22:00:00+00:00,2023-05-27 22:00:00+00:00
2023-05-27 18:00:00+00:00,104.97,21,2023-05-26 22:00:00+00:00,2023-05-27 22:00:00+00:00
2023-05-27 19:00:00+00:00,112.45,22,2023-05-26 22:00:00+00:00,2023-05-27 22:00:00+00:00
2023-05-27 20:00:00+00:00,99.96,23,2023-05-26 22:00:00+00:00,2023-05-27 22:00:00+00:00
2023-05-27 21:00:00+00:00,94.71,24,2023-05-26 22:00:00+00:00,2023-05-27 22:00:00+00:00
2023-05-27 22:00:00+00:00,87.09,1,2023-05-27 22:00:00+00:00,2023-05-28 22:00:00+00:00
2023-05-27 23:00:00+00:00,84.0,2,2023-05-27 22:00:00+00:00,2023-05-28 22:00:00+00:00
2023-05-28 00:00:00+00:00,81.92,3,2023-05-27 22:00:00+00:00,2023-05-28 22:00:00+00:00
2023-05-28 01:00:00+00:00,77.87,4,2023-05-27 22:00:00+00:00,2023-05-28 22:00:00+00:00
2023-05-28 02:00:00+00:00,77.86,5,2023-05-27 22:00:00+00:00,2023-05-28 22:00:00+00:00
2023-05-28 03:00:00+00:00,76.47,6,2023-05-27 22:00:00+00:00,2023-05-28 22:00:00+00:00
2023-05-28 04:00:00+00:00,71.82,7,2023-05-27 22:00:00+00:00,2023-05-28 22:00:00+00:00
2023-05-28 05:00:00+00:00,64.97,8,2023-05-27 22:00:00+00:00,2023-05-28 22:00:00+00:00
2023-05-28 06:00:00+00:00,37.7,9,2023-05-27 22:00:00+00:00,2023-05-28 22:00:00+00:00
2023-05-28 07:00:00+00:00,0.0,10,2023-05-27 22:00:00+00:00,2023-05-28 22:00:00+00:00
2023-05-28 08:00:00+00:00,-4.89,11,2023-05-27 22:00:00+00:00,2023-05-28 22:00:00+00:00
2023-05-28 09:00:00+00:00,-27.87,12,2023-05-27 22:00:00+00:00,2023-05-28 22:00:00+00:00
2023-05-28 10:00:00+00:00,-101.6,13,2023-05-27 22:00:00+00:00,2023-05-28 22:00:00+00:00
2023-05-28 11:00:00+00:00,-235.96,14,2023-05-27 22:00:00+00:00,2023-05-28 22:00:00+00:00
2023-05-28 12:00:00+00:00,-400.0,15,2023-05-27 22:00:00+00:00,2023-05-28 22:00:00+00:00
2023-05-28 13:00:00+00:00,-162.55,16,2023-05-27 22:00:00+00:00,2023-05-28 22:00:00+00:00
2023-05-28 14:00:00+00:00,-23.51,17,2023-05-27 22:00:00+00:00,2023-05-28 22:00:00+00:00
2023-05-28 15:00:00+00:00,-0.06,18,2023-05-27 22:00:00+00:00,2023-05-28 22:00:00+00:00
2023-05-28 16:00:00+00:00,50.0,19,2023-05-27 22:00:00+00:00,2023-05-28 22:00:00+00:00
2023-05-28 17:00:00+00:00,72.9,20,2023-05-27 22:00:00+00:00,2023-05-28 22:00:00+00:00
2023-05-28 18:00:00+00:00,80.29,21,2023-05-27 22:00:00+00:00,2023-05-28 22:00:00+00:00
2023-05-28 19:00:00+00:00,78.01,22,2023-05-27 22:00:00+00:00,2023-05-28 22:00:00+00:00
2023-05-28 20:00:00+00:00,73.89,23,2023-05-27 22:00:00+00:00,2023-05-28 22:00:00+00:00
2023-05-28 21:00:00+00:00,69.5,24,2023-05-27 22:00:00+00:00,2023-05-28 22:00:00+00:00
2023-05-28 22:00:00+00:00,59.23,1,2023-05-28 22:00:00+00:00,2023-05-29 22:00:00+00:00
2023-05-28 23:00:00+00:00,53.9,2,2023-05-28 22:00:00+00:00,2023-05-29 22:00:00+00:00
2023-05-29 00:00:00+00:00,51.82,3,2023-05-28 22:00:00+00:00,2023-05-29 22:00:00+00:00
2023-05-29 01:00:00+00:00,48.19,4,2023-05-28 22:00:00+00:00,2023-05-29 22:00:00+00:00
2023-05-29 02:00:00+00:00,53.4,5,2023-05-28 22:00:00+00:00,2023-05-29 22:00:00+00:00
2023-05-29 03:00:00+00:00,62.04,6,2023-05-28 22:00:00+00:00,2023-05-29 22:00:00+00:00
2023-05-29 04:00:00+00:00,66.3,7,2023-05-28 22:00:00+00:00,2023-05-29 22:00:00+00:00
2023-05-29 05:00:00+00:00,58.71,8,2023-05-28 22:00:00+00:00,2023-05-29 22:00:00+00:00
2023-05-29 06:00:00+00:00,29.92,9,2023-05-28 22:00:00+00:00,2023-05-29 22:00:00+00:00
2023-05-29 07:00:00+00:00,0.0,10,2023-05-28 22:00:00+00:00,2023-05-29 22:00:00+00:00
2023-05-29 08:00:00+00:00,-2.11,11,2023-05-28 22:00:00+00:00,2023-05-29 22:00:00+00:00
2023-05-29 09:00:00+00:00,-40.0,12,2023-05-28 22:00:00+00:00,2023-05-29 22:00:00+00:00
2023-05-29 10:00:00+00:00,-97.12,13,2023-05-28 22:00:00+00:00,2023-05-29 22:00:00+00:00
2023-05-29 11:00:00+00:00,-161.7,14,2023-05-28 22:00:00+00:00,2023-05-29 22:00:00+00:00
2023-05-29 12:00:00+00:00,-185.86,15,2023-05-28 22:00:00+00:00,2023-05-29 22:00:00+00:00
2023-05-29 13:00:00+00:00,-110.0,16,2023-05-28 22:00:00+00:00,2023-05-29 22:00:00+00:00
2023-05-29 14:00:00+00:00,-19.97,17,2023-05-28 22:00:00+00:00,2023-05-29 22:00:00+00:00
2023-05-29 15:00:00+00:00,-9.79,18,2023-05-28 22:00:00+00:00,2023-05-29 22:00:00+00:00
2023-05-29 16:00:00+00:00,17.26,19,2023-05-28 22:00:00+00:00,2023-05-29 22:00:00+00:00
2023-05-29 17:00:00+00:00,72.51,20,2023-05-28 22:00:00+00:00,2023-05-29 22:00:00+00:00
2023-05-29 18:00:00+00:00,84.41,21,2023-05-28 22:00:00+00:00,2023-05-29 22:00:00+00:00
2023-05-29 19:00:00+00:00,85.59,22,2023-05-28 22:00:00+00:00,2023-05-29 22:00:00+00:00
2023-05-29 20:00:00+00:00,80.65,23,2023-05-28 22:00:00+00:00,2023-05-29 22:00:00+00:00
2023-05-29 21:00:00+00:00,74.2,24,2023-05-28 22:00:00+00:00,2023-05-29 22:00:00+00:00
2023-05-29 22:00:00+00:00,75.02,1,2023-05-29 22:00:00+00:00,2023-05-30 22:00:00+00:00
2023-05-29 23:00:00+00:00,71.05,2,2023-05-29 22:00:00+00:00,2023-05-30 22:00:00+00:00
2023-05-30 00:00:00+00:00,68.9,3,2023-05-29 22:00:00+00:00,2023-05-30 22:00:00+00:00
2023-05-30 01:00:00+00:00,68.29,4,2023-05-29 22:00:00+00:00,2023-05-30 22:00:00+00:00
2023-05-30 02:00:00+00:00,74.1,5,2023-05-29 22:00:00+00:00,2023-05-30 22:00:00+00:00
2023-05-30 03:00:00+00:00,84.14,6,2023-05-29 22:00:00+00:00,2023-05-30 22:00:00+00:00
2023-05-30 04:00:00+00:00,95.19,7,2023-05-29 22:00:00+00:00,2023-05-30 22:00:00+00:00
2023-05-30 05:00:00+00:00,115.67,8,2023-05-29 22:00:00+00:00,2023-05-30 22:00:00+00:00
2023-05-30 06:00:00+00:00,108.64,9,2023-05-29 22:00:00+00:00,2023-05-30 22:00:00+00:00
2023-05-30 07:00:00+00:00,90.06,10,2023-05-29 22:00:00+00:00,2023-05-30 22:00:00+00:00
2023-05-30 08:00:00+00:00,82.37,11,2023-05-29 22:00:00+00:00,2023-05-30 22:00:00+00:00
2023-05-30 09:00:00+00:00,70.3,12,2023-05-29 22:00:00+00:00,2023-05-30 22:00:00+00:00
2023-05-30 10:00:00+00:00,64.7,13,2023-05-29 22:00:00+00:00,2023-05-30 22:00:00+00:00
2023-05-30 11:00:00+00:00,57.58,14,2023-05-29 22:00:00+00:00,2023-05-30 22:00:00+00:00
2023-05-30 12:00:00+00:00,56.57,15,2023-05-29 22:00:00+00:00,2023-05-30 22:00:00+00:00
2023-05-30 13:00:00+00:00,61.43,16,2023-05-29 22:00:00+00:00,2023-05-30 22:00:00+00:00
2023-05-30 14:00:00+00:00,69.29,17,2023-05-29 22:00:00+00:00,2023-05-30 22:00:00+00:00
2023-05-30 15:00:00+00:00,87.35,18,2023-05-29 22:00:00+00:00,2023-05-30 22:00:00+00:00
2023-05-30 16:00:00+00:00,89.35,19,2023-05-29 22:00:00+00:00,2023-05-30 22:00:00+00:00
2023-05-30 17:00:00+00:00,122.66,20,2023-05-29 22:00:00+00:00,2023-05-30 22:00:00+00:00
2023-05-30 18:00:00+00:00,132.1,21,2023-05-29 22:00:00+00:00,2023-05-30 22:00:00+00:00
2023-05-30 19:00:00+00:00,94.55,22,2023-05-29 22:00:00+00:00,2023-05-30 22:00:00+00:00
2023-05-30 20:00:00+00:00,97.17,23,2023-05-29 22:00:00+00:00,2023-05-30 22:00:00+00:00
2023-05-30 21:00:00+00:00,89.65,24,2023-05-29 22:00:00+00:00,2023-05-30 22:00:00+00:00
2023-05-30 22:00:00+00:00,85.92,1,2023-05-30 22:00:00+00:00,2023-05-31 22:00:00+00:00
2023-05-30 23:00:00+00:00,81.36,2,2023-05-30 22:00:00+00:00,2023-05-31 22:00:00+00:00
2023-05-31 00:00:00+00:00,74.2,3,2023-05-30 22:00:00+00:00,2023-05-31 22:00:00+00:00
2023-05-31 01:00:00+00:00,78.09,4,2023-05-30 22:00:00+00:00,2023-05-31 22:00:00+00:00
2023-05-31 02:00:00+00:00,82.24,5,2023-05-30 22:00:00+00:00,2023-05-31 22:00:00+00:00
2023-05-31 03:00:00+00:00,88.92,6,2023-05-30 22:00:00+00:00,2023-05-31 22:00:00+00:00
2023-05-31 04:00:00+00:00,83.98,7,2023-05-30 22:00:00+00:00,2023-05-31 22:00:00+00:00
2023-05-31 05:00:00+00:00,105.5,8,2023-05-30 22:00:00+00:00,2023-05-31 22:00:00+00:00
2023-05-31 06:00:00+00:00,75.03,9,2023-05-30 22:00:00+00:00,2023-05-31 22:00:00+00:00
2023-05-31 07:00:00+00:00,86.41,10,2023-05-30 22:00:00+00:00,2023-05-31 22:00:00+00:00
2023-05-31 08:00:00+00:00,66.92,11,2023-05-30 22:00:00+00:00,2023-05-31 22:00:00+00:00
2023-05-31 09:00:00+00:00,46.5,12,2023-05-30 22:00:00+00:00,2023-05-31 22:00:00+00:00
2023-05-31 10:00:00+00:00,5.48,13,2023-05-30 22:00:00+00:00,2023-05-31 22:00:00+00:00
2023-05-31 11:00:00+00:00,-3.89,14,2023-05-30 22:00:00+00:00,2023-05-31 22:00:00+00:00
2023-05-31 12:00:00+00:00,-1.27,15,2023-05-30 22:00:00+00:00,2023-05-31 22:00:00+00:00
2023-05-31 13:00:00+00:00,-0.77,16,2023-05-30 22:00:00+00:00,2023-05-31 22:00:00+00:00
2023-05-31 14:00:00+00:00,20.2,17,2023-05-30 22:00:00+00:00,2023-05-31 22:00:00+00:00
2023-05-31 15:00:00+00:00,51.87,18,2023-05-30 22:00:00+00:00,2023-05-31 22:00:00+00:00
2023-05-31 16:00:00+00:00,74.9,19,2023-05-30 22:00:00+00:00,2023-05-31 22:00:00+00:00
2023-05-31 17:00:00+00:00,87.0,20,2023-05-30 22:00:00+00:00,2023-05-31 22:00:00+00:00
2023-05-31 18:00:00+00:00,105.5,21,2023-05-30 22:00:00+00:00,2023-05-31 22:00:00+00:00
2023-05-31 19:00:00+00:00,103.08,22,2023-05-30 22:00:00+00:00,2023-05-31 22:00:00+00:00
2023-05-31 20:00:00+00:00,94.29,23,2023-05-30 22:00:00+00:00,2023-05-31 22:00:00+00:00
2023-05-31 21:00:00+00:00,81.9,24,2023-05-30 22:00:00+00:00,2023-05-31 22:00:00+00:00
2023-05-31 22:00:00+00:00,84.15,1,2023-05-31 22:00:00+00:00,2023-06-01 22:00:00+00:00
2023-05-31 22:00:00+00:00,84.15,1,2023-05-31 22:00:00+00:00,2023-06-01 22:00:00+00:00
2023-05-31 23:00:00+00:00,74.3,2,2023-05-31 22:00:00+00:00,2023-06-01 22:00:00+00:00
2023-05-31 23:00:00+00:00,74.3,2,2023-05-31 22:00:00+00:00,2023-06-01 22:00:00+00:00
2023-06-01 00:00:00+00:00,70.1,3,2023-05-31 22:00:00+00:00,2023-06-01 22:00:00+00:00
2023-06-01 00:00:00+00:00,70.1,3,2023-05-31 22:00:00+00:00,2023-06-01 22:00:00+00:00
2023-06-01 01:00:00+00:00,66.51,4,2023-05-31 22:00:00+00:00,2023-06-01 22:00:00+00:00
2023-06-01 01:00:00+00:00,66.51,4,2023-05-31 22:00:00+00:00,2023-06-01 22:00:00+00:00
2023-06-01 02:00:00+00:00,67.66,5,2023-05-31 22:00:00+00:00,2023-06-01 22:00:00+00:00
2023-06-01 02:00:00+00:00,67.66,5,2023-05-31 22:00:00+00:00,2023-06-01 22:00:00+00:00
2023-06-01 03:00:00+00:00,79.8,6,2023-05-31 22:00:00+00:00,2023-06-01 22:00:00+00:00
2023-06-01 03:00:00+00:00,79.8,6,2023-05-31 22:00:00+00:00,2023-06-01 22:00:00+00:00
2023-06-01 04:00:00+00:00,95.89,7,2023-05-31 22:00:00+00:00,2023-06-01 22:00:00+00:00
2023-06-01 04:00:00+00:00,95.89,7,2023-05-31 22:00:00+00:00,2023-06-01 22:00:00+00:00
2023-06-01 05:00:00+00:00,104.45,8,2023-05-31 22:00:00+00:00,2023-06-01 22:00:00+00:00
2023-06-01 05:00:00+00:00,104.45,8,2023-05-31 22:00:00+00:00,2023-06-01 22:00:00+00:00
2023-06-01 06:00:00+00:00,99.07,9,2023-05-31 22:00:00+00:00,2023-06-01 22:00:00+00:00
2023-06-01 06:00:00+00:00,99.07,9,2023-05-31 22:00:00+00:00,2023-06-01 22:00:00+00:00
2023-06-01 07:00:00+00:00,87.3,10,2023-05-31 22:00:00+00:00,2023-06-01 22:00:00+00:00
2023-06-01 07:00:00+00:00,87.3,10,2023-05-31 22:00:00+00:00,2023-06-01 22:00:00+00:00
2023-06-01 08:00:00+00:00,68.19,11,2023-05-31 22:00:00+00:00,2023-06-01 22:00:00+00:00
2023-06-01 08:00:00+00:00,68.19,11,2023-05-31 22:00:00+00:00,2023-06-01 22:00:00+00:00
2023-06-01 09:00:00+00:00,59.92,12,2023-05-31 22:00:00+00:00,2023-06-01 22:00:00+00:00
2023-06-01 09:00:00+00:00,59.92,12,2023-05-31 22:00:00+00:00,2023-06-01 22:00:00+00:00
2023-06-01 10:00:00+00:00,35.4,13,2023-05-31 22:00:00+00:00,2023-06-01 22:00:00+00:00
2023-06-01 10:00:00+00:00,35.4,13,2023-05-31 22:00:00+00:00,2023-06-01 22:00:00+00:00
2023-06-01 11:00:00+00:00,9.34,14,2023-05-31 22:00:00+00:00,2023-06-01 22:00:00+00:00
2023-06-01 11:00:00+00:00,9.34,14,2023-05-31 22:00:00+00:00,2023-06-01 22:00:00+00:00
2023-06-01 12:00:00+00:00,2.97,15,2023-05-31 22:00:00+00:00,2023-06-01 22:00:00+00:00
2023-06-01 12:00:00+00:00,2.97,15,2023-05-31 22:00:00+00:00,2023-06-01 22:00:00+00:00
2023-06-01 13:00:00+00:00,0.1,16,2023-05-31 22:00:00+00:00,2023-06-01 22:00:00+00:00
2023-06-01 13:00:00+00:00,0.1,16,2023-05-31 22:00:00+00:00,2023-06-01 22:00:00+00:00
2023-06-01 14:00:00+00:00,55.6,17,2023-05-31 22:00:00+00:00,2023-06-01 22:00:00+00:00
2023-06-01 14:00:00+00:00,55.6,17,2023-05-31 22:00:00+00:00,2023-06-01 22:00:00+00:00
2023-06-01 15:00:00+00:00,71.99,18,2023-05-31 22:00:00+00:00,2023-06-01 22:00:00+00:00
2023-06-01 15:00:00+00:00,71.99,18,2023-05-31 22:00:00+00:00,2023-06-01 22:00:00+00:00
2023-06-01 16:00:00+00:00,76.1,19,2023-05-31 22:00:00+00:00,2023-06-01 22:00:00+00:00
2023-06-01 16:00:00+00:00,76.1,19,2023-05-31 22:00:00+00:00,2023-06-01 22:00:00+00:00
2023-06-01 17:00:00+00:00,87.94,20,2023-05-31 22:00:00+00:00,2023-06-01 22:00:00+00:00
2023-06-01 17:00:00+00:00,87.94,20,2023-05-31 22:00:00+00:00,2023-06-01 22:00:00+00:00
2023-06-01 18:00:00+00:00,114.2,21,2023-05-31 22:00:00+00:00,2023-06-01 22:00:00+00:00
2023-06-01 18:00:00+00:00,114.2,21,2023-05-31 22:00:00+00:00,2023-06-01 22:00:00+00:00
2023-06-01 19:00:00+00:00,103.43,22,2023-05-31 22:00:00+00:00,2023-06-01 22:00:00+00:00
2023-06-01 19:00:00+00:00,103.43,22,2023-05-31 22:00:00+00:00,2023-06-01 22:00:00+00:00
2023-06-01 20:00:00+00:00,95.41,23,2023-05-31 22:00:00+00:00,2023-06-01 22:00:00+00:00
2023-06-01 20:00:00+00:00,95.41,23,2023-05-31 22:00:00+00:00,2023-06-01 22:00:00+00:00
2023-06-01 21:00:00+00:00,86.53,24,2023-05-31 22:00:00+00:00,2023-06-01 22:00:00+00:00
2023-06-01 21:00:00+00:00,86.53,24,2023-05-31 22:00:00+00:00,2023-06-01 22:00:00+00:00
2023-06-01 22:00:00+00:00,83.59,1,2023-06-01 22:00:00+00:00,2023-06-02 22:00:00+00:00
2023-06-01 23:00:00+00:00,79.4,2,2023-06-01 22:00:00+00:00,2023-06-02 22:00:00+00:00
2023-06-02 00:00:00+00:00,79.5,3,2023-06-01 22:00:00+00:00,2023-06-02 22:00:00+00:00
2023-06-02 01:00:00+00:00,76.62,4,2023-06-01 22:00:00+00:00,2023-06-02 22:00:00+00:00
2023-06-02 02:00:00+00:00,80.1,5,2023-06-01 22:00:00+00:00,2023-06-02 22:00:00+00:00
2023-06-02 03:00:00+00:00,88.74,6,2023-06-01 22:00:00+00:00,2023-06-02 22:00:00+00:00
2023-06-02 04:00:00+00:00,101.5,7,2023-06-01 22:00:00+00:00,2023-06-02 22:00:00+00:00
2023-06-02 05:00:00+00:00,103.34,8,2023-06-01 22:00:00+00:00,2023-06-02 22:00:00+00:00
2023-06-02 06:00:00+00:00,95.9,9,2023-06-01 22:00:00+00:00,2023-06-02 22:00:00+00:00
2023-06-02 07:00:00+00:00,84.37,10,2023-06-01 22:00:00+00:00,2023-06-02 22:00:00+00:00
2023-06-02 08:00:00+00:00,72.09,11,2023-06-01 22:00:00+00:00,2023-06-02 22:00:00+00:00
2023-06-02 09:00:00+00:00,63.15,12,2023-06-01 22:00:00+00:00,2023-06-02 22:00:00+00:00
2023-06-02 10:00:00+00:00,56.06,13,2023-06-01 22:00:00+00:00,2023-06-02 22:00:00+00:00
2023-06-02 11:00:00+00:00,42.61,14,2023-06-01 22:00:00+00:00,2023-06-02 22:00:00+00:00
2023-06-02 12:00:00+00:00,36.82,15,2023-06-01 22:00:00+00:00,2023-06-02 22:00:00+00:00
2023-06-02 13:00:00+00:00,44.9,16,2023-06-01 22:00:00+00:00,2023-06-02 22:00:00+00:00
2023-06-02 14:00:00+00:00,58.27,17,2023-06-01 22:00:00+00:00,2023-06-02 22:00:00+00:00
2023-06-02 15:00:00+00:00,76.62,18,2023-06-01 22:00:00+00:00,2023-06-02 22:00:00+00:00
2023-06-02 16:00:00+00:00,85.2,19,2023-06-01 22:00:00+00:00,2023-06-02 22:00:00+00:00
2023-06-02 17:00:00+00:00,98.7,20,2023-06-01 22:00:00+00:00,2023-06-02 22:00:00+00:00
2023-06-02 18:00:00+00:00,107.74,21,2023-06-01 22:00:00+00:00,2023-06-02 22:00:00+00:00
2023-06-02 19:00:00+00:00,101.09,22,2023-06-01 22:00:00+00:00,2023-06-02 22:00:00+00:00
2023-06-02 20:00:00+00:00,92.56,23,2023-06-01 22:00:00+00:00,2023-06-02 22:00:00+00:00
2023-06-02 21:00:00+00:00,85.06,24,2023-06-01 22:00:00+00:00,2023-06-02 22:00:00+00:00
2023-06-02 22:00:00+00:00,84.95,1,2023-06-02 22:00:00+00:00,2023-06-03 22:00:00+00:00
2023-06-02 23:00:00+00:00,80.3,2,2023-06-02 22:00:00+00:00,2023-06-03 22:00:00+00:00
2023-06-03 00:00:00+00:00,77.79,3,2023-06-02 22:00:00+00:00,2023-06-03 22:00:00+00:00
2023-06-03 01:00:00+00:00,75.2,4,2023-06-02 22:00:00+00:00,2023-06-03 22:00:00+00:00
2023-06-03 02:00:00+00:00,80.35,5,2023-06-02 22:00:00+00:00,2023-06-03 22:00:00+00:00
2023-06-03 03:00:00+00:00,78.51,6,2023-06-02 22:00:00+00:00,2023-06-03 22:00:00+00:00
2023-06-03 04:00:00+00:00,77.64,7,2023-06-02 22:00:00+00:00,2023-06-03 22:00:00+00:00
2023-06-03 05:00:00+00:00,73.63,8,2023-06-02 22:00:00+00:00,2023-06-03 22:00:00+00:00
2023-06-03 06:00:00+00:00,70.0,9,2023-06-02 22:00:00+00:00,2023-06-03 22:00:00+00:00
2023-06-03 07:00:00+00:00,59.97,10,2023-06-02 22:00:00+00:00,2023-06-03 22:00:00+00:00
2023-06-03 08:00:00+00:00,27.36,11,2023-06-02 22:00:00+00:00,2023-06-03 22:00:00+00:00
2023-06-03 09:00:00+00:00,5.0,12,2023-06-02 22:00:00+00:00,2023-06-03 22:00:00+00:00
2023-06-03 10:00:00+00:00,-0.01,13,2023-06-02 22:00:00+00:00,2023-06-03 22:00:00+00:00
2023-06-03 11:00:00+00:00,-10.0,14,2023-06-02 22:00:00+00:00,2023-06-03 22:00:00+00:00
2023-06-03 12:00:00+00:00,-10.05,15,2023-06-02 22:00:00+00:00,2023-06-03 22:00:00+00:00
2023-06-03 13:00:00+00:00,-3.8,16,2023-06-02 22:00:00+00:00,2023-06-03 22:00:00+00:00
2023-06-03 14:00:00+00:00,0.01,17,2023-06-02 22:00:00+00:00,2023-06-03 22:00:00+00:00
2023-06-03 15:00:00+00:00,45.66,18,2023-06-02 22:00:00+00:00,2023-06-03 22:00:00+00:00
2023-06-03 16:00:00+00:00,75.0,19,2023-06-02 22:00:00+00:00,2023-06-03 22:00:00+00:00
2023-06-03 17:00:00+00:00,83.48,20,2023-06-02 22:00:00+00:00,2023-06-03 22:00:00+00:00
2023-06-03 18:00:00+00:00,94.08,21,2023-06-02 22:00:00+00:00,2023-06-03 22:00:00+00:00
2023-06-03 19:00:00+00:00,93.68,22,2023-06-02 22:00:00+00:00,2023-06-03 22:00:00+00:00
2023-06-03 20:00:00+00:00,87.23,23,2023-06-02 22:00:00+00:00,2023-06-03 22:00:00+00:00
2023-06-03 21:00:00+00:00,81.17,24,2023-06-02 22:00:00+00:00,2023-06-03 22:00:00+00:00
2023-06-03 22:00:00+00:00,81.12,1,2023-06-03 22:00:00+00:00,2023-06-04 22:00:00+00:00
2023-06-03 23:00:00+00:00,74.9,2,2023-06-03 22:00:00+00:00,2023-06-04 22:00:00+00:00
2023-06-04 00:00:00+00:00,72.51,3,2023-06-03 22:00:00+00:00,2023-06-04 22:00:00+00:00
2023-06-04 01:00:00+00:00,71.61,4,2023-06-03 22:00:00+00:00,2023-06-04 22:00:00+00:00
2023-06-04 02:00:00+00:00,73.0,5,2023-06-03 22:00:00+00:00,2023-06-04 22:00:00+00:00
2023-06-04 03:00:00+00:00,72.11,6,2023-06-03 22:00:00+00:00,2023-06-04 22:00:00+00:00
2023-06-04 04:00:00+00:00,68.97,7,2023-06-03 22:00:00+00:00,2023-06-04 22:00:00+00:00
2023-06-04 05:00:00+00:00,64.77,8,2023-06-03 22:00:00+00:00,2023-06-04 22:00:00+00:00
2023-06-04 06:00:00+00:00,50.81,9,2023-06-03 22:00:00+00:00,2023-06-04 22:00:00+00:00
2023-06-04 07:00:00+00:00,21.93,10,2023-06-03 22:00:00+00:00,2023-06-04 22:00:00+00:00
2023-06-04 08:00:00+00:00,5.11,11,2023-06-03 22:00:00+00:00,2023-06-04 22:00:00+00:00
2023-06-04 09:00:00+00:00,0.0,12,2023-06-03 22:00:00+00:00,2023-06-04 22:00:00+00:00
2023-06-04 10:00:00+00:00,-14.43,13,2023-06-03 22:00:00+00:00,2023-06-04 22:00:00+00:00
2023-06-04 11:00:00+00:00,-81.54,14,2023-06-03 22:00:00+00:00,2023-06-04 22:00:00+00:00
2023-06-04 12:00:00+00:00,-40.23,15,2023-06-03 22:00:00+00:00,2023-06-04 22:00:00+00:00
2023-06-04 13:00:00+00:00,-25.0,16,2023-06-03 22:00:00+00:00,2023-06-04 22:00:00+00:00
2023-06-04 14:00:00+00:00,0.0,17,2023-06-03 22:00:00+00:00,2023-06-04 22:00:00+00:00
2023-06-04 15:00:00+00:00,34.5,18,2023-06-03 22:00:00+00:00,2023-06-04 22:00:00+00:00
2023-06-04 16:00:00+00:00,78.21,19,2023-06-03 22:00:00+00:00,2023-06-04 22:00:00+00:00
2023-06-04 17:00:00+00:00,82.0,20,2023-06-03 22:00:00+00:00,2023-06-04 22:00:00+00:00
2023-06-04 18:00:00+00:00,94.0,21,2023-06-03 22:00:00+00:00,2023-06-04 22:00:00+00:00
2023-06-04 19:00:00+00:00,100.0,22,2023-06-03 22:00:00+00:00,2023-06-04 22:00:00+00:00
2023-06-04 20:00:00+00:00,97.66,23,2023-06-03 22:00:00+00:00,2023-06-04 22:00:00+00:00
2023-06-04 21:00:00+00:00,86.98,24,2023-06-03 22:00:00+00:00,2023-06-04 22:00:00+00:00
2023-06-04 22:00:00+00:00,78.71,1,2023-06-04 22:00:00+00:00,2023-06-05 22:00:00+00:00
2023-06-04 23:00:00+00:00,71.1,2,2023-06-04 22:00:00+00:00,2023-06-05 22:00:00+00:00
2023-06-05 00:00:00+00:00,70.07,3,2023-06-04 22:00:00+00:00,2023-06-05 22:00:00+00:00
2023-06-05 01:00:00+00:00,71.03,4,2023-06-04 22:00:00+00:00,2023-06-05 22:00:00+00:00
2023-06-05 02:00:00+00:00,74.07,5,2023-06-04 22:00:00+00:00,2023-06-05 22:00:00+00:00
2023-06-05 03:00:00+00:00,77.0,6,2023-06-04 22:00:00+00:00,2023-06-05 22:00:00+00:00
2023-06-05 04:00:00+00:00,84.9,7,2023-06-04 22:00:00+00:00,2023-06-05 22:00:00+00:00
2023-06-05 05:00:00+00:00,97.91,8,2023-06-04 22:00:00+00:00,2023-06-05 22:00:00+00:00
2023-06-05 06:00:00+00:00,99.95,9,2023-06-04 22:00:00+00:00,2023-06-05 22:00:00+00:00
2023-06-05 07:00:00+00:00,83.55,10,2023-06-04 22:00:00+00:00,2023-06-05 22:00:00+00:00
2023-06-05 08:00:00+00:00,75.0,11,2023-06-04 22:00:00+00:00,2023-06-05 22:00:00+00:00
2023-06-05 09:00:00+00:00,70.08,12,2023-06-04 22:00:00+00:00,2023-06-05 22:00:00+00:00
2023-06-05 10:00:00+00:00,68.35,13,2023-06-04 22:00:00+00:00,2023-06-05 22:00:00+00:00
2023-06-05 11:00:00+00:00,61.75,14,2023-06-04 22:00:00+00:00,2023-06-05 22:00:00+00:00
2023-06-05 12:00:00+00:00,62.0,15,2023-06-04 22:00:00+00:00,2023-06-05 22:00:00+00:00
2023-06-05 13:00:00+00:00,64.0,16,2023-06-04 22:00:00+00:00,2023-06-05 22:00:00+00:00
2023-06-05 14:00:00+00:00,65.3,17,2023-06-04 22:00:00+00:00,2023-06-05 22:00:00+00:00
2023-06-05 15:00:00+00:00,81.71,18,2023-06-04 22:00:00+00:00,2023-06-05 22:00:00+00:00
2023-06-05 16:00:00+00:00,76.12,19,2023-06-04 22:00:00+00:00,2023-06-05 22:00:00+00:00
2023-06-05 17:00:00+00:00,84.9,20,2023-06-04 22:00:00+00:00,2023-06-05 22:00:00+00:00
2023-06-05 18:00:00+00:00,119.0,21,2023-06-04 22:00:00+00:00,2023-06-05 22:00:00+00:00
2023-06-05 19:00:00+00:00,120.5,22,2023-06-04 22:00:00+00:00,2023-06-05 22:00:00+00:00
2023-06-05 20:00:00+00:00,101.02,23,2023-06-04 22:00:00+00:00,2023-06-05 22:00:00+00:00
2023-06-05 21:00:00+00:00,88.0,24,2023-06-04 22:00:00+00:00,2023-06-05 22:00:00+00:00
2023-06-05 22:00:00+00:00,80.23,1,2023-06-05 22:00:00+00:00,2023-06-06 22:00:00+00:00
2023-06-05 23:00:00+00:00,79.12,2,2023-06-05 22:00:00+00:00,2023-06-06 22:00:00+00:00
2023-06-06 00:00:00+00:00,78.62,3,2023-06-05 22:00:00+00:00,2023-06-06 22:00:00+00:00
2023-06-06 01:00:00+00:00,81.0,4,2023-06-05 22:00:00+00:00,2023-06-06 22:00:00+00:00
2023-06-06 02:00:00+00:00,65.0,5,2023-06-05 22:00:00+00:00,2023-06-06 22:00:00+00:00
2023-06-06 03:00:00+00:00,79.34,6,2023-06-05 22:00:00+00:00,2023-06-06 22:00:00+00:00
2023-06-06 04:00:00+00:00,72.6,7,2023-06-05 22:00:00+00:00,2023-06-06 22:00:00+00:00
2023-06-06 05:00:00+00:00,108.7,8,2023-06-05 22:00:00+00:00,2023-06-06 22:00:00+00:00
2023-06-06 06:00:00+00:00,111.8,9,2023-06-05 22:00:00+00:00,2023-06-06 22:00:00+00:00
2023-06-06 07:00:00+00:00,94.9,10,2023-06-05 22:00:00+00:00,2023-06-06 22:00:00+00:00
2023-06-06 08:00:00+00:00,84.38,11,2023-06-05 22:00:00+00:00,2023-06-06 22:00:00+00:00
2023-06-06 09:00:00+00:00,82.05,12,2023-06-05 22:00:00+00:00,2023-06-06 22:00:00+00:00
2023-06-06 10:00:00+00:00,74.36,13,2023-06-05 22:00:00+00:00,2023-06-06 22:00:00+00:00
2023-06-06 11:00:00+00:00,43.1,14,2023-06-05 22:00:00+00:00,2023-06-06 22:00:00+00:00
2023-06-06 12:00:00+00:00,64.57,15,2023-06-05 22:00:00+00:00,2023-06-06 22:00:00+00:00
2023-06-06 13:00:00+00:00,49.87,16,2023-06-05 22:00:00+00:00,2023-06-06 22:00:00+00:00
2023-06-06 14:00:00+00:00,61.84,17,2023-06-05 22:00:00+00:00,2023-06-06 22:00:00+00:00
2023-06-06 15:00:00+00:00,79.83,18,2023-06-05 22:00:00+00:00,2023-06-06 22:00:00+00:00
2023-06-06 16:00:00+00:00,91.97,19,2023-06-05 22:00:00+00:00,2023-06-06 22:00:00+00:00
2023-06-06 17:00:00+00:00,78.24,20,2023-06-05 22:00:00+00:00,2023-06-06 22:00:00+00:00
2023-06-06 18:00:00+00:00,84.9,21,2023-06-05 22:00:00+00:00,2023-06-06 22:00:00+00:00
2023-06-06 19:00:00+00:00,114.41,22,2023-06-05 22:00:00+00:00,2023-06-06 22:00:00+00:00
2023-06-06 20:00:00+00:00,98.97,23,2023-06-05 22:00:00+00:00,2023-06-06 22:00:00+00:00
2023-06-06 21:00:00+00:00,89.99,24,2023-06-05 22:00:00+00:00,2023-06-06 22:00:00+00:00
2023-06-06 22:00:00+00:00,89.66,1,2023-06-06 22:00:00+00:00,2023-06-07 22:00:00+00:00
2023-06-06 23:00:00+00:00,78.36,2,2023-06-06 22:00:00+00:00,2023-06-07 22:00:00+00:00
2023-06-07 00:00:00+00:00,72.4,3,2023-06-06 22:00:00+00:00,2023-06-07 22:00:00+00:00
2023-06-07 01:00:00+00:00,88.76,4,2023-06-06 22:00:00+00:00,2023-06-07 22:00:00+00:00
2023-06-07 02:00:00+00:00,79.86,5,2023-06-06 22:00:00+00:00,2023-06-07 22:00:00+00:00
2023-06-07 03:00:00+00:00,80.19,6,2023-06-06 22:00:00+00:00,2023-06-07 22:00:00+00:00
2023-06-07 04:00:00+00:00,76.0,7,2023-06-06 22:00:00+00:00,2023-06-07 22:00:00+00:00
2023-06-07 05:00:00+00:00,97.2,8,2023-06-06 22:00:00+00:00,2023-06-07 22:00:00+00:00
2023-06-07 06:00:00+00:00,111.25,9,2023-06-06 22:00:00+00:00,2023-06-07 22:00:00+00:00
2023-06-07 07:00:00+00:00,94.22,10,2023-06-06 22:00:00+00:00,2023-06-07 22:00:00+00:00
2023-06-07 08:00:00+00:00,91.6,11,2023-06-06 22:00:00+00:00,2023-06-07 22:00:00+00:00
2023-06-07 09:00:00+00:00,85.69,12,2023-06-06 22:00:00+00:00,2023-06-07 22:00:00+00:00
2023-06-07 10:00:00+00:00,79.95,13,2023-06-06 22:00:00+00:00,2023-06-07 22:00:00+00:00
2023-06-07 11:00:00+00:00,70.3,14,2023-06-06 22:00:00+00:00,2023-06-07 22:00:00+00:00
2023-06-07 12:00:00+00:00,73.2,15,2023-06-06 22:00:00+00:00,2023-06-07 22:00:00+00:00
2023-06-07 13:00:00+00:00,72.26,16,2023-06-06 22:00:00+00:00,2023-06-07 22:00:00+00:00
2023-06-07 14:00:00+00:00,78.8,17,2023-06-06 22:00:00+00:00,2023-06-07 22:00:00+00:00
2023-06-07 15:00:00+00:00,75.7,18,2023-06-06 22:00:00+00:00,2023-06-07 22:00:00+00:00
2023-06-07 16:00:00+00:00,97.0,19,2023-06-06 22:00:00+00:00,2023-06-07 22:00:00+00:00
2023-06-07 17:00:00+00:00,99.93,20,2023-06-06 22:00:00+00:00,2023-06-07 22:00:00+00:00
2023-06-07 18:00:00+00:00,117.8,21,2023-06-06 22:00:00+00:00,2023-06-07 22:00:00+00:00
2023-06-07 19:00:00+00:00,112.3,22,2023-06-06 22:00:00+00:00,2023-06-07 22:00:00+00:00
2023-06-07 20:00:00+00:00,104.89,23,2023-06-06 22:00:00+00:00,2023-06-07 22:00:00+00:00
2023-06-07 21:00:00+00:00,94.9,24,2023-06-06 22:00:00+00:00,2023-06-07 22:00:00+00:00
2023-06-07 22:00:00+00:00,93.93,1,2023-06-07 22:00:00+00:00,2023-06-08 22:00:00+00:00
2023-06-07 23:00:00+00:00,89.26,2,2023-06-07 22:00:00+00:00,2023-06-08 22:00:00+00:00
2023-06-08 00:00:00+00:00,82.0,3,2023-06-07 22:00:00+00:00,2023-06-08 22:00:00+00:00
2023-06-08 01:00:00+00:00,72.92,4,2023-06-07 22:00:00+00:00,2023-06-08 22:00:00+00:00
2023-06-08 02:00:00+00:00,70.98,5,2023-06-07 22:00:00+00:00,2023-06-08 22:00:00+00:00
2023-06-08 03:00:00+00:00,80.94,6,2023-06-07 22:00:00+00:00,2023-06-08 22:00:00+00:00
2023-06-08 04:00:00+00:00,83.56,7,2023-06-07 22:00:00+00:00,2023-06-08 22:00:00+00:00
2023-06-08 05:00:00+00:00,90.9,8,2023-06-07 22:00:00+00:00,2023-06-08 22:00:00+00:00
2023-06-08 06:00:00+00:00,91.4,9,2023-06-07 22:00:00+00:00,2023-06-08 22:00:00+00:00
2023-06-08 07:00:00+00:00,83.77,10,2023-06-07 22:00:00+00:00,2023-06-08 22:00:00+00:00
2023-06-08 08:00:00+00:00,74.64,11,2023-06-07 22:00:00+00:00,2023-06-08 22:00:00+00:00
2023-06-08 09:00:00+00:00,68.5,12,2023-06-07 22:00:00+00:00,2023-06-08 22:00:00+00:00
2023-06-08 10:00:00+00:00,64.22,13,2023-06-07 22:00:00+00:00,2023-06-08 22:00:00+00:00
2023-06-08 11:00:00+00:00,63.3,14,2023-06-07 22:00:00+00:00,2023-06-08 22:00:00+00:00
2023-06-08 12:00:00+00:00,64.06,15,2023-06-07 22:00:00+00:00,2023-06-08 22:00:00+00:00
2023-06-08 13:00:00+00:00,67.93,16,2023-06-07 22:00:00+00:00,2023-06-08 22:00:00+00:00
2023-06-08 14:00:00+00:00,71.17,17,2023-06-07 22:00:00+00:00,2023-06-08 22:00:00+00:00
2023-06-08 15:00:00+00:00,76.1,18,2023-06-07 22:00:00+00:00,2023-06-08 22:00:00+00:00
2023-06-08 16:00:00+00:00,85.65,19,2023-06-07 22:00:00+00:00,2023-06-08 22:00:00+00:00
2023-06-08 17:00:00+00:00,99.94,20,2023-06-07 22:00:00+00:00,2023-06-08 22:00:00+00:00
2023-06-08 18:00:00+00:00,113.82,21,2023-06-07 22:00:00+00:00,2023-06-08 22:00:00+00:00
2023-06-08 19:00:00+00:00,105.02,22,2023-06-07 22:00:00+00:00,2023-06-08 22:00:00+00:00
2023-06-08 20:00:00+00:00,96.58,23,2023-06-07 22:00:00+00:00,2023-06-08 22:00:00+00:00
2023-06-08 21:00:00+00:00,91.0,24,2023-06-07 22:00:00+00:00,2023-06-08 22:00:00+00:00
2023-06-08 22:00:00+00:00,95.0,1,2023-06-08 22:00:00+00:00,2023-06-09 22:00:00+00:00
2023-06-08 23:00:00+00:00,89.7,2,2023-06-08 22:00:00+00:00,2023-06-09 22:00:00+00:00
2023-06-09 00:00:00+00:00,79.73,3,2023-06-08 22:00:00+00:00,2023-06-09 22:00:00+00:00
2023-06-09 01:00:00+00:00,76.0,4,2023-06-08 22:00:00+00:00,2023-06-09 22:00:00+00:00
2023-06-09 02:00:00+00:00,76.26,5,2023-06-08 22:00:00+00:00,2023-06-09 22:00:00+00:00
2023-06-09 03:00:00+00:00,88.66,6,2023-06-08 22:00:00+00:00,2023-06-09 22:00:00+00:00
2023-06-09 04:00:00+00:00,99.75,7,2023-06-08 22:00:00+00:00,2023-06-09 22:00:00+00:00
2023-06-09 05:00:00+00:00,103.97,8,2023-06-08 22:00:00+00:00,2023-06-09 22:00:00+00:00
2023-06-09 06:00:00+00:00,103.94,9,2023-06-08 22:00:00+00:00,2023-06-09 22:00:00+00:00
2023-06-09 07:00:00+00:00,91.39,10,2023-06-08 22:00:00+00:00,2023-06-09 22:00:00+00:00
2023-06-09 08:00:00+00:00,82.26,11,2023-06-08 22:00:00+00:00,2023-06-09 22:00:00+00:00
2023-06-09 09:00:00+00:00,75.43,12,2023-06-08 22:00:00+00:00,2023-06-09 22:00:00+00:00
2023-06-09 10:00:00+00:00,70.03,13,2023-06-08 22:00:00+00:00,2023-06-09 22:00:00+00:00
2023-06-09 11:00:00+00:00,61.11,14,2023-06-08 22:00:00+00:00,2023-06-09 22:00:00+00:00
2023-06-09 12:00:00+00:00,64.06,15,2023-06-08 22:00:00+00:00,2023-06-09 22:00:00+00:00
2023-06-09 13:00:00+00:00,68.39,16,2023-06-08 22:00:00+00:00,2023-06-09 22:00:00+00:00
2023-06-09 14:00:00+00:00,72.64,17,2023-06-08 22:00:00+00:00,2023-06-09 22:00:00+00:00
2023-06-09 15:00:00+00:00,80.63,18,2023-06-08 22:00:00+00:00,2023-06-09 22:00:00+00:00
2023-06-09 16:00:00+00:00,95.0,19,2023-06-08 22:00:00+00:00,2023-06-09 22:00:00+00:00
2023-06-09 17:00:00+00:00,104.12,20,2023-06-08 22:00:00+00:00,2023-06-09 22:00:00+00:00
2023-06-09 18:00:00+00:00,106.45,21,2023-06-08 22:00:00+00:00,2023-06-09 22:00:00+00:00
2023-06-09 19:00:00+00:00,104.12,22,2023-06-08 22:00:00+00:00,2023-06-09 22:00:00+00:00
2023-06-09 20:00:00+00:00,97.48,23,2023-06-08 22:00:00+00:00,2023-06-09 22:00:00+00:00
2023-06-09 21:00:00+00:00,86.0,24,2023-06-08 22:00:00+00:00,2023-06-09 22:00:00+00:00
2023-06-09 22:00:00+00:00,89.03,1,2023-06-09 22:00:00+00:00,2023-06-10 22:00:00+00:00
2023-06-09 23:00:00+00:00,84.1,2,2023-06-09 22:00:00+00:00,2023-06-10 22:00:00+00:00
2023-06-10 00:00:00+00:00,84.13,3,2023-06-09 22:00:00+00:00,2023-06-10 22:00:00+00:00
2023-06-10 01:00:00+00:00,80.32,4,2023-06-09 22:00:00+00:00,2023-06-10 22:00:00+00:00
2023-06-10 02:00:00+00:00,77.44,5,2023-06-09 22:00:00+00:00,2023-06-10 22:00:00+00:00
2023-06-10 03:00:00+00:00,79.87,6,2023-06-09 22:00:00+00:00,2023-06-10 22:00:00+00:00
2023-06-10 04:00:00+00:00,79.43,7,2023-06-09 22:00:00+00:00,2023-06-10 22:00:00+00:00
2023-06-10 05:00:00+00:00,85.0,8,2023-06-09 22:00:00+00:00,2023-06-10 22:00:00+00:00
2023-06-10 06:00:00+00:00,81.81,9,2023-06-09 22:00:00+00:00,2023-06-10 22:00:00+00:00
2023-06-10 07:00:00+00:00,59.71,10,2023-06-09 22:00:00+00:00,2023-06-10 22:00:00+00:00
2023-06-10 08:00:00+00:00,10.06,11,2023-06-09 22:00:00+00:00,2023-06-10 22:00:00+00:00
2023-06-10 09:00:00+00:00,-10.0,12,2023-06-09 22:00:00+00:00,2023-06-10 22:00:00+00:00
2023-06-10 10:00:00+00:00,-22.01,13,2023-06-09 22:00:00+00:00,2023-06-10 22:00:00+00:00
2023-06-10 11:00:00+00:00,-56.27,14,2023-06-09 22:00:00+00:00,2023-06-10 22:00:00+00:00
2023-06-10 12:00:00+00:00,-50.05,15,2023-06-09 22:00:00+00:00,2023-06-10 22:00:00+00:00
2023-06-10 13:00:00+00:00,-17.92,16,2023-06-09 22:00:00+00:00,2023-06-10 22:00:00+00:00
2023-06-10 14:00:00+00:00,-3.5,17,2023-06-09 22:00:00+00:00,2023-06-10 22:00:00+00:00
2023-06-10 15:00:00+00:00,44.5,18,2023-06-09 22:00:00+00:00,2023-06-10 22:00:00+00:00
2023-06-10 16:00:00+00:00,74.97,19,2023-06-09 22:00:00+00:00,2023-06-10 22:00:00+00:00
2023-06-10 17:00:00+00:00,86.16,20,2023-06-09 22:00:00+00:00,2023-06-10 22:00:00+00:00
2023-06-10 18:00:00+00:00,107.4,21,2023-06-09 22:00:00+00:00,2023-06-10 22:00:00+00:00
2023-06-10 19:00:00+00:00,112.49,22,2023-06-09 22:00:00+00:00,2023-06-10 22:00:00+00:00
2023-06-10 20:00:00+00:00,98.0,23,2023-06-09 22:00:00+00:00,2023-06-10 22:00:00+00:00
2023-06-10 21:00:00+00:00,87.3,24,2023-06-09 22:00:00+00:00,2023-06-10 22:00:00+00:00
2023-06-10 22:00:00+00:00,102.43,1,2023-06-10 22:00:00+00:00,2023-06-11 22:00:00+00:00
2023-06-10 23:00:00+00:00,90.0,2,2023-06-10 22:00:00+00:00,2023-06-11 22:00:00+00:00
2023-06-11 00:00:00+00:00,89.9,3,2023-06-10 22:00:00+00:00,2023-06-11 22:00:00+00:00
2023-06-11 01:00:00+00:00,77.0,4,2023-06-10 22:00:00+00:00,2023-06-11 22:00:00+00:00
2023-06-11 02:00:00+00:00,73.0,5,2023-06-10 22:00:00+00:00,2023-06-11 22:00:00+00:00
2023-06-11 04:00:00+00:00,60.1,7,2023-06-10 22:00:00+00:00,2023-06-11 22:00:00+00:00
2023-06-11 05:00:00+00:00,48.92,8,2023-06-10 22:00:00+00:00,2023-06-11 22:00:00+00:00
2023-06-11 06:00:00+00:00,28.44,9,2023-06-10 22:00:00+00:00,2023-06-11 22:00:00+00:00
2023-06-11 07:00:00+00:00,15.9,10,2023-06-10 22:00:00+00:00,2023-06-11 22:00:00+00:00
2023-06-11 08:00:00+00:00,0.0,11,2023-06-10 22:00:00+00:00,2023-06-11 22:00:00+00:00
2023-06-11 09:00:00+00:00,-7.92,12,2023-06-10 22:00:00+00:00,2023-06-11 22:00:00+00:00
2023-06-11 10:00:00+00:00,-39.95,13,2023-06-10 22:00:00+00:00,2023-06-11 22:00:00+00:00
2023-06-11 11:00:00+00:00,-66.67,14,2023-06-10 22:00:00+00:00,2023-06-11 22:00:00+00:00
2023-06-11 12:00:00+00:00,-56.89,15,2023-06-10 22:00:00+00:00,2023-06-11 22:00:00+00:00
2023-06-11 13:00:00+00:00,-20.01,16,2023-06-10 22:00:00+00:00,2023-06-11 22:00:00+00:00
2023-06-11 14:00:00+00:00,-0.1,17,2023-06-10 22:00:00+00:00,2023-06-11 22:00:00+00:00
2023-06-11 15:00:00+00:00,27.92,18,2023-06-10 22:00:00+00:00,2023-06-11 22:00:00+00:00
2023-06-11 16:00:00+00:00,83.82,19,2023-06-10 22:00:00+00:00,2023-06-11 22:00:00+00:00
2023-06-11 17:00:00+00:00,99.91,20,2023-06-10 22:00:00+00:00,2023-06-11 22:00:00+00:00
2023-06-11 18:00:00+00:00,110.6,21,2023-06-10 22:00:00+00:00,2023-06-11 22:00:00+00:00
2023-06-11 19:00:00+00:00,125.6,22,2023-06-10 22:00:00+00:00,2023-06-11 22:00:00+00:00
2023-06-11 20:00:00+00:00,119.0,23,2023-06-10 22:00:00+00:00,2023-06-11 22:00:00+00:00
2023-06-11 21:00:00+00:00,98.9,24,2023-06-10 22:00:00+00:00,2023-06-11 22:00:00+00:00
2023-06-11 22:00:00+00:00,94.33,1,2023-06-11 22:00:00+00:00,2023-06-12 22:00:00+00:00
2023-06-11 23:00:00+00:00,85.08,2,2023-06-11 22:00:00+00:00,2023-06-12 22:00:00+00:00
2023-06-12 00:00:00+00:00,85.02,3,2023-06-11 22:00:00+00:00,2023-06-12 22:00:00+00:00
2023-06-12 01:00:00+00:00,81.63,4,2023-06-11 22:00:00+00:00,2023-06-12 22:00:00+00:00
2023-06-12 02:00:00+00:00,83.95,5,2023-06-11 22:00:00+00:00,2023-06-12 22:00:00+00:00
2023-06-12 03:00:00+00:00,95.08,6,2023-06-11 22:00:00+00:00,2023-06-12 22:00:00+00:00
2023-06-12 04:00:00+00:00,107.2,7,2023-06-11 22:00:00+00:00,2023-06-12 22:00:00+00:00
2023-06-12 05:00:00+00:00,126.36,8,2023-06-11 22:00:00+00:00,2023-06-12 22:00:00+00:00
2023-06-12 06:00:00+00:00,124.39,9,2023-06-11 22:00:00+00:00,2023-06-12 22:00:00+00:00
2023-06-12 07:00:00+00:00,106.01,10,2023-06-11 22:00:00+00:00,2023-06-12 22:00:00+00:00
2023-06-12 08:00:00+00:00,86.03,11,2023-06-11 22:00:00+00:00,2023-06-12 22:00:00+00:00
2023-06-12 09:00:00+00:00,64.41,12,2023-06-11 22:00:00+00:00,2023-06-12 22:00:00+00:00
2023-06-12 10:00:00+00:00,50.0,13,2023-06-11 22:00:00+00:00,2023-06-12 22:00:00+00:00
2023-06-12 11:00:00+00:00,42.56,14,2023-06-11 22:00:00+00:00,2023-06-12 22:00:00+00:00
2023-06-12 12:00:00+00:00,50.37,15,2023-06-11 22:00:00+00:00,2023-06-12 22:00:00+00:00
2023-06-12 13:00:00+00:00,71.04,16,2023-06-11 22:00:00+00:00,2023-06-12 22:00:00+00:00
2023-06-12 14:00:00+00:00,84.82,17,2023-06-11 22:00:00+00:00,2023-06-12 22:00:00+00:00
2023-06-12 15:00:00+00:00,97.6,18,2023-06-11 22:00:00+00:00,2023-06-12 22:00:00+00:00
2023-06-12 16:00:00+00:00,109.68,19,2023-06-11 22:00:00+00:00,2023-06-12 22:00:00+00:00
2023-06-12 17:00:00+00:00,133.04,20,2023-06-11 22:00:00+00:00,2023-06-12 22:00:00+00:00
2023-06-12 18:00:00+00:00,141.78,21,2023-06-11 22:00:00+00:00,2023-06-12 22:00:00+00:00
2023-06-12 19:00:00+00:00,116.93,22,2023-06-11 22:00:00+00:00,2023-06-12 22:00:00+00:00
2023-06-12 20:00:00+00:00,107.0,23,2023-06-11 22:00:00+00:00,2023-06-12 22:00:00+00:00
2023-06-12 21:00:00+00:00,98.1,24,2023-06-11 22:00:00+00:00,2023-06-12 22:00:00+00:00
2023-06-12 22:00:00+00:00,89.11,1,2023-06-12 22:00:00+00:00,2023-06-13 22:00:00+00:00
2023-06-12 23:00:00+00:00,82.78,2,2023-06-12 22:00:00+00:00,2023-06-13 22:00:00+00:00
2023-06-13 00:00:00+00:00,83.29,3,2023-06-12 22:00:00+00:00,2023-06-13 22:00:00+00:00
2023-06-13 01:00:00+00:00,82.75,4,2023-06-12 22:00:00+00:00,2023-06-13 22:00:00+00:00
2023-06-13 02:00:00+00:00,84.77,5,2023-06-12 22:00:00+00:00,2023-06-13 22:00:00+00:00
2023-06-13 03:00:00+00:00,90.04,6,2023-06-12 22:00:00+00:00,2023-06-13 22:00:00+00:00
2023-06-13 04:00:00+00:00,95.6,7,2023-06-12 22:00:00+00:00,2023-06-13 22:00:00+00:00
2023-06-13 05:00:00+00:00,117.2,8,2023-06-12 22:00:00+00:00,2023-06-13 22:00:00+00:00
2023-06-13 06:00:00+00:00,120.04,9,2023-06-12 22:00:00+00:00,2023-06-13 22:00:00+00:00
2023-06-13 07:00:00+00:00,103.12,10,2023-06-12 22:00:00+00:00,2023-06-13 22:00:00+00:00
2023-06-13 08:00:00+00:00,85.08,11,2023-06-12 22:00:00+00:00,2023-06-13 22:00:00+00:00
2023-06-13 09:00:00+00:00,74.99,12,2023-06-12 22:00:00+00:00,2023-06-13 22:00:00+00:00
2023-06-13 10:00:00+00:00,40.0,13,2023-06-12 22:00:00+00:00,2023-06-13 22:00:00+00:00
2023-06-13 11:00:00+00:00,30.43,14,2023-06-12 22:00:00+00:00,2023-06-13 22:00:00+00:00
2023-06-13 12:00:00+00:00,31.55,15,2023-06-12 22:00:00+00:00,2023-06-13 22:00:00+00:00
2023-06-13 13:00:00+00:00,60.04,16,2023-06-12 22:00:00+00:00,2023-06-13 22:00:00+00:00
2023-06-13 14:00:00+00:00,73.08,17,2023-06-12 22:00:00+00:00,2023-06-13 22:00:00+00:00
2023-06-13 15:00:00+00:00,84.6,18,2023-06-12 22:00:00+00:00,2023-06-13 22:00:00+00:00
2023-06-13 16:00:00+00:00,101.17,19,2023-06-12 22:00:00+00:00,2023-06-13 22:00:00+00:00
2023-06-13 17:00:00+00:00,111.95,20,2023-06-12 22:00:00+00:00,2023-06-13 22:00:00+00:00
2023-06-13 18:00:00+00:00,120.18,21,2023-06-12 22:00:00+00:00,2023-06-13 22:00:00+00:00
2023-06-13 19:00:00+00:00,114.81,22,2023-06-12 22:00:00+00:00,2023-06-13 22:00:00+00:00
2023-06-13 20:00:00+00:00,105.0,23,2023-06-12 22:00:00+00:00,2023-06-13 22:00:00+00:00
2023-06-13 21:00:00+00:00,98.38,24,2023-06-12 22:00:00+00:00,2023-06-13 22:00:00+00:00
2023-06-13 22:00:00+00:00,96.28,1,2023-06-13 22:00:00+00:00,2023-06-14 22:00:00+00:00
2023-06-13 23:00:00+00:00,88.68,2,2023-06-13 22:00:00+00:00,2023-06-14 22:00:00+00:00
2023-06-14 00:00:00+00:00,86.98,3,2023-06-13 22:00:00+00:00,2023-06-14 22:00:00+00:00
2023-06-14 01:00:00+00:00,86.25,4,2023-06-13 22:00:00+00:00,2023-06-14 22:00:00+00:00
2023-06-14 02:00:00+00:00,88.08,5,2023-06-13 22:00:00+00:00,2023-06-14 22:00:00+00:00
2023-06-14 03:00:00+00:00,97.66,6,2023-06-13 22:00:00+00:00,2023-06-14 22:00:00+00:00
2023-06-14 04:00:00+00:00,104.78,7,2023-06-13 22:00:00+00:00,2023-06-14 22:00:00+00:00
2023-06-14 05:00:00+00:00,135.08,8,2023-06-13 22:00:00+00:00,2023-06-14 22:00:00+00:00
2023-06-14 06:00:00+00:00,128.0,9,2023-06-13 22:00:00+00:00,2023-06-14 22:00:00+00:00
2023-06-14 07:00:00+00:00,103.32,10,2023-06-13 22:00:00+00:00,2023-06-14 22:00:00+00:00
2023-06-14 08:00:00+00:00,87.66,11,2023-06-13 22:00:00+00:00,2023-06-14 22:00:00+00:00
2023-06-14 09:00:00+00:00,77.79,12,2023-06-13 22:00:00+00:00,2023-06-14 22:00:00+00:00
2023-06-14 10:00:00+00:00,72.8,13,2023-06-13 22:00:00+00:00,2023-06-14 22:00:00+00:00
2023-06-14 11:00:00+00:00,74.8,14,2023-06-13 22:00:00+00:00,2023-06-14 22:00:00+00:00
2023-06-14 12:00:00+00:00,77.24,15,2023-06-13 22:00:00+00:00,2023-06-14 22:00:00+00:00
2023-06-14 13:00:00+00:00,76.51,16,2023-06-13 22:00:00+00:00,2023-06-14 22:00:00+00:00
2023-06-14 14:00:00+00:00,81.74,17,2023-06-13 22:00:00+00:00,2023-06-14 22:00:00+00:00
2023-06-14 15:00:00+00:00,96.3,18,2023-06-13 22:00:00+00:00,2023-06-14 22:00:00+00:00
2023-06-14 16:00:00+00:00,114.61,19,2023-06-13 22:00:00+00:00,2023-06-14 22:00:00+00:00
2023-06-14 17:00:00+00:00,130.0,20,2023-06-13 22:00:00+00:00,2023-06-14 22:00:00+00:00
2023-06-14 18:00:00+00:00,143.2,21,2023-06-13 22:00:00+00:00,2023-06-14 22:00:00+00:00
2023-06-14 19:00:00+00:00,138.03,22,2023-06-13 22:00:00+00:00,2023-06-14 22:00:00+00:00
2023-06-14 20:00:00+00:00,119.11,23,2023-06-13 22:00:00+00:00,2023-06-14 22:00:00+00:00
2023-06-14 21:00:00+00:00,108.41,24,2023-06-13 22:00:00+00:00,2023-06-14 22:00:00+00:00
2023-06-14 22:00:00+00:00,107.12,1,2023-06-14 22:00:00+00:00,2023-06-15 22:00:00+00:00
2023-06-14 23:00:00+00:00,102.77,2,2023-06-14 22:00:00+00:00,2023-06-15 22:00:00+00:00
2023-06-15 00:00:00+00:00,100.62,3,2023-06-14 22:00:00+00:00,2023-06-15 22:00:00+00:00
2023-06-15 01:00:00+00:00,100.38,4,2023-06-14 22:00:00+00:00,2023-06-15 22:00:00+00:00
2023-06-15 02:00:00+00:00,100.37,5,2023-06-14 22:00:00+00:00,2023-06-15 22:00:00+00:00
2023-06-15 03:00:00+00:00,99.9,6,2023-06-14 22:00:00+00:00,2023-06-15 22:00:00+00:00
2023-06-15 04:00:00+00:00,119.8,7,2023-06-14 22:00:00+00:00,2023-06-15 22:00:00+00:00
2023-06-15 05:00:00+00:00,135.94,8,2023-06-14 22:00:00+00:00,2023-06-15 22:00:00+00:00
2023-06-15 06:00:00+00:00,140.07,9,2023-06-14 22:00:00+00:00,2023-06-15 22:00:00+00:00
2023-06-15 07:00:00+00:00,116.0,10,2023-06-14 22:00:00+00:00,2023-06-15 22:00:00+00:00
2023-06-15 08:00:00+00:00,103.66,11,2023-06-14 22:00:00+00:00,2023-06-15 22:00:00+00:00
2023-06-15 09:00:00+00:00,98.02,12,2023-06-14 22:00:00+00:00,2023-06-15 22:00:00+00:00
2023-06-15 10:00:00+00:00,92.24,13,2023-06-14 22:00:00+00:00,2023-06-15 22:00:00+00:00
2023-06-15 11:00:00+00:00,90.0,14,2023-06-14 22:00:00+00:00,2023-06-15 22:00:00+00:00
2023-06-15 13:00:00+00:00,92.01,16,2023-06-14 22:00:00+00:00,2023-06-15 22:00:00+00:00
2023-06-15 14:00:00+00:00,96.75,17,2023-06-14 22:00:00+00:00,2023-06-15 22:00:00+00:00
2023-06-15 15:00:00+00:00,104.9,18,2023-06-14 22:00:00+00:00,2023-06-15 22:00:00+00:00
2023-06-15 16:00:00+00:00,125.39,19,2023-06-14 22:00:00+00:00,2023-06-15 22:00:00+00:00
2023-06-15 17:00:00+00:00,155.0,20,2023-06-14 22:00:00+00:00,2023-06-15 22:00:00+00:00
2023-06-15 18:00:00+00:00,175.76,21,2023-06-14 22:00:00+00:00,2023-06-15 22:00:00+00:00
2023-06-15 19:00:00+00:00,169.42,22,2023-06-14 22:00:00+00:00,2023-06-15 22:00:00+00:00
2023-06-15 20:00:00+00:00,149.63,23,2023-06-14 22:00:00+00:00,2023-06-15 22:00:00+00:00
2023-06-15 21:00:00+00:00,125.0,24,2023-06-14 22:00:00+00:00,2023-06-15 22:00:00+00:00
2023-06-15 22:00:00+00:00,126.16,1,2023-06-15 22:00:00+00:00,2023-06-16 22:00:00+00:00
2023-06-15 23:00:00+00:00,121.61,2,2023-06-15 22:00:00+00:00,2023-06-16 22:00:00+00:00
2023-06-16 00:00:00+00:00,115.59,3,2023-06-15 22:00:00+00:00,2023-06-16 22:00:00+00:00
2023-06-16 01:00:00+00:00,112.69,4,2023-06-15 22:00:00+00:00,2023-06-16 22:00:00+00:00
2023-06-16 02:00:00+00:00,113.08,5,2023-06-15 22:00:00+00:00,2023-06-16 22:00:00+00:00
2023-06-16 03:00:00+00:00,117.76,6,2023-06-15 22:00:00+00:00,2023-06-16 22:00:00+00:00
2023-06-16 04:00:00+00:00,141.97,7,2023-06-15 22:00:00+00:00,2023-06-16 22:00:00+00:00
2023-06-16 05:00:00+00:00,153.56,8,2023-06-15 22:00:00+00:00,2023-06-16 22:00:00+00:00
2023-06-16 06:00:00+00:00,145.59,9,2023-06-15 22:00:00+00:00,2023-06-16 22:00:00+00:00
2023-06-16 07:00:00+00:00,124.16,10,2023-06-15 22:00:00+00:00,2023-06-16 22:00:00+00:00
2023-06-16 08:00:00+00:00,112.2,11,2023-06-15 22:00:00+00:00,2023-06-16 22:00:00+00:00
2023-06-16 09:00:00+00:00,108.99,12,2023-06-15 22:00:00+00:00,2023-06-16 22:00:00+00:00
2023-06-16 10:00:00+00:00,107.35,13,2023-06-15 22:00:00+00:00,2023-06-16 22:00:00+00:00
2023-06-16 11:00:00+00:00,95.31,14,2023-06-15 22:00:00+00:00,2023-06-16 22:00:00+00:00
2023-06-16 12:00:00+00:00,94.79,15,2023-06-15 22:00:00+00:00,2023-06-16 22:00:00+00:00
2023-06-16 13:00:00+00:00,101.65,16,2023-06-15 22:00:00+00:00,2023-06-16 22:00:00+00:00
2023-06-16 14:00:00+00:00,108.46,17,2023-06-15 22:00:00+00:00,2023-06-16 22:00:00+00:00
2023-06-16 15:00:00+00:00,115.04,18,2023-06-15 22:00:00+00:00,2023-06-16 22:00:00+00:00
2023-06-16 16:00:00+00:00,135.35,19,2023-06-15 22:00:00+00:00,2023-06-16 22:00:00+00:00
2023-06-16 17:00:00+00:00,161.17,20,2023-06-15 22:00:00+00:00,2023-06-16 22:00:00+00:00
2023-06-16 18:00:00+00:00,175.1,21,2023-06-15 22:00:00+00:00,2023-06-16 22:00:00+00:00
2023-06-16 19:00:00+00:00,170.39,22,2023-06-15 22:00:00+00:00,2023-06-16 22:00:00+00:00
2023-06-16 20:00:00+00:00,152.0,23,2023-06-15 22:00:00+00:00,2023-06-16 22:00:00+00:00
2023-06-16 21:00:00+00:00,138.71,24,2023-06-15 22:00:00+00:00,2023-06-16 22:00:00+00:00
2023-06-16 22:00:00+00:00,130.81,1,2023-06-16 22:00:00+00:00,2023-06-17 22:00:00+00:00
2023-06-16 23:00:00+00:00,122.8,2,2023-06-16 22:00:00+00:00,2023-06-17 22:00:00+00:00
2023-06-17 00:00:00+00:00,120.0,3,2023-06-16 22:00:00+00:00,2023-06-17 22:00:00+00:00
2023-06-17 01:00:00+00:00,116.44,4,2023-06-16 22:00:00+00:00,2023-06-17 22:00:00+00:00
2023-06-17 02:00:00+00:00,111.07,5,2023-06-16 22:00:00+00:00,2023-06-17 22:00:00+00:00
2023-06-17 03:00:00+00:00,110.0,6,2023-06-16 22:00:00+00:00,2023-06-17 22:00:00+00:00
2023-06-17 04:00:00+00:00,110.3,7,2023-06-16 22:00:00+00:00,2023-06-17 22:00:00+00:00
2023-06-17 05:00:00+00:00,108.04,8,2023-06-16 22:00:00+00:00,2023-06-17 22:00:00+00:00
2023-06-17 06:00:00+00:00,101.0,9,2023-06-16 22:00:00+00:00,2023-06-17 22:00:00+00:00
2023-06-17 07:00:00+00:00,95.6,10,2023-06-16 22:00:00+00:00,2023-06-17 22:00:00+00:00
2023-06-17 08:00:00+00:00,85.0,11,2023-06-16 22:00:00+00:00,2023-06-17 22:00:00+00:00
2023-06-17 09:00:00+00:00,69.99,12,2023-06-16 22:00:00+00:00,2023-06-17 22:00:00+00:00
2023-06-17 10:00:00+00:00,59.36,13,2023-06-16 22:00:00+00:00,2023-06-17 22:00:00+00:00
2023-06-17 11:00:00+00:00,48.4,14,2023-06-16 22:00:00+00:00,2023-06-17 22:00:00+00:00
2023-06-17 12:00:00+00:00,39.38,15,2023-06-16 22:00:00+00:00,2023-06-17 22:00:00+00:00
2023-06-17 13:00:00+00:00,56.08,16,2023-06-16 22:00:00+00:00,2023-06-17 22:00:00+00:00
2023-06-17 14:00:00+00:00,85.0,17,2023-06-16 22:00:00+00:00,2023-06-17 22:00:00+00:00
2023-06-17 15:00:00+00:00,101.52,18,2023-06-16 22:00:00+00:00,2023-06-17 22:00:00+00:00
2023-06-17 16:00:00+00:00,115.31,19,2023-06-16 22:00:00+00:00,2023-06-17 22:00:00+00:00
2023-06-17 17:00:00+00:00,137.79,20,2023-06-16 22:00:00+00:00,2023-06-17 22:00:00+00:00
2023-06-17 18:00:00+00:00,146.97,21,2023-06-16 22:00:00+00:00,2023-06-17 22:00:00+00:00
2023-06-17 19:00:00+00:00,154.2,22,2023-06-16 22:00:00+00:00,2023-06-17 22:00:00+00:00
2023-06-17 20:00:00+00:00,146.07,23,2023-06-16 22:00:00+00:00,2023-06-17 22:00:00+00:00
2023-06-17 21:00:00+00:00,136.65,24,2023-06-16 22:00:00+00:00,2023-06-17 22:00:00+00:00
2023-06-17 22:00:00+00:00,128.48,1,2023-06-17 22:00:00+00:00,2023-06-18 22:00:00+00:00
2023-06-17 23:00:00+00:00,117.85,2,2023-06-17 22:00:00+00:00,2023-06-18 22:00:00+00:00
2023-06-18 00:00:00+00:00,110.44,3,2023-06-17 22:00:00+00:00,2023-06-18 22:00:00+00:00
2023-06-18 01:00:00+00:00,108.86,4,2023-06-17 22:00:00+00:00,2023-06-18 22:00:00+00:00
2023-06-18 02:00:00+00:00,104.0,5,2023-06-17 22:00:00+00:00,2023-06-18 22:00:00+00:00
2023-06-18 03:00:00+00:00,102.59,6,2023-06-17 22:00:00+00:00,2023-06-18 22:00:00+00:00
2023-06-18 04:00:00+00:00,98.34,7,2023-06-17 22:00:00+00:00,2023-06-18 22:00:00+00:00
2023-06-18 05:00:00+00:00,92.06,8,2023-06-17 22:00:00+00:00,2023-06-18 22:00:00+00:00
2023-06-18 06:00:00+00:00,85.0,9,2023-06-17 22:00:00+00:00,2023-06-18 22:00:00+00:00
2023-06-18 07:00:00+00:00,78.17,10,2023-06-17 22:00:00+00:00,2023-06-18 22:00:00+00:00
2023-06-18 08:00:00+00:00,63.36,11,2023-06-17 22:00:00+00:00,2023-06-18 22:00:00+00:00
2023-06-18 09:00:00+00:00,53.65,12,2023-06-17 22:00:00+00:00,2023-06-18 22:00:00+00:00
2023-06-18 10:00:00+00:00,45.8,13,2023-06-17 22:00:00+00:00,2023-06-18 22:00:00+00:00
2023-06-18 11:00:00+00:00,29.38,14,2023-06-17 22:00:00+00:00,2023-06-18 22:00:00+00:00
2023-06-18 12:00:00+00:00,25.0,15,2023-06-17 22:00:00+00:00,2023-06-18 22:00:00+00:00
2023-06-18 13:00:00+00:00,49.0,16,2023-06-17 22:00:00+00:00,2023-06-18 22:00:00+00:00
2023-06-18 14:00:00+00:00,75.0,17,2023-06-17 22:00:00+00:00,2023-06-18 22:00:00+00:00
2023-06-18 15:00:00+00:00,93.63,18,2023-06-17 22:00:00+00:00,2023-06-18 22:00:00+00:00
2023-06-18 16:00:00+00:00,107.23,19,2023-06-17 22:00:00+00:00,2023-06-18 22:00:00+00:00
2023-06-18 17:00:00+00:00,129.9,20,2023-06-17 22:00:00+00:00,2023-06-18 22:00:00+00:00
2023-06-18 18:00:00+00:00,138.71,21,2023-06-17 22:00:00+00:00,2023-06-18 22:00:00+00:00
2023-06-18 19:00:00+00:00,137.11,22,2023-06-17 22:00:00+00:00,2023-06-18 22:00:00+00:00
2023-06-18 20:00:00+00:00,137.38,23,2023-06-17 22:00:00+00:00,2023-06-18 22:00:00+00:00
2023-06-18 21:00:00+00:00,117.6,24,2023-06-17 22:00:00+00:00,2023-06-18 22:00:00+00:00
2023-06-18 22:00:00+00:00,99.95,1,2023-06-18 22:00:00+00:00,2023-06-19 22:00:00+00:00
2023-06-18 23:00:00+00:00,93.66,2,2023-06-18 22:00:00+00:00,2023-06-19 22:00:00+00:00
2023-06-19 00:00:00+00:00,88.57,3,2023-06-18 22:00:00+00:00,2023-06-19 22:00:00+00:00
2023-06-19 01:00:00+00:00,89.66,4,2023-06-18 22:00:00+00:00,2023-06-19 22:00:00+00:00
2023-06-19 02:00:00+00:00,93.8,5,2023-06-18 22:00:00+00:00,2023-06-19 22:00:00+00:00
2023-06-19 03:00:00+00:00,95.87,6,2023-06-18 22:00:00+00:00,2023-06-19 22:00:00+00:00
2023-06-19 04:00:00+00:00,117.01,7,2023-06-18 22:00:00+00:00,2023-06-19 22:00:00+00:00
2023-06-19 05:00:00+00:00,133.85,8,2023-06-18 22:00:00+00:00,2023-06-19 22:00:00+00:00
2023-06-19 06:00:00+00:00,132.58,9,2023-06-18 22:00:00+00:00,2023-06-19 22:00:00+00:00
2023-06-19 07:00:00+00:00,115.62,10,2023-06-18 22:00:00+00:00,2023-06-19 22:00:00+00:00
2023-06-19 08:00:00+00:00,104.09,11,2023-06-18 22:00:00+00:00,2023-06-19 22:00:00+00:00
2023-06-19 09:00:00+00:00,97.24,12,2023-06-18 22:00:00+00:00,2023-06-19 22:00:00+00:00
2023-06-19 10:00:00+00:00,93.3,13,2023-06-18 22:00:00+00:00,2023-06-19 22:00:00+00:00
2023-06-19 11:00:00+00:00,90.01,14,2023-06-18 22:00:00+00:00,2023-06-19 22:00:00+00:00
2023-06-19 12:00:00+00:00,88.35,15,2023-06-18 22:00:00+00:00,2023-06-19 22:00:00+00:00
2023-06-19 13:00:00+00:00,94.21,16,2023-06-18 22:00:00+00:00,2023-06-19 22:00:00+00:00
2023-06-19 14:00:00+00:00,98.16,17,2023-06-18 22:00:00+00:00,2023-06-19 22:00:00+00:00
2023-06-19 15:00:00+00:00,110.08,18,2023-06-18 22:00:00+00:00,2023-06-19 22:00:00+00:00
2023-06-19 16:00:00+00:00,137.0,19,2023-06-18 22:00:00+00:00,2023-06-19 22:00:00+00:00
2023-06-19 17:00:00+00:00,170.07,20,2023-06-18 22:00:00+00:00,2023-06-19 22:00:00+00:00
2023-06-19 18:00:00+00:00,197.77,21,2023-06-18 22:00:00+00:00,2023-06-19 22:00:00+00:00
2023-06-19 19:00:00+00:00,175.78,22,2023-06-18 22:00:00+00:00,2023-06-19 22:00:00+00:00
2023-06-19 20:00:00+00:00,149.94,23,2023-06-18 22:00:00+00:00,2023-06-19 22:00:00+00:00
2023-06-19 21:00:00+00:00,135.0,24,2023-06-18 22:00:00+00:00,2023-06-19 22:00:00+00:00
2023-06-19 22:00:00+00:00,121.19,1,2023-06-19 22:00:00+00:00,2023-06-20 22:00:00+00:00
2023-06-19 23:00:00+00:00,110.63,2,2023-06-19 22:00:00+00:00,2023-06-20 22:00:00+00:00
2023-06-20 00:00:00+00:00,104.15,3,2023-06-19 22:00:00+00:00,2023-06-20 22:00:00+00:00
2023-06-20 01:00:00+00:00,101.29,4,2023-06-19 22:00:00+00:00,2023-06-20 22:00:00+00:00
2023-06-20 02:00:00+00:00,100.89,5,2023-06-19 22:00:00+00:00,2023-06-20 22:00:00+00:00
2023-06-20 03:00:00+00:00,101.07,6,2023-06-19 22:00:00+00:00,2023-06-20 22:00:00+00:00
2023-06-20 04:00:00+00:00,121.64,7,2023-06-19 22:00:00+00:00,2023-06-20 22:00:00+00:00
2023-06-20 05:00:00+00:00,143.34,8,2023-06-19 22:00:00+00:00,2023-06-20 22:00:00+00:00
2023-06-20 06:00:00+00:00,146.71,9,2023-06-19 22:00:00+00:00,2023-06-20 22:00:00+00:00
2023-06-20 07:00:00+00:00,130.94,10,2023-06-19 22:00:00+00:00,2023-06-20 22:00:00+00:00
2023-06-20 08:00:00+00:00,114.09,11,2023-06-19 22:00:00+00:00,2023-06-20 22:00:00+00:00
2023-06-20 09:00:00+00:00,101.98,12,2023-06-19 22:00:00+00:00,2023-06-20 22:00:00+00:00
2023-06-20 10:00:00+00:00,100.02,13,2023-06-19 22:00:00+00:00,2023-06-20 22:00:00+00:00
2023-06-20 11:00:00+00:00,89.9,14,2023-06-19 22:00:00+00:00,2023-06-20 22:00:00+00:00
2023-06-20 12:00:00+00:00,92.26,15,2023-06-19 22:00:00+00:00,2023-06-20 22:00:00+00:00
2023-06-20 13:00:00+00:00,99.9,16,2023-06-19 22:00:00+00:00,2023-06-20 22:00:00+00:00
2023-06-20 14:00:00+00:00,105.34,17,2023-06-19 22:00:00+00:00,2023-06-20 22:00:00+00:00
2023-06-20 15:00:00+00:00,118.63,18,2023-06-19 22:00:00+00:00,2023-06-20 22:00:00+00:00
2023-06-20 16:00:00+00:00,140.0,19,2023-06-19 22:00:00+00:00,2023-06-20 22:00:00+00:00
2023-06-20 17:00:00+00:00,160.59,20,2023-06-19 22:00:00+00:00,2023-06-20 22:00:00+00:00
2023-06-20 18:00:00+00:00,165.08,21,2023-06-19 22:00:00+00:00,2023-06-20 22:00:00+00:00
2023-06-20 19:00:00+00:00,150.0,22,2023-06-19 22:00:00+00:00,2023-06-20 22:00:00+00:00
2023-06-20 20:00:00+00:00,138.0,23,2023-06-19 22:00:00+00:00,2023-06-20 22:00:00+00:00
2023-06-20 21:00:00+00:00,120.24,24,2023-06-19 22:00:00+00:00,2023-06-20 22:00:00+00:00
2023-06-20 22:00:00+00:00,119.7,1,2023-06-20 22:00:00+00:00,2023-06-21 22:00:00+00:00
2023-06-20 23:00:00+00:00,110.77,2,2023-06-20 22:00:00+00:00,2023-06-21 22:00:00+00:00
2023-06-21 00:00:00+00:00,104.8,3,2023-06-20 22:00:00+00:00,2023-06-21 22:00:00+00:00
2023-06-21 01:00:00+00:00,103.92,4,2023-06-20 22:00:00+00:00,2023-06-21 22:00:00+00:00
2023-06-21 02:00:00+00:00,103.76,5,2023-06-20 22:00:00+00:00,2023-06-21 22:00:00+00:00
2023-06-21 03:00:00+00:00,107.02,6,2023-06-20 22:00:00+00:00,2023-06-21 22:00:00+00:00
2023-06-21 04:00:00+00:00,126.56,7,2023-06-20 22:00:00+00:00,2023-06-21 22:00:00+00:00
2023-06-21 05:00:00+00:00,137.67,8,2023-06-20 22:00:00+00:00,2023-06-21 22:00:00+00:00
2023-06-21 06:00:00+00:00,144.55,9,2023-06-20 22:00:00+00:00,2023-06-21 22:00:00+00:00
2023-06-21 07:00:00+00:00,126.16,10,2023-06-20 22:00:00+00:00,2023-06-21 22:00:00+00:00
2023-06-21 08:00:00+00:00,103.02,11,2023-06-20 22:00:00+00:00,2023-06-21 22:00:00+00:00
2023-06-21 09:00:00+00:00,91.16,12,2023-06-20 22:00:00+00:00,2023-06-21 22:00:00+00:00
2023-06-21 10:00:00+00:00,89.12,13,2023-06-20 22:00:00+00:00,2023-06-21 22:00:00+00:00
2023-06-21 11:00:00+00:00,86.5,14,2023-06-20 22:00:00+00:00,2023-06-21 22:00:00+00:00
2023-06-21 12:00:00+00:00,86.64,15,2023-06-20 22:00:00+00:00,2023-06-21 22:00:00+00:00
2023-06-21 13:00:00+00:00,94.6,16,2023-06-20 22:00:00+00:00,2023-06-21 22:00:00+00:00
2023-06-21 14:00:00+00:00,100.16,17,2023-06-20 22:00:00+00:00,2023-06-21 22:00:00+00:00
2023-06-21 15:00:00+00:00,113.62,18,2023-06-20 22:00:00+00:00,2023-06-21 22:00:00+00:00
2023-06-21 16:00:00+00:00,138.17,19,2023-06-20 22:00:00+00:00,2023-06-21 22:00:00+00:00
2023-06-21 17:00:00+00:00,167.5,20,2023-06-20 22:00:00+00:00,2023-06-21 22:00:00+00:00
2023-06-21 18:00:00+00:00,190.24,21,2023-06-20 22:00:00+00:00,2023-06-21 22:00:00+00:00
2023-06-21 19:00:00+00:00,180.66,22,2023-06-20 22:00:00+00:00,2023-06-21 22:00:00+00:00
2023-06-21 20:00:00+00:00,155.57,23,2023-06-20 22:00:00+00:00,2023-06-21 22:00:00+00:00
2023-06-21 21:00:00+00:00,134.86,24,2023-06-20 22:00:00+00:00,2023-06-21 22:00:00+00:00
2023-06-21 22:00:00+00:00,132.91,1,2023-06-21 22:00:00+00:00,2023-06-22 22:00:00+00:00
2023-06-21 23:00:00+00:00,123.42,2,2023-06-21 22:00:00+00:00,2023-06-22 22:00:00+00:00
2023-06-22 00:00:00+00:00,115.4,3,2023-06-21 22:00:00+00:00,2023-06-22 22:00:00+00:00
2023-06-22 01:00:00+00:00,111.33,4,2023-06-21 22:00:00+00:00,2023-06-22 22:00:00+00:00
2023-06-22 02:00:00+00:00,107.02,5,2023-06-21 22:00:00+00:00,2023-06-22 22:00:00+00:00
2023-06-22 03:00:00+00:00,115.19,6,2023-06-21 22:00:00+00:00,2023-06-22 22:00:00+00:00
2023-06-22 04:00:00+00:00,136.02,7,2023-06-21 22:00:00+00:00,2023-06-22 22:00:00+00:00
2023-06-22 05:00:00+00:00,151.72,8,2023-06-21 22:00:00+00:00,2023-06-22 22:00:00+00:00
2023-06-22 06:00:00+00:00,153.43,9,2023-06-21 22:00:00+00:00,2023-06-22 22:00:00+00:00
2023-06-22 07:00:00+00:00,130.08,10,2023-06-21 22:00:00+00:00,2023-06-22 22:00:00+00:00
2023-06-22 08:00:00+00:00,116.0,11,2023-06-21 22:00:00+00:00,2023-06-22 22:00:00+00:00
2023-06-22 09:00:00+00:00,104.49,12,2023-06-21 22:00:00+00:00,2023-06-22 22:00:00+00:00
2023-06-22 10:00:00+00:00,102.91,13,2023-06-21 22:00:00+00:00,2023-06-22 22:00:00+00:00
2023-06-22 11:00:00+00:00,106.79,14,2023-06-21 22:00:00+00:00,2023-06-22 22:00:00+00:00
2023-06-22 12:00:00+00:00,106.46,15,2023-06-21 22:00:00+00:00,2023-06-22 22:00:00+00:00
2023-06-22 13:00:00+00:00,106.79,16,2023-06-21 22:00:00+00:00,2023-06-22 22:00:00+00:00
2023-06-22 14:00:00+00:00,108.19,17,2023-06-21 22:00:00+00:00,2023-06-22 22:00:00+00:00
2023-06-22 15:00:00+00:00,125.77,18,2023-06-21 22:00:00+00:00,2023-06-22 22:00:00+00:00
2023-06-22 16:00:00+00:00,137.3,19,2023-06-21 22:00:00+00:00,2023-06-22 22:00:00+00:00
2023-06-22 17:00:00+00:00,157.43,20,2023-06-21 22:00:00+00:00,2023-06-22 22:00:00+00:00
2023-06-22 18:00:00+00:00,155.23,21,2023-06-21 22:00:00+00:00,2023-06-22 22:00:00+00:00
2023-06-22 19:00:00+00:00,147.18,22,2023-06-21 22:00:00+00:00,2023-06-22 22:00:00+00:00
2023-06-22 20:00:00+00:00,134.34,23,2023-06-21 22:00:00+00:00,2023-06-22 22:00:00+00:00
2023-06-22 21:00:00+00:00,120.86,24,2023-06-21 22:00:00+00:00,2023-06-22 22:00:00+00:00
2023-06-22 22:00:00+00:00,103.86,1,2023-06-22 22:00:00+00:00,2023-06-23 22:00:00+00:00
2023-06-22 23:00:00+00:00,95.2,2,2023-06-22 22:00:00+00:00,2023-06-23 22:00:00+00:00
2023-06-23 00:00:00+00:00,91.79,3,2023-06-22 22:00:00+00:00,2023-06-23 22:00:00+00:00
2023-06-23 01:00:00+00:00,91.28,4,2023-06-22 22:00:00+00:00,2023-06-23 22:00:00+00:00
2023-06-23 02:00:00+00:00,90.94,5,2023-06-22 22:00:00+00:00,2023-06-23 22:00:00+00:00
2023-06-23 03:00:00+00:00,94.56,6,2023-06-22 22:00:00+00:00,2023-06-23 22:00:00+00:00
2023-06-23 04:00:00+00:00,115.09,7,2023-06-22 22:00:00+00:00,2023-06-23 22:00:00+00:00
2023-06-23 05:00:00+00:00,128.86,8,2023-06-22 22:00:00+00:00,2023-06-23 22:00:00+00:00
2023-06-23 06:00:00+00:00,130.87,9,2023-06-22 22:00:00+00:00,2023-06-23 22:00:00+00:00
2023-06-23 07:00:00+00:00,121.65,10,2023-06-22 22:00:00+00:00,2023-06-23 22:00:00+00:00
2023-06-23 08:00:00+00:00,106.27,11,2023-06-22 22:00:00+00:00,2023-06-23 22:00:00+00:00
2023-06-23 09:00:00+00:00,98.1,12,2023-06-22 22:00:00+00:00,2023-06-23 22:00:00+00:00
2023-06-23 10:00:00+00:00,92.89,13,2023-06-22 22:00:00+00:00,2023-06-23 22:00:00+00:00
2023-06-23 11:00:00+00:00,86.71,14,2023-06-22 22:00:00+00:00,2023-06-23 22:00:00+00:00
2023-06-23 12:00:00+00:00,79.07,15,2023-06-22 22:00:00+00:00,2023-06-23 22:00:00+00:00
2023-06-23 13:00:00+00:00,78.33,16,2023-06-22 22:00:00+00:00,2023-06-23 22:00:00+00:00
2023-06-23 14:00:00+00:00,85.84,17,2023-06-22 22:00:00+00:00,2023-06-23 22:00:00+00:00
2023-06-23 15:00:00+00:00,96.24,18,2023-06-22 22:00:00+00:00,2023-06-23 22:00:00+00:00
2023-06-23 16:00:00+00:00,107.55,19,2023-06-22 22:00:00+00:00,2023-06-23 22:00:00+00:00
2023-06-23 17:00:00+00:00,129.68,20,2023-06-22 22:00:00+00:00,2023-06-23 22:00:00+00:00
2023-06-23 18:00:00+00:00,137.1,21,2023-06-22 22:00:00+00:00,2023-06-23 22:00:00+00:00
2023-06-23 19:00:00+00:00,134.99,22,2023-06-22 22:00:00+00:00,2023-06-23 22:00:00+00:00
2023-06-23 20:00:00+00:00,130.54,23,2023-06-22 22:00:00+00:00,2023-06-23 22:00:00+00:00
2023-06-23 21:00:00+00:00,122.22,24,2023-06-22 22:00:00+00:00,2023-06-23 22:00:00+00:00
2023-06-23 22:00:00+00:00,117.34,1,2023-06-23 22:00:00+00:00,2023-06-24 22:00:00+00:00
2023-06-23 23:00:00+00:00,109.72,2,2023-06-23 22:00:00+00:00,2023-06-24 22:00:00+00:00
2023-06-24 00:00:00+00:00,102.89,3,2023-06-23 22:00:00+00:00,2023-06-24 22:00:00+00:00
2023-06-24 01:00:00+00:00,100.31,4,2023-06-23 22:00:00+00:00,2023-06-24 22:00:00+00:00
2023-06-24 02:00:00+00:00,94.33,5,2023-06-23 22:00:00+00:00,2023-06-24 22:00:00+00:00
2023-06-24 03:00:00+00:00,92.51,6,2023-06-23 22:00:00+00:00,2023-06-24 22:00:00+00:00
2023-06-24 04:00:00+00:00,92.29,7,2023-06-23 22:00:00+00:00,2023-06-24 22:00:00+00:00
2023-06-24 05:00:00+00:00,92.3,8,2023-06-23 22:00:00+00:00,2023-06-24 22:00:00+00:00
2023-06-24 06:00:00+00:00,90.57,9,2023-06-23 22:00:00+00:00,2023-06-24 22:00:00+00:00
2023-06-24 07:00:00+00:00,81.69,10,2023-06-23 22:00:00+00:00,2023-06-24 22:00:00+00:00
2023-06-24 08:00:00+00:00,57.64,11,2023-06-23 22:00:00+00:00,2023-06-24 22:00:00+00:00
2023-06-24 09:00:00+00:00,25.0,12,2023-06-23 22:00:00+00:00,2023-06-24 22:00:00+00:00
2023-06-24 10:00:00+00:00,14.99,13,2023-06-23 22:00:00+00:00,2023-06-24 22:00:00+00:00
2023-06-24 11:00:00+00:00,1.9,14,2023-06-23 22:00:00+00:00,2023-06-24 22:00:00+00:00
2023-06-24 12:00:00+00:00,0.31,15,2023-06-23 22:00:00+00:00,2023-06-24 22:00:00+00:00
2023-06-24 13:00:00+00:00,10.0,16,2023-06-23 22:00:00+00:00,2023-06-24 22:00:00+00:00
2023-06-24 14:00:00+00:00,28.2,17,2023-06-23 22:00:00+00:00,2023-06-24 22:00:00+00:00
2023-06-24 15:00:00+00:00,80.98,18,2023-06-23 22:00:00+00:00,2023-06-24 22:00:00+00:00
2023-06-24 16:00:00+00:00,98.74,19,2023-06-23 22:00:00+00:00,2023-06-24 22:00:00+00:00
2023-06-24 17:00:00+00:00,127.01,20,2023-06-23 22:00:00+00:00,2023-06-24 22:00:00+00:00
2023-06-24 18:00:00+00:00,138.65,21,2023-06-23 22:00:00+00:00,2023-06-24 22:00:00+00:00
2023-06-24 19:00:00+00:00,146.2,22,2023-06-23 22:00:00+00:00,2023-06-24 22:00:00+00:00
2023-06-24 20:00:00+00:00,130.14,23,2023-06-23 22:00:00+00:00,2023-06-24 22:00:00+00:00
2023-06-24 21:00:00+00:00,118.31,24,2023-06-23 22:00:00+00:00,2023-06-24 22:00:00+00:00
2023-06-24 22:00:00+00:00,121.06,1,2023-06-24 22:00:00+00:00,2023-06-25 22:00:00+00:00
2023-06-24 23:00:00+00:00,111.9,2,2023-06-24 22:00:00+00:00,2023-06-25 22:00:00+00:00
2023-06-25 00:00:00+00:00,106.8,3,2023-06-24 22:00:00+00:00,2023-06-25 22:00:00+00:00
2023-06-25 01:00:00+00:00,105.47,4,2023-06-24 22:00:00+00:00,2023-06-25 22:00:00+00:00
2023-06-25 02:00:00+00:00,101.12,5,2023-06-24 22:00:00+00:00,2023-06-25 22:00:00+00:00
2023-06-25 03:00:00+00:00,99.5,6,2023-06-24 22:00:00+00:00,2023-06-25 22:00:00+00:00
2023-06-25 04:00:00+00:00,86.14,7,2023-06-24 22:00:00+00:00,2023-06-25 22:00:00+00:00
2023-06-25 05:00:00+00:00,78.0,8,2023-06-24 22:00:00+00:00,2023-06-25 22:00:00+00:00
2023-06-25 06:00:00+00:00,54.0,9,2023-06-24 22:00:00+00:00,2023-06-25 22:00:00+00:00
2023-06-25 07:00:00+00:00,32.55,10,2023-06-24 22:00:00+00:00,2023-06-25 22:00:00+00:00
2023-06-25 08:00:00+00:00,9.69,11,2023-06-24 22:00:00+00:00,2023-06-25 22:00:00+00:00
2023-06-25 09:00:00+00:00,0.1,12,2023-06-24 22:00:00+00:00,2023-06-25 22:00:00+00:00
2023-06-25 10:00:00+00:00,0.0,13,2023-06-24 22:00:00+00:00,2023-06-25 22:00:00+00:00
2023-06-25 11:00:00+00:00,-0.1,14,2023-06-24 22:00:00+00:00,2023-06-25 22:00:00+00:00
2023-06-25 13:00:00+00:00,0.0,16,2023-06-24 22:00:00+00:00,2023-06-25 22:00:00+00:00
2023-06-25 14:00:00+00:00,9.69,17,2023-06-24 22:00:00+00:00,2023-06-25 22:00:00+00:00
2023-06-25 15:00:00+00:00,71.05,18,2023-06-24 22:00:00+00:00,2023-06-25 22:00:00+00:00
2023-06-25 16:00:00+00:00,105.09,19,2023-06-24 22:00:00+00:00,2023-06-25 22:00:00+00:00
2023-06-25 17:00:00+00:00,122.85,20,2023-06-24 22:00:00+00:00,2023-06-25 22:00:00+00:00
2023-06-25 18:00:00+00:00,153.81,21,2023-06-24 22:00:00+00:00,2023-06-25 22:00:00+00:00
2023-06-25 19:00:00+00:00,163.44,22,2023-06-24 22:00:00+00:00,2023-06-25 22:00:00+00:00
2023-06-25 20:00:00+00:00,143.25,23,2023-06-24 22:00:00+00:00,2023-06-25 22:00:00+00:00
2023-06-25 21:00:00+00:00,118.98,24,2023-06-24 22:00:00+00:00,2023-06-25 22:00:00+00:00
2023-06-25 22:00:00+00:00,115.14,1,2023-06-25 22:00:00+00:00,2023-06-26 22:00:00+00:00
2023-06-25 23:00:00+00:00,106.0,2,2023-06-25 22:00:00+00:00,2023-06-26 22:00:00+00:00
2023-06-26 00:00:00+00:00,93.3,3,2023-06-25 22:00:00+00:00,2023-06-26 22:00:00+00:00
2023-06-26 01:00:00+00:00,83.71,4,2023-06-25 22:00:00+00:00,2023-06-26 22:00:00+00:00
2023-06-26 02:00:00+00:00,83.63,5,2023-06-25 22:00:00+00:00,2023-06-26 22:00:00+00:00
2023-06-26 03:00:00+00:00,99.21,6,2023-06-25 22:00:00+00:00,2023-06-26 22:00:00+00:00
2023-06-26 04:00:00+00:00,104.97,7,2023-06-25 22:00:00+00:00,2023-06-26 22:00:00+00:00
2023-06-26 05:00:00+00:00,130.34,8,2023-06-25 22:00:00+00:00,2023-06-26 22:00:00+00:00
2023-06-26 06:00:00+00:00,119.95,9,2023-06-25 22:00:00+00:00,2023-06-26 22:00:00+00:00
2023-06-26 07:00:00+00:00,101.52,10,2023-06-25 22:00:00+00:00,2023-06-26 22:00:00+00:00
2023-06-26 08:00:00+00:00,87.9,11,2023-06-25 22:00:00+00:00,2023-06-26 22:00:00+00:00
2023-06-26 09:00:00+00:00,81.4,12,2023-06-25 22:00:00+00:00,2023-06-26 22:00:00+00:00
2023-06-26 10:00:00+00:00,25.0,13,2023-06-25 22:00:00+00:00,2023-06-26 22:00:00+00:00
2023-06-26 11:00:00+00:00,30.0,14,2023-06-25 22:00:00+00:00,2023-06-26 22:00:00+00:00
2023-06-26 12:00:00+00:00,44.51,15,2023-06-25 22:00:00+00:00,2023-06-26 22:00:00+00:00
2023-06-26 13:00:00+00:00,38.03,16,2023-06-25 22:00:00+00:00,2023-06-26 22:00:00+00:00
2023-06-26 14:00:00+00:00,62.37,17,2023-06-25 22:00:00+00:00,2023-06-26 22:00:00+00:00
2023-06-26 15:00:00+00:00,83.48,18,2023-06-25 22:00:00+00:00,2023-06-26 22:00:00+00:00
2023-06-26 16:00:00+00:00,97.0,19,2023-06-25 22:00:00+00:00,2023-06-26 22:00:00+00:00
2023-06-26 17:00:00+00:00,109.43,20,2023-06-25 22:00:00+00:00,2023-06-26 22:00:00+00:00
2023-06-26 18:00:00+00:00,119.9,21,2023-06-25 22:00:00+00:00,2023-06-26 22:00:00+00:00
2023-06-26 19:00:00+00:00,130.0,22,2023-06-25 22:00:00+00:00,2023-06-26 22:00:00+00:00
2023-06-26 20:00:00+00:00,129.54,23,2023-06-25 22:00:00+00:00,2023-06-26 22:00:00+00:00
2023-06-26 21:00:00+00:00,118.04,24,2023-06-25 22:00:00+00:00,2023-06-26 22:00:00+00:00
2023-06-26 22:00:00+00:00,114.28,1,2023-06-26 22:00:00+00:00,2023-06-27 22:00:00+00:00
2023-06-26 23:00:00+00:00,100.14,2,2023-06-26 22:00:00+00:00,2023-06-27 22:00:00+00:00
2023-06-27 00:00:00+00:00,93.03,3,2023-06-26 22:00:00+00:00,2023-06-27 22:00:00+00:00
2023-06-27 01:00:00+00:00,93.59,4,2023-06-26 22:00:00+00:00,2023-06-27 22:00:00+00:00
2023-06-27 02:00:00+00:00,89.2,5,2023-06-26 22:00:00+00:00,2023-06-27 22:00:00+00:00
2023-06-27 03:00:00+00:00,92.0,6,2023-06-26 22:00:00+00:00,2023-06-27 22:00:00+00:00
2023-06-27 04:00:00+00:00,115.29,7,2023-06-26 22:00:00+00:00,2023-06-27 22:00:00+00:00
2023-06-27 05:00:00+00:00,130.0,8,2023-06-26 22:00:00+00:00,2023-06-27 22:00:00+00:00
2023-06-27 06:00:00+00:00,127.04,9,2023-06-26 22:00:00+00:00,2023-06-27 22:00:00+00:00
2023-06-27 07:00:00+00:00,102.24,10,2023-06-26 22:00:00+00:00,2023-06-27 22:00:00+00:00
2023-06-27 08:00:00+00:00,90.0,11,2023-06-26 22:00:00+00:00,2023-06-27 22:00:00+00:00
2023-06-27 09:00:00+00:00,80.27,12,2023-06-26 22:00:00+00:00,2023-06-27 22:00:00+00:00
2023-06-27 10:00:00+00:00,73.05,13,2023-06-26 22:00:00+00:00,2023-06-27 22:00:00+00:00
2023-06-27 11:00:00+00:00,63.46,14,2023-06-26 22:00:00+00:00,2023-06-27 22:00:00+00:00
2023-06-27 12:00:00+00:00,68.12,15,2023-06-26 22:00:00+00:00,2023-06-27 22:00:00+00:00
2023-06-27 13:00:00+00:00,80.28,16,2023-06-26 22:00:00+00:00,2023-06-27 22:00:00+00:00
2023-06-27 14:00:00+00:00,89.05,17,2023-06-26 22:00:00+00:00,2023-06-27 22:00:00+00:00
2023-06-27 15:00:00+00:00,96.4,18,2023-06-26 22:00:00+00:00,2023-06-27 22:00:00+00:00
2023-06-27 16:00:00+00:00,113.57,19,2023-06-26 22:00:00+00:00,2023-06-27 22:00:00+00:00
2023-06-27 17:00:00+00:00,130.41,20,2023-06-26 22:00:00+00:00,2023-06-27 22:00:00+00:00
2023-06-27 18:00:00+00:00,134.53,21,2023-06-26 22:00:00+00:00,2023-06-27 22:00:00+00:00
2023-06-27 19:00:00+00:00,130.3,22,2023-06-26 22:00:00+00:00,2023-06-27 22:00:00+00:00
2023-06-27 20:00:00+00:00,125.06,23,2023-06-26 22:00:00+00:00,2023-06-27 22:00:00+00:00
2023-06-27 21:00:00+00:00,116.16,24,2023-06-26 22:00:00+00:00,2023-06-27 22:00:00+00:00
2023-06-27 22:00:00+00:00,98.05,1,2023-06-27 22:00:00+00:00,2023-06-28 22:00:00+00:00
2023-06-27 23:00:00+00:00,90.58,2,2023-06-27 22:00:00+00:00,2023-06-28 22:00:00+00:00
2023-06-28 00:00:00+00:00,87.07,3,2023-06-27 22:00:00+00:00,2023-06-28 22:00:00+00:00
2023-06-28 01:00:00+00:00,86.22,4,2023-06-27 22:00:00+00:00,2023-06-28 22:00:00+00:00
2023-06-28 02:00:00+00:00,87.12,5,2023-06-27 22:00:00+00:00,2023-06-28 22:00:00+00:00
2023-06-28 03:00:00+00:00,93.95,6,2023-06-27 22:00:00+00:00,2023-06-28 22:00:00+00:00
2023-06-28 04:00:00+00:00,113.8,7,2023-06-27 22:00:00+00:00,2023-06-28 22:00:00+00:00
2023-06-28 05:00:00+00:00,130.27,8,2023-06-27 22:00:00+00:00,2023-06-28 22:00:00+00:00
2023-06-28 06:00:00+00:00,127.71,9,2023-06-27 22:00:00+00:00,2023-06-28 22:00:00+00:00
2023-06-28 07:00:00+00:00,113.65,10,2023-06-27 22:00:00+00:00,2023-06-28 22:00:00+00:00
2023-06-28 08:00:00+00:00,101.89,11,2023-06-27 22:00:00+00:00,2023-06-28 22:00:00+00:00
2023-06-28 09:00:00+00:00,99.3,12,2023-06-27 22:00:00+00:00,2023-06-28 22:00:00+00:00
2023-06-28 10:00:00+00:00,101.18,13,2023-06-27 22:00:00+00:00,2023-06-28 22:00:00+00:00
2023-06-28 11:00:00+00:00,97.42,14,2023-06-27 22:00:00+00:00,2023-06-28 22:00:00+00:00
2023-06-28 12:00:00+00:00,95.59,15,2023-06-27 22:00:00+00:00,2023-06-28 22:00:00+00:00
2023-06-28 13:00:00+00:00,95.39,16,2023-06-27 22:00:00+00:00,2023-06-28 22:00:00+00:00
2023-06-28 14:00:00+00:00,97.6,17,2023-06-27 22:00:00+00:00,2023-06-28 22:00:00+00:00
2023-06-28 15:00:00+00:00,107.08,18,2023-06-27 22:00:00+00:00,2023-06-28 22:00:00+00:00
2023-06-28 16:00:00+00:00,128.14,19,2023-06-27 22:00:00+00:00,2023-06-28 22:00:00+00:00
2023-06-28 17:00:00+00:00,153.25,20,2023-06-27 22:00:00+00:00,2023-06-28 22:00:00+00:00
2023-06-28 18:00:00+00:00,167.62,21,2023-06-27 22:00:00+00:00,2023-06-28 22:00:00+00:00
2023-06-28 19:00:00+00:00,159.1,22,2023-06-27 22:00:00+00:00,2023-06-28 22:00:00+00:00
2023-06-28 20:00:00+00:00,140.0,23,2023-06-27 22:00:00+00:00,2023-06-28 22:00:00+00:00
2023-06-28 21:00:00+00:00,121.1,24,2023-06-27 22:00:00+00:00,2023-06-28 22:00:00+00:00
2023-06-28 22:00:00+00:00,119.46,1,2023-06-28 22:00:00+00:00,2023-06-29 22:00:00+00:00
2023-06-28 23:00:00+00:00,110.06,2,2023-06-28 22:00:00+00:00,2023-06-29 22:00:00+00:00
2023-06-29 00:00:00+00:00,101.72,3,2023-06-28 22:00:00+00:00,2023-06-29 22:00:00+00:00
2023-06-29 01:00:00+00:00,98.04,4,2023-06-28 22:00:00+00:00,2023-06-29 22:00:00+00:00
2023-06-29 02:00:00+00:00,99.64,5,2023-06-28 22:00:00+00:00,2023-06-29 22:00:00+00:00
2023-06-29 03:00:00+00:00,104.23,6,2023-06-28 22:00:00+00:00,2023-06-29 22:00:00+00:00
2023-06-29 04:00:00+00:00,121.06,7,2023-06-28 22:00:00+00:00,2023-06-29 22:00:00+00:00
2023-06-29 05:00:00+00:00,130.48,8,2023-06-28 22:00:00+00:00,2023-06-29 22:00:00+00:00
2023-06-29 06:00:00+00:00,130.31,9,2023-06-28 22:00:00+00:00,2023-06-29 22:00:00+00:00
2023-06-29 07:00:00+00:00,116.39,10,2023-06-28 22:00:00+00:00,2023-06-29 22:00:00+00:00
2023-06-29 08:00:00+00:00,105.95,11,2023-06-28 22:00:00+00:00,2023-06-29 22:00:00+00:00
2023-06-29 09:00:00+00:00,98.6,12,2023-06-28 22:00:00+00:00,2023-06-29 22:00:00+00:00
2023-06-29 10:00:00+00:00,90.0,13,2023-06-28 22:00:00+00:00,2023-06-29 22:00:00+00:00
2023-06-29 11:00:00+00:00,92.75,14,2023-06-28 22:00:00+00:00,2023-06-29 22:00:00+00:00
2023-06-29 12:00:00+00:00,98.6,15,2023-06-28 22:00:00+00:00,2023-06-29 22:00:00+00:00
2023-06-29 13:00:00+00:00,100.0,16,2023-06-28 22:00:00+00:00,2023-06-29 22:00:00+00:00
2023-06-29 14:00:00+00:00,101.12,17,2023-06-28 22:00:00+00:00,2023-06-29 22:00:00+00:00
2023-06-29 15:00:00+00:00,112.03,18,2023-06-28 22:00:00+00:00,2023-06-29 22:00:00+00:00
2023-06-29 16:00:00+00:00,129.91,19,2023-06-28 22:00:00+00:00,2023-06-29 22:00:00+00:00
2023-06-29 17:00:00+00:00,134.9,20,2023-06-28 22:00:00+00:00,2023-06-29 22:00:00+00:00
2023-06-29 18:00:00+00:00,165.66,21,2023-06-28 22:00:00+00:00,2023-06-29 22:00:00+00:00
2023-06-29 19:00:00+00:00,151.31,22,2023-06-28 22:00:00+00:00,2023-06-29 22:00:00+00:00
2023-06-29 20:00:00+00:00,139.87,23,2023-06-28 22:00:00+00:00,2023-06-29 22:00:00+00:00
2023-06-29 21:00:00+00:00,120.25,24,2023-06-28 22:00:00+00:00,2023-06-29 22:00:00+00:00
2023-06-29 22:00:00+00:00,115.53,1,2023-06-29 22:00:00+00:00,2023-06-30 22:00:00+00:00
2023-06-29 23:00:00+00:00,103.4,2,2023-06-29 22:00:00+00:00,2023-06-30 22:00:00+00:00
2023-06-30 00:00:00+00:00,96.55,3,2023-06-29 22:00:00+00:00,2023-06-30 22:00:00+00:00
2023-06-30 01:00:00+00:00,96.34,4,2023-06-29 22:00:00+00:00,2023-06-30 22:00:00+00:00
2023-06-30 02:00:00+00:00,94.75,5,2023-06-29 22:00:00+00:00,2023-06-30 22:00:00+00:00
2023-06-30 03:00:00+00:00,105.34,6,2023-06-29 22:00:00+00:00,2023-06-30 22:00:00+00:00
2023-06-30 04:00:00+00:00,123.22,7,2023-06-29 22:00:00+00:00,2023-06-30 22:00:00+00:00
2023-06-30 05:00:00+00:00,124.94,8,2023-06-29 22:00:00+00:00,2023-06-30 22:00:00+00:00
2023-06-30 06:00:00+00:00,114.0,9,2023-06-29 22:00:00+00:00,2023-06-30 22:00:00+00:00
2023-06-30 07:00:00+00:00,84.9,10,2023-06-29 22:00:00+00:00,2023-06-30 22:00:00+00:00
2023-06-30 08:00:00+00:00,97.93,11,2023-06-29 22:00:00+00:00,2023-06-30 22:00:00+00:00
2023-06-30 09:00:00+00:00,90.1,12,2023-06-29 22:00:00+00:00,2023-06-30 22:00:00+00:00
2023-06-30 10:00:00+00:00,88.35,13,2023-06-29 22:00:00+00:00,2023-06-30 22:00:00+00:00
2023-06-30 11:00:00+00:00,90.1,14,2023-06-29 22:00:00+00:00,2023-06-30 22:00:00+00:00
2023-06-30 12:00:00+00:00,88.46,15,2023-06-29 22:00:00+00:00,2023-06-30 22:00:00+00:00
2023-06-30 13:00:00+00:00,78.02,16,2023-06-29 22:00:00+00:00,2023-06-30 22:00:00+00:00
2023-06-30 14:00:00+00:00,82.67,17,2023-06-29 22:00:00+00:00,2023-06-30 22:00:00+00:00
2023-06-30 15:00:00+00:00,79.0,18,2023-06-29 22:00:00+00:00,2023-06-30 22:00:00+00:00
2023-06-30 16:00:00+00:00,101.99,19,2023-06-29 22:00:00+00:00,2023-06-30 22:00:00+00:00
2023-06-30 17:00:00+00:00,110.1,20,2023-06-29 22:00:00+00:00,2023-06-30 22:00:00+00:00
2023-06-30 18:00:00+00:00,131.52,21,2023-06-29 22:00:00+00:00,2023-06-30 22:00:00+00:00
2023-06-30 19:00:00+00:00,128.84,22,2023-06-29 22:00:00+00:00,2023-06-30 22:00:00+00:00
2023-06-30 20:00:00+00:00,121.24,23,2023-06-29 22:00:00+00:00,2023-06-30 22:00:00+00:00
2023-06-30 21:00:00+00:00,109.47,24,2023-06-29 22:00:00+00:00,2023-06-30 22:00:00+00:00
2023-06-30 22:00:00+00:00,101.56,1,2023-06-30 22:00:00+00:00,2023-07-01 22:00:00+00:00
2023-06-30 22:00:00+00:00,101.56,1,2023-06-30 22:00:00+00:00,2023-07-01 22:00:00+00:00
2023-06-30 23:00:00+00:00,99.5,2,2023-06-30 22:00:00+00:00,2023-07-01 22:00:00+00:00
2023-06-30 23:00:00+00:00,99.5,2,2023-06-30 22:00:00+00:00,2023-07-01 22:00:00+00:00
2023-07-01 00:00:00+00:00,83.28,3,2023-06-30 22:00:00+00:00,2023-07-01 22:00:00+00:00
2023-07-01 00:00:00+00:00,83.28,3,2023-06-30 22:00:00+00:00,2023-07-01 22:00:00+00:00
2023-07-01 01:00:00+00:00,66.89,4,2023-06-30 22:00:00+00:00,2023-07-01 22:00:00+00:00
2023-07-01 01:00:00+00:00,66.89,4,2023-06-30 22:00:00+00:00,2023-07-01 22:00:00+00:00
2023-07-01 02:00:00+00:00,60.03,5,2023-06-30 22:00:00+00:00,2023-07-01 22:00:00+00:00
2023-07-01 02:00:00+00:00,60.03,5,2023-06-30 22:00:00+00:00,2023-07-01 22:00:00+00:00
2023-07-01 03:00:00+00:00,53.64,6,2023-06-30 22:00:00+00:00,2023-07-01 22:00:00+00:00
2023-07-01 03:00:00+00:00,53.64,6,2023-06-30 22:00:00+00:00,2023-07-01 22:00:00+00:00
2023-07-01 04:00:00+00:00,54.27,7,2023-06-30 22:00:00+00:00,2023-07-01 22:00:00+00:00
2023-07-01 04:00:00+00:00,54.27,7,2023-06-30 22:00:00+00:00,2023-07-01 22:00:00+00:00
2023-07-01 05:00:00+00:00,55.12,8,2023-06-30 22:00:00+00:00,2023-07-01 22:00:00+00:00
2023-07-01 05:00:00+00:00,55.12,8,2023-06-30 22:00:00+00:00,2023-07-01 22:00:00+00:00
2023-07-01 06:00:00+00:00,76.09,9,2023-06-30 22:00:00+00:00,2023-07-01 22:00:00+00:00
2023-07-01 06:00:00+00:00,76.09,9,2023-06-30 22:00:00+00:00,2023-07-01 22:00:00+00:00
2023-07-01 07:00:00+00:00,64.9,10,2023-06-30 22:00:00+00:00,2023-07-01 22:00:00+00:00
2023-07-01 07:00:00+00:00,64.9,10,2023-06-30 22:00:00+00:00,2023-07-01 22:00:00+00:00
2023-07-01 08:00:00+00:00,44.3,11,2023-06-30 22:00:00+00:00,2023-07-01 22:00:00+00:00
2023-07-01 08:00:00+00:00,44.3,11,2023-06-30 22:00:00+00:00,2023-07-01 22:00:00+00:00
2023-07-01 09:00:00+00:00,24.61,12,2023-06-30 22:00:00+00:00,2023-07-01 22:00:00+00:00
2023-07-01 09:00:00+00:00,24.61,12,2023-06-30 22:00:00+00:00,2023-07-01 22:00:00+00:00
2023-07-01 10:00:00+00:00,16.83,13,2023-06-30 22:00:00+00:00,2023-07-01 22:00:00+00:00
2023-07-01 10:00:00+00:00,16.83,13,2023-06-30 22:00:00+00:00,2023-07-01 22:00:00+00:00
2023-07-01 11:00:00+00:00,4.43,14,2023-06-30 22:00:00+00:00,2023-07-01 22:00:00+00:00
2023-07-01 11:00:00+00:00,4.43,14,2023-06-30 22:00:00+00:00,2023-07-01 22:00:00+00:00
2023-07-01 12:00:00+00:00,0.07,15,2023-06-30 22:00:00+00:00,2023-07-01 22:00:00+00:00
2023-07-01 12:00:00+00:00,0.07,15,2023-06-30 22:00:00+00:00,2023-07-01 22:00:00+00:00
2023-07-01 13:00:00+00:00,0.89,16,2023-06-30 22:00:00+00:00,2023-07-01 22:00:00+00:00
2023-07-01 13:00:00+00:00,0.89,16,2023-06-30 22:00:00+00:00,2023-07-01 22:00:00+00:00
2023-07-01 14:00:00+00:00,11.11,17,2023-06-30 22:00:00+00:00,2023-07-01 22:00:00+00:00
2023-07-01 14:00:00+00:00,11.11,17,2023-06-30 22:00:00+00:00,2023-07-01 22:00:00+00:00
2023-07-01 15:00:00+00:00,49.9,18,2023-06-30 22:00:00+00:00,2023-07-01 22:00:00+00:00
2023-07-01 15:00:00+00:00,49.9,18,2023-06-30 22:00:00+00:00,2023-07-01 22:00:00+00:00
2023-07-01 16:00:00+00:00,71.88,19,2023-06-30 22:00:00+00:00,2023-07-01 22:00:00+00:00
2023-07-01 16:00:00+00:00,71.88,19,2023-06-30 22:00:00+00:00,2023-07-01 22:00:00+00:00
2023-07-01 17:00:00+00:00,78.7,20,2023-06-30 22:00:00+00:00,2023-07-01 22:00:00+00:00
2023-07-01 17:00:00+00:00,78.7,20,2023-06-30 22:00:00+00:00,2023-07-01 22:00:00+00:00
2023-07-01 18:00:00+00:00,87.0,21,2023-06-30 22:00:00+00:00,2023-07-01 22:00:00+00:00
2023-07-01 18:00:00+00:00,87.0,21,2023-06-30 22:00:00+00:00,2023-07-01 22:00:00+00:00
2023-07-01 19:00:00+00:00,92.79,22,2023-06-30 22:00:00+00:00,2023-07-01 22:00:00+00:00
2023-07-01 19:00:00+00:00,92.79,22,2023-06-30 22:00:00+00:00,2023-07-01 22:00:00+00:00
2023-07-01 20:00:00+00:00,98.8,23,2023-06-30 22:00:00+00:00,2023-07-01 22:00:00+00:00
2023-07-01 20:00:00+00:00,98.8,23,2023-06-30 22:00:00+00:00,2023-07-01 22:00:00+00:00
2023-07-01 21:00:00+00:00,89.86,24,2023-06-30 22:00:00+00:00,2023-07-01 22:00:00+00:00
2023-07-01 21:00:00+00:00,89.86,24,2023-06-30 22:00:00+00:00,2023-07-01 22:00:00+00:00
2023-07-01 22:00:00+00:00,16.45,1,2023-07-01 22:00:00+00:00,2023-07-02 22:00:00+00:00
2023-07-01 23:00:00+00:00,3.17,2,2023-07-01 22:00:00+00:00,2023-07-02 22:00:00+00:00
2023-07-02 00:00:00+00:00,0.01,3,2023-07-01 22:00:00+00:00,2023-07-02 22:00:00+00:00
2023-07-02 01:00:00+00:00,0.0,4,2023-07-01 22:00:00+00:00,2023-07-02 22:00:00+00:00
2023-07-02 02:00:00+00:00,-0.03,5,2023-07-01 22:00:00+00:00,2023-07-02 22:00:00+00:00
2023-07-02 03:00:00+00:00,-0.05,6,2023-07-01 22:00:00+00:00,2023-07-02 22:00:00+00:00
2023-07-02 04:00:00+00:00,-0.06,7,2023-07-01 22:00:00+00:00,2023-07-02 22:00:00+00:00
2023-07-02 05:00:00+00:00,-0.51,8,2023-07-01 22:00:00+00:00,2023-07-02 22:00:00+00:00
2023-07-02 06:00:00+00:00,-2.97,9,2023-07-01 22:00:00+00:00,2023-07-02 22:00:00+00:00
2023-07-02 07:00:00+00:00,-16.9,10,2023-07-01 22:00:00+00:00,2023-07-02 22:00:00+00:00
2023-07-02 08:00:00+00:00,-60.0,11,2023-07-01 22:00:00+00:00,2023-07-02 22:00:00+00:00
2023-07-02 09:00:00+00:00,-252.92,12,2023-07-01 22:00:00+00:00,2023-07-02 22:00:00+00:00
2023-07-02 10:00:00+00:00,-449.57,13,2023-07-01 22:00:00+00:00,2023-07-02 22:00:00+00:00
2023-07-02 11:00:00+00:00,-500.0,14,2023-07-01 22:00:00+00:00,2023-07-02 22:00:00+00:00
2023-07-02 14:00:00+00:00,-172.39,17,2023-07-01 22:00:00+00:00,2023-07-02 22:00:00+00:00
2023-07-02 15:00:00+00:00,-35.18,18,2023-07-01 22:00:00+00:00,2023-07-02 22:00:00+00:00
2023-07-02 16:00:00+00:00,-6.01,19,2023-07-01 22:00:00+00:00,2023-07-02 22:00:00+00:00
2023-07-02 17:00:00+00:00,4.88,20,2023-07-01 22:00:00+00:00,2023-07-02 22:00:00+00:00
2023-07-02 18:00:00+00:00,69.1,21,2023-07-01 22:00:00+00:00,2023-07-02 22:00:00+00:00
2023-07-02 19:00:00+00:00,85.58,22,2023-07-01 22:00:00+00:00,2023-07-02 22:00:00+00:00
2023-07-02 20:00:00+00:00,94.9,23,2023-07-01 22:00:00+00:00,2023-07-02 22:00:00+00:00
2023-07-02 21:00:00+00:00,86.08,24,2023-07-01 22:00:00+00:00,2023-07-02 22:00:00+00:00
2023-07-02 22:00:00+00:00,66.0,1,2023-07-02 22:00:00+00:00,2023-07-03 22:00:00+00:00
2023-07-02 23:00:00+00:00,43.5,2,2023-07-02 22:00:00+00:00,2023-07-03 22:00:00+00:00
2023-07-03 00:00:00+00:00,24.09,3,2023-07-02 22:00:00+00:00,2023-07-03 22:00:00+00:00
2023-07-03 01:00:00+00:00,10.26,4,2023-07-02 22:00:00+00:00,2023-07-03 22:00:00+00:00
2023-07-03 02:00:00+00:00,15.8,5,2023-07-02 22:00:00+00:00,2023-07-03 22:00:00+00:00
2023-07-03 03:00:00+00:00,54.0,6,2023-07-02 22:00:00+00:00,2023-07-03 22:00:00+00:00
2023-07-03 04:00:00+00:00,86.0,7,2023-07-02 22:00:00+00:00,2023-07-03 22:00:00+00:00
2023-07-03 05:00:00+00:00,110.89,8,2023-07-02 22:00:00+00:00,2023-07-03 22:00:00+00:00
2023-07-03 06:00:00+00:00,104.91,9,2023-07-02 22:00:00+00:00,2023-07-03 22:00:00+00:00
2023-07-03 07:00:00+00:00,67.5,10,2023-07-02 22:00:00+00:00,2023-07-03 22:00:00+00:00
2023-07-03 08:00:00+00:00,7.34,11,2023-07-02 22:00:00+00:00,2023-07-03 22:00:00+00:00
2023-07-03 09:00:00+00:00,-0.06,12,2023-07-02 22:00:00+00:00,2023-07-03 22:00:00+00:00
2023-07-03 10:00:00+00:00,-8.43,13,2023-07-02 22:00:00+00:00,2023-07-03 22:00:00+00:00
2023-07-03 11:00:00+00:00,-10.0,14,2023-07-02 22:00:00+00:00,2023-07-03 22:00:00+00:00
2023-07-03 12:00:00+00:00,-10.07,15,2023-07-02 22:00:00+00:00,2023-07-03 22:00:00+00:00
2023-07-03 13:00:00+00:00,-10.0,16,2023-07-02 22:00:00+00:00,2023-07-03 22:00:00+00:00
2023-07-03 14:00:00+00:00,-0.07,17,2023-07-02 22:00:00+00:00,2023-07-03 22:00:00+00:00
2023-07-03 15:00:00+00:00,9.45,18,2023-07-02 22:00:00+00:00,2023-07-03 22:00:00+00:00
2023-07-03 16:00:00+00:00,79.95,19,2023-07-02 22:00:00+00:00,2023-07-03 22:00:00+00:00
2023-07-03 17:00:00+00:00,116.51,20,2023-07-02 22:00:00+00:00,2023-07-03 22:00:00+00:00
2023-07-03 18:00:00+00:00,124.5,21,2023-07-02 22:00:00+00:00,2023-07-03 22:00:00+00:00
2023-07-03 19:00:00+00:00,127.99,22,2023-07-02 22:00:00+00:00,2023-07-03 22:00:00+00:00
2023-07-03 20:00:00+00:00,121.3,23,2023-07-02 22:00:00+00:00,2023-07-03 22:00:00+00:00
2023-07-03 21:00:00+00:00,114.5,24,2023-07-02 22:00:00+00:00,2023-07-03 22:00:00+00:00
2023-07-03 22:00:00+00:00,96.75,1,2023-07-03 22:00:00+00:00,2023-07-04 22:00:00+00:00
2023-07-03 23:00:00+00:00,81.28,2,2023-07-03 22:00:00+00:00,2023-07-04 22:00:00+00:00
2023-07-04 00:00:00+00:00,71.0,3,2023-07-03 22:00:00+00:00,2023-07-04 22:00:00+00:00
2023-07-04 01:00:00+00:00,64.44,4,2023-07-03 22:00:00+00:00,2023-07-04 22:00:00+00:00
2023-07-04 02:00:00+00:00,70.42,5,2023-07-03 22:00:00+00:00,2023-07-04 22:00:00+00:00
2023-07-04 03:00:00+00:00,85.27,6,2023-07-03 22:00:00+00:00,2023-07-04 22:00:00+00:00
2023-07-04 04:00:00+00:00,113.74,7,2023-07-03 22:00:00+00:00,2023-07-04 22:00:00+00:00
2023-07-04 05:00:00+00:00,119.97,8,2023-07-03 22:00:00+00:00,2023-07-04 22:00:00+00:00
2023-07-04 06:00:00+00:00,113.29,9,2023-07-03 22:00:00+00:00,2023-07-04 22:00:00+00:00
2023-07-04 07:00:00+00:00,76.08,10,2023-07-03 22:00:00+00:00,2023-07-04 22:00:00+00:00
2023-07-04 08:00:00+00:00,33.64,11,2023-07-03 22:00:00+00:00,2023-07-04 22:00:00+00:00
2023-07-04 09:00:00+00:00,10.08,12,2023-07-03 22:00:00+00:00,2023-07-04 22:00:00+00:00
2023-07-04 10:00:00+00:00,14.9,13,2023-07-03 22:00:00+00:00,2023-07-04 22:00:00+00:00
2023-07-04 11:00:00+00:00,23.09,14,2023-07-03 22:00:00+00:00,2023-07-04 22:00:00+00:00
2023-07-04 12:00:00+00:00,23.0,15,2023-07-03 22:00:00+00:00,2023-07-04 22:00:00+00:00
2023-07-04 13:00:00+00:00,39.22,16,2023-07-03 22:00:00+00:00,2023-07-04 22:00:00+00:00
2023-07-04 14:00:00+00:00,84.29,17,2023-07-03 22:00:00+00:00,2023-07-04 22:00:00+00:00
2023-07-04 15:00:00+00:00,93.68,18,2023-07-03 22:00:00+00:00,2023-07-04 22:00:00+00:00
2023-07-04 16:00:00+00:00,116.86,19,2023-07-03 22:00:00+00:00,2023-07-04 22:00:00+00:00
2023-07-04 17:00:00+00:00,146.29,20,2023-07-03 22:00:00+00:00,2023-07-04 22:00:00+00:00
2023-07-04 18:00:00+00:00,170.87,21,2023-07-03 22:00:00+00:00,2023-07-04 22:00:00+00:00
2023-07-04 19:00:00+00:00,169.38,22,2023-07-03 22:00:00+00:00,2023-07-04 22:00:00+00:00
2023-07-04 20:00:00+00:00,144.6,23,2023-07-03 22:00:00+00:00,2023-07-04 22:00:00+00:00
2023-07-04 21:00:00+00:00,124.09,24,2023-07-03 22:00:00+00:00,2023-07-04 22:00:00+00:00
2023-07-04 22:00:00+00:00,122.94,1,2023-07-04 22:00:00+00:00,2023-07-05 22:00:00+00:00
2023-07-04 23:00:00+00:00,108.75,2,2023-07-04 22:00:00+00:00,2023-07-05 22:00:00+00:00
2023-07-05 00:00:00+00:00,94.31,3,2023-07-04 22:00:00+00:00,2023-07-05 22:00:00+00:00
2023-07-05 01:00:00+00:00,84.6,4,2023-07-04 22:00:00+00:00,2023-07-05 22:00:00+00:00
2023-07-05 02:00:00+00:00,67.56,5,2023-07-04 22:00:00+00:00,2023-07-05 22:00:00+00:00
2023-07-05 03:00:00+00:00,68.2,6,2023-07-04 22:00:00+00:00,2023-07-05 22:00:00+00:00
2023-07-05 04:00:00+00:00,76.43,7,2023-07-04 22:00:00+00:00,2023-07-05 22:00:00+00:00
2023-07-05 05:00:00+00:00,92.59,8,2023-07-04 22:00:00+00:00,2023-07-05 22:00:00+00:00
2023-07-05 06:00:00+00:00,98.35,9,2023-07-04 22:00:00+00:00,2023-07-05 22:00:00+00:00
2023-07-05 07:00:00+00:00,82.4,10,2023-07-04 22:00:00+00:00,2023-07-05 22:00:00+00:00
2023-07-05 08:00:00+00:00,73.44,11,2023-07-04 22:00:00+00:00,2023-07-05 22:00:00+00:00
2023-07-05 09:00:00+00:00,39.45,12,2023-07-04 22:00:00+00:00,2023-07-05 22:00:00+00:00
2023-07-05 10:00:00+00:00,0.01,13,2023-07-04 22:00:00+00:00,2023-07-05 22:00:00+00:00
2023-07-05 11:00:00+00:00,0.0,14,2023-07-04 22:00:00+00:00,2023-07-05 22:00:00+00:00
2023-07-05 12:00:00+00:00,-5.5,15,2023-07-04 22:00:00+00:00,2023-07-05 22:00:00+00:00
2023-07-05 13:00:00+00:00,-4.75,16,2023-07-04 22:00:00+00:00,2023-07-05 22:00:00+00:00
2023-07-05 14:00:00+00:00,-3.52,17,2023-07-04 22:00:00+00:00,2023-07-05 22:00:00+00:00
2023-07-05 15:00:00+00:00,39.1,18,2023-07-04 22:00:00+00:00,2023-07-05 22:00:00+00:00
2023-07-05 16:00:00+00:00,92.24,19,2023-07-04 22:00:00+00:00,2023-07-05 22:00:00+00:00
2023-07-05 17:00:00+00:00,104.71,20,2023-07-04 22:00:00+00:00,2023-07-05 22:00:00+00:00
2023-07-05 18:00:00+00:00,118.1,21,2023-07-04 22:00:00+00:00,2023-07-05 22:00:00+00:00
2023-07-05 19:00:00+00:00,122.78,22,2023-07-04 22:00:00+00:00,2023-07-05 22:00:00+00:00
2023-07-05 20:00:00+00:00,121.71,23,2023-07-04 22:00:00+00:00,2023-07-05 22:00:00+00:00
2023-07-05 21:00:00+00:00,114.89,24,2023-07-04 22:00:00+00:00,2023-07-05 22:00:00+00:00
2023-07-05 22:00:00+00:00,91.62,1,2023-07-05 22:00:00+00:00,2023-07-06 22:00:00+00:00
2023-07-05 23:00:00+00:00,84.0,2,2023-07-05 22:00:00+00:00,2023-07-06 22:00:00+00:00
2023-07-06 00:00:00+00:00,82.4,3,2023-07-05 22:00:00+00:00,2023-07-06 22:00:00+00:00
2023-07-06 01:00:00+00:00,83.05,4,2023-07-05 22:00:00+00:00,2023-07-06 22:00:00+00:00
2023-07-06 02:00:00+00:00,85.01,5,2023-07-05 22:00:00+00:00,2023-07-06 22:00:00+00:00
2023-07-06 03:00:00+00:00,94.37,6,2023-07-05 22:00:00+00:00,2023-07-06 22:00:00+00:00
2023-07-06 04:00:00+00:00,113.75,7,2023-07-05 22:00:00+00:00,2023-07-06 22:00:00+00:00
2023-07-06 05:00:00+00:00,126.17,8,2023-07-05 22:00:00+00:00,2023-07-06 22:00:00+00:00
2023-07-06 06:00:00+00:00,124.85,9,2023-07-05 22:00:00+00:00,2023-07-06 22:00:00+00:00
2023-07-06 07:00:00+00:00,110.97,10,2023-07-05 22:00:00+00:00,2023-07-06 22:00:00+00:00
2023-07-06 08:00:00+00:00,94.42,11,2023-07-05 22:00:00+00:00,2023-07-06 22:00:00+00:00
2023-07-06 09:00:00+00:00,86.38,12,2023-07-05 22:00:00+00:00,2023-07-06 22:00:00+00:00
2023-07-06 10:00:00+00:00,56.54,13,2023-07-05 22:00:00+00:00,2023-07-06 22:00:00+00:00
2023-07-06 11:00:00+00:00,69.23,14,2023-07-05 22:00:00+00:00,2023-07-06 22:00:00+00:00
2023-07-06 12:00:00+00:00,67.44,15,2023-07-05 22:00:00+00:00,2023-07-06 22:00:00+00:00
2023-07-06 13:00:00+00:00,84.05,16,2023-07-05 22:00:00+00:00,2023-07-06 22:00:00+00:00
2023-07-06 14:00:00+00:00,88.1,17,2023-07-05 22:00:00+00:00,2023-07-06 22:00:00+00:00
2023-07-06 15:00:00+00:00,98.82,18,2023-07-05 22:00:00+00:00,2023-07-06 22:00:00+00:00
2023-07-06 16:00:00+00:00,102.98,19,2023-07-05 22:00:00+00:00,2023-07-06 22:00:00+00:00
2023-07-06 17:00:00+00:00,119.4,20,2023-07-05 22:00:00+00:00,2023-07-06 22:00:00+00:00
2023-07-06 18:00:00+00:00,175.88,21,2023-07-05 22:00:00+00:00,2023-07-06 22:00:00+00:00
2023-07-06 19:00:00+00:00,175.1,22,2023-07-05 22:00:00+00:00,2023-07-06 22:00:00+00:00
2023-07-06 20:00:00+00:00,137.57,23,2023-07-05 22:00:00+00:00,2023-07-06 22:00:00+00:00
2023-07-06 21:00:00+00:00,118.98,24,2023-07-05 22:00:00+00:00,2023-07-06 22:00:00+00:00
2023-07-06 22:00:00+00:00,114.0,1,2023-07-06 22:00:00+00:00,2023-07-07 22:00:00+00:00
2023-07-06 23:00:00+00:00,103.38,2,2023-07-06 22:00:00+00:00,2023-07-07 22:00:00+00:00
2023-07-07 00:00:00+00:00,97.6,3,2023-07-06 22:00:00+00:00,2023-07-07 22:00:00+00:00
2023-07-07 01:00:00+00:00,89.0,4,2023-07-06 22:00:00+00:00,2023-07-07 22:00:00+00:00
2023-07-07 02:00:00+00:00,86.42,5,2023-07-06 22:00:00+00:00,2023-07-07 22:00:00+00:00
2023-07-07 03:00:00+00:00,90.93,6,2023-07-06 22:00:00+00:00,2023-07-07 22:00:00+00:00
2023-07-07 04:00:00+00:00,94.8,7,2023-07-06 22:00:00+00:00,2023-07-07 22:00:00+00:00
2023-07-07 05:00:00+00:00,109.2,8,2023-07-06 22:00:00+00:00,2023-07-07 22:00:00+00:00
2023-07-07 06:00:00+00:00,107.13,9,2023-07-06 22:00:00+00:00,2023-07-07 22:00:00+00:00
2023-07-07 07:00:00+00:00,91.79,10,2023-07-06 22:00:00+00:00,2023-07-07 22:00:00+00:00
2023-07-07 08:00:00+00:00,84.0,11,2023-07-06 22:00:00+00:00,2023-07-07 22:00:00+00:00
2023-07-07 09:00:00+00:00,79.12,12,2023-07-06 22:00:00+00:00,2023-07-07 22:00:00+00:00
2023-07-07 10:00:00+00:00,74.9,13,2023-07-06 22:00:00+00:00,2023-07-07 22:00:00+00:00
2023-07-07 11:00:00+00:00,66.57,14,2023-07-06 22:00:00+00:00,2023-07-07 22:00:00+00:00
2023-07-07 12:00:00+00:00,64.98,15,2023-07-06 22:00:00+00:00,2023-07-07 22:00:00+00:00
2023-07-07 13:00:00+00:00,66.18,16,2023-07-06 22:00:00+00:00,2023-07-07 22:00:00+00:00
2023-07-07 14:00:00+00:00,80.29,17,2023-07-06 22:00:00+00:00,2023-07-07 22:00:00+00:00
2023-07-07 15:00:00+00:00,90.0,18,2023-07-06 22:00:00+00:00,2023-07-07 22:00:00+00:00
2023-07-07 16:00:00+00:00,94.99,19,2023-07-06 22:00:00+00:00,2023-07-07 22:00:00+00:00
2023-07-07 17:00:00+00:00,141.98,20,2023-07-06 22:00:00+00:00,2023-07-07 22:00:00+00:00
2023-07-07 18:00:00+00:00,166.56,21,2023-07-06 22:00:00+00:00,2023-07-07 22:00:00+00:00
2023-07-07 19:00:00+00:00,137.66,22,2023-07-06 22:00:00+00:00,2023-07-07 22:00:00+00:00
2023-07-07 20:00:00+00:00,117.27,23,2023-07-06 22:00:00+00:00,2023-07-07 22:00:00+00:00
2023-07-07 21:00:00+00:00,101.56,24,2023-07-06 22:00:00+00:00,2023-07-07 22:00:00+00:00
2023-07-07 22:00:00+00:00,100.27,1,2023-07-07 22:00:00+00:00,2023-07-08 22:00:00+00:00
2023-07-07 23:00:00+00:00,91.96,2,2023-07-07 22:00:00+00:00,2023-07-08 22:00:00+00:00
2023-07-08 00:00:00+00:00,89.97,3,2023-07-07 22:00:00+00:00,2023-07-08 22:00:00+00:00
2023-07-08 01:00:00+00:00,86.59,4,2023-07-07 22:00:00+00:00,2023-07-08 22:00:00+00:00
2023-07-08 02:00:00+00:00,87.19,5,2023-07-07 22:00:00+00:00,2023-07-08 22:00:00+00:00
2023-07-08 03:00:00+00:00,87.28,6,2023-07-07 22:00:00+00:00,2023-07-08 22:00:00+00:00
2023-07-08 04:00:00+00:00,84.42,7,2023-07-07 22:00:00+00:00,2023-07-08 22:00:00+00:00
2023-07-08 05:00:00+00:00,85.23,8,2023-07-07 22:00:00+00:00,2023-07-08 22:00:00+00:00
2023-07-08 06:00:00+00:00,83.76,9,2023-07-07 22:00:00+00:00,2023-07-08 22:00:00+00:00
2023-07-08 07:00:00+00:00,76.04,10,2023-07-07 22:00:00+00:00,2023-07-08 22:00:00+00:00
2023-07-08 08:00:00+00:00,60.9,11,2023-07-07 22:00:00+00:00,2023-07-08 22:00:00+00:00
2023-07-08 09:00:00+00:00,46.32,12,2023-07-07 22:00:00+00:00,2023-07-08 22:00:00+00:00
2023-07-08 10:00:00+00:00,30.69,13,2023-07-07 22:00:00+00:00,2023-07-08 22:00:00+00:00
2023-07-08 11:00:00+00:00,-6.0,14,2023-07-07 22:00:00+00:00,2023-07-08 22:00:00+00:00
2023-07-08 12:00:00+00:00,3.97,15,2023-07-07 22:00:00+00:00,2023-07-08 22:00:00+00:00
2023-07-08 13:00:00+00:00,40.0,16,2023-07-07 22:00:00+00:00,2023-07-08 22:00:00+00:00
2023-07-08 14:00:00+00:00,60.9,17,2023-07-07 22:00:00+00:00,2023-07-08 22:00:00+00:00
2023-07-08 15:00:00+00:00,83.4,18,2023-07-07 22:00:00+00:00,2023-07-08 22:00:00+00:00
2023-07-08 16:00:00+00:00,107.3,19,2023-07-07 22:00:00+00:00,2023-07-08 22:00:00+00:00
2023-07-08 17:00:00+00:00,120.99,20,2023-07-07 22:00:00+00:00,2023-07-08 22:00:00+00:00
2023-07-08 18:00:00+00:00,128.76,21,2023-07-07 22:00:00+00:00,2023-07-08 22:00:00+00:00
2023-07-08 19:00:00+00:00,132.86,22,2023-07-07 22:00:00+00:00,2023-07-08 22:00:00+00:00
2023-07-08 20:00:00+00:00,129.72,23,2023-07-07 22:00:00+00:00,2023-07-08 22:00:00+00:00
2023-07-08 21:00:00+00:00,115.92,24,2023-07-07 22:00:00+00:00,2023-07-08 22:00:00+00:00
2023-07-08 22:00:00+00:00,109.44,1,2023-07-08 22:00:00+00:00,2023-07-09 22:00:00+00:00
2023-07-08 23:00:00+00:00,101.74,2,2023-07-08 22:00:00+00:00,2023-07-09 22:00:00+00:00
2023-07-09 00:00:00+00:00,101.82,3,2023-07-08 22:00:00+00:00,2023-07-09 22:00:00+00:00
2023-07-09 01:00:00+00:00,95.46,4,2023-07-08 22:00:00+00:00,2023-07-09 22:00:00+00:00
2023-07-09 02:00:00+00:00,96.03,5,2023-07-08 22:00:00+00:00,2023-07-09 22:00:00+00:00
2023-07-09 03:00:00+00:00,96.97,6,2023-07-08 22:00:00+00:00,2023-07-09 22:00:00+00:00
2023-07-09 04:00:00+00:00,94.7,7,2023-07-08 22:00:00+00:00,2023-07-09 22:00:00+00:00
2023-07-09 05:00:00+00:00,91.22,8,2023-07-08 22:00:00+00:00,2023-07-09 22:00:00+00:00
2023-07-09 06:00:00+00:00,86.27,9,2023-07-08 22:00:00+00:00,2023-07-09 22:00:00+00:00
2023-07-09 07:00:00+00:00,77.08,10,2023-07-08 22:00:00+00:00,2023-07-09 22:00:00+00:00
2023-07-09 08:00:00+00:00,60.12,11,2023-07-08 22:00:00+00:00,2023-07-09 22:00:00+00:00
2023-07-09 09:00:00+00:00,50.09,12,2023-07-08 22:00:00+00:00,2023-07-09 22:00:00+00:00
2023-07-09 10:00:00+00:00,45.69,13,2023-07-08 22:00:00+00:00,2023-07-09 22:00:00+00:00
2023-07-09 11:00:00+00:00,36.99,14,2023-07-08 22:00:00+00:00,2023-07-09 22:00:00+00:00
2023-07-09 12:00:00+00:00,44.85,15,2023-07-08 22:00:00+00:00,2023-07-09 22:00:00+00:00
2023-07-09 13:00:00+00:00,55.16,16,2023-07-08 22:00:00+00:00,2023-07-09 22:00:00+00:00
2023-07-09 14:00:00+00:00,72.97,17,2023-07-08 22:00:00+00:00,2023-07-09 22:00:00+00:00
2023-07-09 15:00:00+00:00,82.4,18,2023-07-08 22:00:00+00:00,2023-07-09 22:00:00+00:00
2023-07-09 16:00:00+00:00,104.41,19,2023-07-08 22:00:00+00:00,2023-07-09 22:00:00+00:00
2023-07-09 17:00:00+00:00,122.21,20,2023-07-08 22:00:00+00:00,2023-07-09 22:00:00+00:00
2023-07-09 18:00:00+00:00,132.0,21,2023-07-08 22:00:00+00:00,2023-07-09 22:00:00+00:00
2023-07-09 19:00:00+00:00,134.1,22,2023-07-08 22:00:00+00:00,2023-07-09 22:00:00+00:00
2023-07-09 20:00:00+00:00,132.12,23,2023-07-08 22:00:00+00:00,2023-07-09 22:00:00+00:00
2023-07-09 21:00:00+00:00,119.6,24,2023-07-08 22:00:00+00:00,2023-07-09 22:00:00+00:00
2023-07-09 22:00:00+00:00,112.49,1,2023-07-09 22:00:00+00:00,2023-07-10 22:00:00+00:00
2023-07-09 23:00:00+00:00,102.0,2,2023-07-09 22:00:00+00:00,2023-07-10 22:00:00+00:00
2023-07-10 00:00:00+00:00,94.3,3,2023-07-09 22:00:00+00:00,2023-07-10 22:00:00+00:00
2023-07-10 01:00:00+00:00,91.94,4,2023-07-09 22:00:00+00:00,2023-07-10 22:00:00+00:00
2023-07-10 02:00:00+00:00,93.31,5,2023-07-09 22:00:00+00:00,2023-07-10 22:00:00+00:00
2023-07-10 03:00:00+00:00,105.12,6,2023-07-09 22:00:00+00:00,2023-07-10 22:00:00+00:00
2023-07-10 04:00:00+00:00,120.74,7,2023-07-09 22:00:00+00:00,2023-07-10 22:00:00+00:00
2023-07-10 05:00:00+00:00,130.52,8,2023-07-09 22:00:00+00:00,2023-07-10 22:00:00+00:00
2023-07-10 06:00:00+00:00,134.27,9,2023-07-09 22:00:00+00:00,2023-07-10 22:00:00+00:00
2023-07-10 07:00:00+00:00,117.95,10,2023-07-09 22:00:00+00:00,2023-07-10 22:00:00+00:00
2023-07-10 08:00:00+00:00,105.28,11,2023-07-09 22:00:00+00:00,2023-07-10 22:00:00+00:00
2023-07-10 09:00:00+00:00,91.37,12,2023-07-09 22:00:00+00:00,2023-07-10 22:00:00+00:00
2023-07-10 10:00:00+00:00,85.85,13,2023-07-09 22:00:00+00:00,2023-07-10 22:00:00+00:00
2023-07-10 11:00:00+00:00,71.4,14,2023-07-09 22:00:00+00:00,2023-07-10 22:00:00+00:00
2023-07-10 12:00:00+00:00,58.03,15,2023-07-09 22:00:00+00:00,2023-07-10 22:00:00+00:00
2023-07-10 13:00:00+00:00,55.1,16,2023-07-09 22:00:00+00:00,2023-07-10 22:00:00+00:00
2023-07-10 14:00:00+00:00,79.56,17,2023-07-09 22:00:00+00:00,2023-07-10 22:00:00+00:00
2023-07-10 15:00:00+00:00,89.72,18,2023-07-09 22:00:00+00:00,2023-07-10 22:00:00+00:00
2023-07-10 16:00:00+00:00,121.97,19,2023-07-09 22:00:00+00:00,2023-07-10 22:00:00+00:00
2023-07-10 17:00:00+00:00,165.49,20,2023-07-09 22:00:00+00:00,2023-07-10 22:00:00+00:00
2023-07-10 18:00:00+00:00,175.89,21,2023-07-09 22:00:00+00:00,2023-07-10 22:00:00+00:00
2023-07-10 19:00:00+00:00,180.07,22,2023-07-09 22:00:00+00:00,2023-07-10 22:00:00+00:00
2023-07-10 20:00:00+00:00,162.62,23,2023-07-09 22:00:00+00:00,2023-07-10 22:00:00+00:00
2023-07-10 21:00:00+00:00,133.7,24,2023-07-09 22:00:00+00:00,2023-07-10 22:00:00+00:00
2023-07-10 22:00:00+00:00,124.41,1,2023-07-10 22:00:00+00:00,2023-07-11 22:00:00+00:00
2023-07-10 23:00:00+00:00,115.24,2,2023-07-10 22:00:00+00:00,2023-07-11 22:00:00+00:00
2023-07-11 00:00:00+00:00,105.12,3,2023-07-10 22:00:00+00:00,2023-07-11 22:00:00+00:00
2023-07-11 01:00:00+00:00,99.19,4,2023-07-10 22:00:00+00:00,2023-07-11 22:00:00+00:00
2023-07-11 02:00:00+00:00,95.97,5,2023-07-10 22:00:00+00:00,2023-07-11 22:00:00+00:00
2023-07-11 03:00:00+00:00,98.16,6,2023-07-10 22:00:00+00:00,2023-07-11 22:00:00+00:00
2023-07-11 04:00:00+00:00,99.2,7,2023-07-10 22:00:00+00:00,2023-07-11 22:00:00+00:00
2023-07-11 05:00:00+00:00,113.58,8,2023-07-10 22:00:00+00:00,2023-07-11 22:00:00+00:00
2023-07-11 06:00:00+00:00,120.95,9,2023-07-10 22:00:00+00:00,2023-07-11 22:00:00+00:00
2023-07-11 07:00:00+00:00,105.1,10,2023-07-10 22:00:00+00:00,2023-07-11 22:00:00+00:00
2023-07-11 08:00:00+00:00,91.57,11,2023-07-10 22:00:00+00:00,2023-07-11 22:00:00+00:00
2023-07-11 09:00:00+00:00,71.5,12,2023-07-10 22:00:00+00:00,2023-07-11 22:00:00+00:00
2023-07-11 10:00:00+00:00,38.0,13,2023-07-10 22:00:00+00:00,2023-07-11 22:00:00+00:00
2023-07-11 11:00:00+00:00,21.32,14,2023-07-10 22:00:00+00:00,2023-07-11 22:00:00+00:00
2023-07-11 12:00:00+00:00,30.0,15,2023-07-10 22:00:00+00:00,2023-07-11 22:00:00+00:00
2023-07-11 13:00:00+00:00,60.0,16,2023-07-10 22:00:00+00:00,2023-07-11 22:00:00+00:00
2023-07-11 14:00:00+00:00,68.0,17,2023-07-10 22:00:00+00:00,2023-07-11 22:00:00+00:00
2023-07-11 15:00:00+00:00,94.5,18,2023-07-10 22:00:00+00:00,2023-07-11 22:00:00+00:00
2023-07-11 16:00:00+00:00,114.0,19,2023-07-10 22:00:00+00:00,2023-07-11 22:00:00+00:00
2023-07-11 17:00:00+00:00,141.55,20,2023-07-10 22:00:00+00:00,2023-07-11 22:00:00+00:00
2023-07-11 18:00:00+00:00,160.02,21,2023-07-10 22:00:00+00:00,2023-07-11 22:00:00+00:00
2023-07-11 19:00:00+00:00,134.09,22,2023-07-10 22:00:00+00:00,2023-07-11 22:00:00+00:00
2023-07-11 20:00:00+00:00,119.0,23,2023-07-10 22:00:00+00:00,2023-07-11 22:00:00+00:00
2023-07-11 21:00:00+00:00,103.03,24,2023-07-10 22:00:00+00:00,2023-07-11 22:00:00+00:00
2023-07-11 22:00:00+00:00,98.47,1,2023-07-11 22:00:00+00:00,2023-07-12 22:00:00+00:00
2023-07-11 23:00:00+00:00,91.0,2,2023-07-11 22:00:00+00:00,2023-07-12 22:00:00+00:00
2023-07-12 00:00:00+00:00,90.0,3,2023-07-11 22:00:00+00:00,2023-07-12 22:00:00+00:00
2023-07-12 01:00:00+00:00,82.09,4,2023-07-11 22:00:00+00:00,2023-07-12 22:00:00+00:00
2023-07-12 02:00:00+00:00,77.4,5,2023-07-11 22:00:00+00:00,2023-07-12 22:00:00+00:00
2023-07-12 03:00:00+00:00,76.0,6,2023-07-11 22:00:00+00:00,2023-07-12 22:00:00+00:00
2023-07-12 04:00:00+00:00,88.22,7,2023-07-11 22:00:00+00:00,2023-07-12 22:00:00+00:00
2023-07-12 05:00:00+00:00,115.4,8,2023-07-11 22:00:00+00:00,2023-07-12 22:00:00+00:00
2023-07-12 06:00:00+00:00,120.0,9,2023-07-11 22:00:00+00:00,2023-07-12 22:00:00+00:00
2023-07-12 07:00:00+00:00,102.33,10,2023-07-11 22:00:00+00:00,2023-07-12 22:00:00+00:00
2023-07-12 08:00:00+00:00,83.0,11,2023-07-11 22:00:00+00:00,2023-07-12 22:00:00+00:00
2023-07-12 09:00:00+00:00,50.77,12,2023-07-11 22:00:00+00:00,2023-07-12 22:00:00+00:00
2023-07-12 10:00:00+00:00,8.52,13,2023-07-11 22:00:00+00:00,2023-07-12 22:00:00+00:00
2023-07-12 11:00:00+00:00,-7.81,14,2023-07-11 22:00:00+00:00,2023-07-12 22:00:00+00:00
2023-07-12 12:00:00+00:00,-10.0,15,2023-07-11 22:00:00+00:00,2023-07-12 22:00:00+00:00
2023-07-12 13:00:00+00:00,-8.07,16,2023-07-11 22:00:00+00:00,2023-07-12 22:00:00+00:00
2023-07-12 14:00:00+00:00,3.4,17,2023-07-11 22:00:00+00:00,2023-07-12 22:00:00+00:00
2023-07-12 15:00:00+00:00,69.91,18,2023-07-11 22:00:00+00:00,2023-07-12 22:00:00+00:00
2023-07-12 16:00:00+00:00,84.72,19,2023-07-11 22:00:00+00:00,2023-07-12 22:00:00+00:00
2023-07-12 17:00:00+00:00,101.41,20,2023-07-11 22:00:00+00:00,2023-07-12 22:00:00+00:00
2023-07-12 18:00:00+00:00,117.95,21,2023-07-11 22:00:00+00:00,2023-07-12 22:00:00+00:00
2023-07-12 19:00:00+00:00,125.2,22,2023-07-11 22:00:00+00:00,2023-07-12 22:00:00+00:00
2023-07-12 20:00:00+00:00,126.0,23,2023-07-11 22:00:00+00:00,2023-07-12 22:00:00+00:00
2023-07-12 21:00:00+00:00,113.92,24,2023-07-11 22:00:00+00:00,2023-07-12 22:00:00+00:00
2023-07-12 22:00:00+00:00,104.92,1,2023-07-12 22:00:00+00:00,2023-07-13 22:00:00+00:00
2023-07-12 23:00:00+00:00,85.66,2,2023-07-12 22:00:00+00:00,2023-07-13 22:00:00+00:00
2023-07-13 00:00:00+00:00,79.0,3,2023-07-12 22:00:00+00:00,2023-07-13 22:00:00+00:00
2023-07-13 01:00:00+00:00,75.09,4,2023-07-12 22:00:00+00:00,2023-07-13 22:00:00+00:00
2023-07-13 02:00:00+00:00,76.0,5,2023-07-12 22:00:00+00:00,2023-07-13 22:00:00+00:00
2023-07-13 03:00:00+00:00,88.51,6,2023-07-12 22:00:00+00:00,2023-07-13 22:00:00+00:00
2023-07-13 04:00:00+00:00,102.23,7,2023-07-12 22:00:00+00:00,2023-07-13 22:00:00+00:00
2023-07-13 05:00:00+00:00,110.47,8,2023-07-12 22:00:00+00:00,2023-07-13 22:00:00+00:00
2023-07-13 06:00:00+00:00,119.1,9,2023-07-12 22:00:00+00:00,2023-07-13 22:00:00+00:00
2023-07-13 07:00:00+00:00,89.98,10,2023-07-12 22:00:00+00:00,2023-07-13 22:00:00+00:00
2023-07-13 08:00:00+00:00,88.1,11,2023-07-12 22:00:00+00:00,2023-07-13 22:00:00+00:00
2023-07-13 09:00:00+00:00,80.0,12,2023-07-12 22:00:00+00:00,2023-07-13 22:00:00+00:00
2023-07-13 10:00:00+00:00,75.0,13,2023-07-12 22:00:00+00:00,2023-07-13 22:00:00+00:00
2023-07-13 11:00:00+00:00,46.5,14,2023-07-12 22:00:00+00:00,2023-07-13 22:00:00+00:00
2023-07-13 12:00:00+00:00,46.36,15,2023-07-12 22:00:00+00:00,2023-07-13 22:00:00+00:00
2023-07-13 13:00:00+00:00,46.9,16,2023-07-12 22:00:00+00:00,2023-07-13 22:00:00+00:00
2023-07-13 14:00:00+00:00,74.25,17,2023-07-12 22:00:00+00:00,2023-07-13 22:00:00+00:00
2023-07-13 15:00:00+00:00,85.0,18,2023-07-12 22:00:00+00:00,2023-07-13 22:00:00+00:00
2023-07-13 16:00:00+00:00,88.98,19,2023-07-12 22:00:00+00:00,2023-07-13 22:00:00+00:00
2023-07-13 17:00:00+00:00,116.49,20,2023-07-12 22:00:00+00:00,2023-07-13 22:00:00+00:00
2023-07-13 18:00:00+00:00,130.0,21,2023-07-12 22:00:00+00:00,2023-07-13 22:00:00+00:00
2023-07-13 19:00:00+00:00,137.22,22,2023-07-12 22:00:00+00:00,2023-07-13 22:00:00+00:00
2023-07-13 20:00:00+00:00,129.03,23,2023-07-12 22:00:00+00:00,2023-07-13 22:00:00+00:00
2023-07-13 21:00:00+00:00,117.72,24,2023-07-12 22:00:00+00:00,2023-07-13 22:00:00+00:00
2023-07-13 22:00:00+00:00,101.0,1,2023-07-13 22:00:00+00:00,2023-07-14 22:00:00+00:00
2023-07-13 23:00:00+00:00,96.36,2,2023-07-13 22:00:00+00:00,2023-07-14 22:00:00+00:00
2023-07-14 00:00:00+00:00,84.55,3,2023-07-13 22:00:00+00:00,2023-07-14 22:00:00+00:00
2023-07-14 01:00:00+00:00,78.14,4,2023-07-13 22:00:00+00:00,2023-07-14 22:00:00+00:00
2023-07-14 02:00:00+00:00,80.0,5,2023-07-13 22:00:00+00:00,2023-07-14 22:00:00+00:00
2023-07-14 03:00:00+00:00,75.0,6,2023-07-13 22:00:00+00:00,2023-07-14 22:00:00+00:00
2023-07-14 04:00:00+00:00,79.93,7,2023-07-13 22:00:00+00:00,2023-07-14 22:00:00+00:00
2023-07-14 05:00:00+00:00,89.4,8,2023-07-13 22:00:00+00:00,2023-07-14 22:00:00+00:00
2023-07-14 06:00:00+00:00,84.95,9,2023-07-13 22:00:00+00:00,2023-07-14 22:00:00+00:00
2023-07-14 07:00:00+00:00,85.07,10,2023-07-13 22:00:00+00:00,2023-07-14 22:00:00+00:00
2023-07-14 08:00:00+00:00,79.71,11,2023-07-13 22:00:00+00:00,2023-07-14 22:00:00+00:00
2023-07-14 09:00:00+00:00,71.8,12,2023-07-13 22:00:00+00:00,2023-07-14 22:00:00+00:00
2023-07-14 10:00:00+00:00,73.8,13,2023-07-13 22:00:00+00:00,2023-07-14 22:00:00+00:00
2023-07-14 11:00:00+00:00,69.2,14,2023-07-13 22:00:00+00:00,2023-07-14 22:00:00+00:00
2023-07-14 12:00:00+00:00,72.18,15,2023-07-13 22:00:00+00:00,2023-07-14 22:00:00+00:00
2023-07-14 13:00:00+00:00,77.7,16,2023-07-13 22:00:00+00:00,2023-07-14 22:00:00+00:00
2023-07-14 14:00:00+00:00,77.55,17,2023-07-13 22:00:00+00:00,2023-07-14 22:00:00+00:00
2023-07-14 15:00:00+00:00,76.9,18,2023-07-13 22:00:00+00:00,2023-07-14 22:00:00+00:00
2023-07-14 16:00:00+00:00,84.9,19,2023-07-13 22:00:00+00:00,2023-07-14 22:00:00+00:00
2023-07-14 17:00:00+00:00,105.95,20,2023-07-13 22:00:00+00:00,2023-07-14 22:00:00+00:00
2023-07-14 18:00:00+00:00,110.0,21,2023-07-13 22:00:00+00:00,2023-07-14 22:00:00+00:00
2023-07-14 20:00:00+00:00,94.73,23,2023-07-13 22:00:00+00:00,2023-07-14 22:00:00+00:00
2023-07-14 21:00:00+00:00,79.69,24,2023-07-13 22:00:00+00:00,2023-07-14 22:00:00+00:00
2023-07-14 22:00:00+00:00,71.07,1,2023-07-14 22:00:00+00:00,2023-07-15 22:00:00+00:00
2023-07-14 23:00:00+00:00,51.94,2,2023-07-14 22:00:00+00:00,2023-07-15 22:00:00+00:00
2023-07-15 00:00:00+00:00,29.15,3,2023-07-14 22:00:00+00:00,2023-07-15 22:00:00+00:00
2023-07-15 01:00:00+00:00,19.95,4,2023-07-14 22:00:00+00:00,2023-07-15 22:00:00+00:00
2023-07-15 02:00:00+00:00,16.98,5,2023-07-14 22:00:00+00:00,2023-07-15 22:00:00+00:00
2023-07-15 03:00:00+00:00,13.69,6,2023-07-14 22:00:00+00:00,2023-07-15 22:00:00+00:00
2023-07-15 04:00:00+00:00,19.9,7,2023-07-14 22:00:00+00:00,2023-07-15 22:00:00+00:00
2023-07-15 05:00:00+00:00,22.6,8,2023-07-14 22:00:00+00:00,2023-07-15 22:00:00+00:00
2023-07-15 06:00:00+00:00,29.95,9,2023-07-14 22:00:00+00:00,2023-07-15 22:00:00+00:00
2023-07-15 07:00:00+00:00,17.41,10,2023-07-14 22:00:00+00:00,2023-07-15 22:00:00+00:00
2023-07-15 08:00:00+00:00,4.6,11,2023-07-14 22:00:00+00:00,2023-07-15 22:00:00+00:00
2023-07-15 09:00:00+00:00,0.0,12,2023-07-14 22:00:00+00:00,2023-07-15 22:00:00+00:00
2023-07-15 10:00:00+00:00,-0.02,13,2023-07-14 22:00:00+00:00,2023-07-15 22:00:00+00:00
2023-07-15 11:00:00+00:00,-0.16,14,2023-07-14 22:00:00+00:00,2023-07-15 22:00:00+00:00
2023-07-15 12:00:00+00:00,-1.0,15,2023-07-14 22:00:00+00:00,2023-07-15 22:00:00+00:00
2023-07-15 13:00:00+00:00,-0.1,16,2023-07-14 22:00:00+00:00,2023-07-15 22:00:00+00:00
2023-07-15 14:00:00+00:00,0.02,17,2023-07-14 22:00:00+00:00,2023-07-15 22:00:00+00:00
2023-07-15 15:00:00+00:00,5.0,18,2023-07-14 22:00:00+00:00,2023-07-15 22:00:00+00:00
2023-07-15 16:00:00+00:00,68.13,19,2023-07-14 22:00:00+00:00,2023-07-15 22:00:00+00:00
2023-07-15 17:00:00+00:00,79.27,20,2023-07-14 22:00:00+00:00,2023-07-15 22:00:00+00:00
2023-07-15 18:00:00+00:00,88.58,21,2023-07-14 22:00:00+00:00,2023-07-15 22:00:00+00:00
2023-07-15 19:00:00+00:00,83.8,22,2023-07-14 22:00:00+00:00,2023-07-15 22:00:00+00:00
2023-07-15 20:00:00+00:00,83.03,23,2023-07-14 22:00:00+00:00,2023-07-15 22:00:00+00:00
2023-07-15 21:00:00+00:00,71.82,24,2023-07-14 22:00:00+00:00,2023-07-15 22:00:00+00:00
2023-07-15 22:00:00+00:00,57.04,1,2023-07-15 22:00:00+00:00,2023-07-16 22:00:00+00:00
2023-07-15 23:00:00+00:00,19.69,2,2023-07-15 22:00:00+00:00,2023-07-16 22:00:00+00:00
2023-07-16 00:00:00+00:00,1.45,3,2023-07-15 22:00:00+00:00,2023-07-16 22:00:00+00:00
2023-07-16 01:00:00+00:00,-0.07,4,2023-07-15 22:00:00+00:00,2023-07-16 22:00:00+00:00
2023-07-16 02:00:00+00:00,-0.14,5,2023-07-15 22:00:00+00:00,2023-07-16 22:00:00+00:00
2023-07-16 03:00:00+00:00,-0.43,6,2023-07-15 22:00:00+00:00,2023-07-16 22:00:00+00:00
2023-07-16 04:00:00+00:00,-4.1,7,2023-07-15 22:00:00+00:00,2023-07-16 22:00:00+00:00
2023-07-16 05:00:00+00:00,-10.0,8,2023-07-15 22:00:00+00:00,2023-07-16 22:00:00+00:00
2023-07-16 06:00:00+00:00,-10.05,9,2023-07-15 22:00:00+00:00,2023-07-16 22:00:00+00:00
2023-07-16 07:00:00+00:00,-14.58,10,2023-07-15 22:00:00+00:00,2023-07-16 22:00:00+00:00
2023-07-16 08:00:00+00:00,-20.0,11,2023-07-15 22:00:00+00:00,2023-07-16 22:00:00+00:00
2023-07-16 09:00:00+00:00,-27.0,12,2023-07-15 22:00:00+00:00,2023-07-16 22:00:00+00:00
2023-07-16 10:00:00+00:00,-53.75,13,2023-07-15 22:00:00+00:00,2023-07-16 22:00:00+00:00
2023-07-16 11:00:00+00:00,-65.43,14,2023-07-15 22:00:00+00:00,2023-07-16 22:00:00+00:00
2023-07-16 12:00:00+00:00,-73.76,15,2023-07-15 22:00:00+00:00,2023-07-16 22:00:00+00:00
2023-07-16 13:00:00+00:00,-51.07,16,2023-07-15 22:00:00+00:00,2023-07-16 22:00:00+00:00
2023-07-16 14:00:00+00:00,-30.05,17,2023-07-15 22:00:00+00:00,2023-07-16 22:00:00+00:00
2023-07-16 15:00:00+00:00,-8.44,18,2023-07-15 22:00:00+00:00,2023-07-16 22:00:00+00:00
2023-07-16 16:00:00+00:00,27.95,19,2023-07-15 22:00:00+00:00,2023-07-16 22:00:00+00:00
2023-07-16 17:00:00+00:00,90.03,20,2023-07-15 22:00:00+00:00,2023-07-16 22:00:00+00:00
2023-07-16 18:00:00+00:00,99.22,21,2023-07-15 22:00:00+00:00,2023-07-16 22:00:00+00:00
2023-07-16 19:00:00+00:00,108.0,22,2023-07-15 22:00:00+00:00,2023-07-16 22:00:00+00:00
2023-07-16 20:00:00+00:00,113.85,23,2023-07-15 22:00:00+00:00,2023-07-16 22:00:00+00:00
2023-07-16 21:00:00+00:00,107.54,24,2023-07-15 22:00:00+00:00,2023-07-16 22:00:00+00:00
2023-07-16 22:00:00+00:00,86.42,1,2023-07-16 22:00:00+00:00,2023-07-17 22:00:00+00:00
2023-07-16 23:00:00+00:00,65.5,2,2023-07-16 22:00:00+00:00,2023-07-17 22:00:00+00:00
2023-07-17 00:00:00+00:00,53.28,3,2023-07-16 22:00:00+00:00,2023-07-17 22:00:00+00:00
2023-07-17 01:00:00+00:00,50.0,4,2023-07-16 22:00:00+00:00,2023-07-17 22:00:00+00:00
2023-07-17 02:00:00+00:00,51.96,5,2023-07-16 22:00:00+00:00,2023-07-17 22:00:00+00:00
2023-07-17 03:00:00+00:00,53.2,6,2023-07-16 22:00:00+00:00,2023-07-17 22:00:00+00:00
2023-07-17 04:00:00+00:00,86.4,7,2023-07-16 22:00:00+00:00,2023-07-17 22:00:00+00:00
2023-07-17 05:00:00+00:00,77.2,8,2023-07-16 22:00:00+00:00,2023-07-17 22:00:00+00:00
2023-07-17 06:00:00+00:00,107.5,9,2023-07-16 22:00:00+00:00,2023-07-17 22:00:00+00:00
2023-07-17 07:00:00+00:00,89.27,10,2023-07-16 22:00:00+00:00,2023-07-17 22:00:00+00:00
2023-07-17 08:00:00+00:00,45.68,11,2023-07-16 22:00:00+00:00,2023-07-17 22:00:00+00:00
2023-07-17 09:00:00+00:00,35.0,12,2023-07-16 22:00:00+00:00,2023-07-17 22:00:00+00:00
2023-07-17 10:00:00+00:00,-52.65,13,2023-07-16 22:00:00+00:00,2023-07-17 22:00:00+00:00
2023-07-17 11:00:00+00:00,-6.73,14,2023-07-16 22:00:00+00:00,2023-07-17 22:00:00+00:00
2023-07-17 12:00:00+00:00,-10.0,15,2023-07-16 22:00:00+00:00,2023-07-17 22:00:00+00:00
2023-07-17 13:00:00+00:00,-0.01,16,2023-07-16 22:00:00+00:00,2023-07-17 22:00:00+00:00
2023-07-17 14:00:00+00:00,0.0,17,2023-07-16 22:00:00+00:00,2023-07-17 22:00:00+00:00
2023-07-17 15:00:00+00:00,57.82,18,2023-07-16 22:00:00+00:00,2023-07-17 22:00:00+00:00
2023-07-17 16:00:00+00:00,66.09,19,2023-07-16 22:00:00+00:00,2023-07-17 22:00:00+00:00
2023-07-17 17:00:00+00:00,94.9,20,2023-07-16 22:00:00+00:00,2023-07-17 22:00:00+00:00
2023-07-17 18:00:00+00:00,106.61,21,2023-07-16 22:00:00+00:00,2023-07-17 22:00:00+00:00
2023-07-17 19:00:00+00:00,124.43,22,2023-07-16 22:00:00+00:00,2023-07-17 22:00:00+00:00
2023-07-17 20:00:00+00:00,125.28,23,2023-07-16 22:00:00+00:00,2023-07-17 22:00:00+00:00
2023-07-17 21:00:00+00:00,110.44,24,2023-07-16 22:00:00+00:00,2023-07-17 22:00:00+00:00
2023-07-17 22:00:00+00:00,99.66,1,2023-07-17 22:00:00+00:00,2023-07-18 22:00:00+00:00
2023-07-17 23:00:00+00:00,73.0,2,2023-07-17 22:00:00+00:00,2023-07-18 22:00:00+00:00
2023-07-18 00:00:00+00:00,66.02,3,2023-07-17 22:00:00+00:00,2023-07-18 22:00:00+00:00
2023-07-18 01:00:00+00:00,69.47,4,2023-07-17 22:00:00+00:00,2023-07-18 22:00:00+00:00
2023-07-18 02:00:00+00:00,73.06,5,2023-07-17 22:00:00+00:00,2023-07-18 22:00:00+00:00
2023-07-18 03:00:00+00:00,88.58,6,2023-07-17 22:00:00+00:00,2023-07-18 22:00:00+00:00
2023-07-18 04:00:00+00:00,88.0,7,2023-07-17 22:00:00+00:00,2023-07-18 22:00:00+00:00
2023-07-18 05:00:00+00:00,100.82,8,2023-07-17 22:00:00+00:00,2023-07-18 22:00:00+00:00
2023-07-18 06:00:00+00:00,110.0,9,2023-07-17 22:00:00+00:00,2023-07-18 22:00:00+00:00
2023-07-18 07:00:00+00:00,85.4,10,2023-07-17 22:00:00+00:00,2023-07-18 22:00:00+00:00
2023-07-18 08:00:00+00:00,74.02,11,2023-07-17 22:00:00+00:00,2023-07-18 22:00:00+00:00
2023-07-18 09:00:00+00:00,70.0,12,2023-07-17 22:00:00+00:00,2023-07-18 22:00:00+00:00
2023-07-18 10:00:00+00:00,75.0,13,2023-07-17 22:00:00+00:00,2023-07-18 22:00:00+00:00
2023-07-18 11:00:00+00:00,69.12,14,2023-07-17 22:00:00+00:00,2023-07-18 22:00:00+00:00
2023-07-18 12:00:00+00:00,67.3,15,2023-07-17 22:00:00+00:00,2023-07-18 22:00:00+00:00
2023-07-18 13:00:00+00:00,70.0,16,2023-07-17 22:00:00+00:00,2023-07-18 22:00:00+00:00
2023-07-18 14:00:00+00:00,74.4,17,2023-07-17 22:00:00+00:00,2023-07-18 22:00:00+00:00
2023-07-18 15:00:00+00:00,94.03,18,2023-07-17 22:00:00+00:00,2023-07-18 22:00:00+00:00
2023-07-18 16:00:00+00:00,122.67,19,2023-07-17 22:00:00+00:00,2023-07-18 22:00:00+00:00
2023-07-18 17:00:00+00:00,168.26,20,2023-07-17 22:00:00+00:00,2023-07-18 22:00:00+00:00
2023-07-18 18:00:00+00:00,188.0,21,2023-07-17 22:00:00+00:00,2023-07-18 22:00:00+00:00
2023-07-18 19:00:00+00:00,164.21,22,2023-07-17 22:00:00+00:00,2023-07-18 22:00:00+00:00
2023-07-18 20:00:00+00:00,139.26,23,2023-07-17 22:00:00+00:00,2023-07-18 22:00:00+00:00
2023-07-18 21:00:00+00:00,112.1,24,2023-07-17 22:00:00+00:00,2023-07-18 22:00:00+00:00
2023-07-18 22:00:00+00:00,108.11,1,2023-07-18 22:00:00+00:00,2023-07-19 22:00:00+00:00
2023-07-18 23:00:00+00:00,101.04,2,2023-07-18 22:00:00+00:00,2023-07-19 22:00:00+00:00
2023-07-19 00:00:00+00:00,97.25,3,2023-07-18 22:00:00+00:00,2023-07-19 22:00:00+00:00
2023-07-19 01:00:00+00:00,95.05,4,2023-07-18 22:00:00+00:00,2023-07-19 22:00:00+00:00
2023-07-19 02:00:00+00:00,93.58,5,2023-07-18 22:00:00+00:00,2023-07-19 22:00:00+00:00
2023-07-19 03:00:00+00:00,94.9,6,2023-07-18 22:00:00+00:00,2023-07-19 22:00:00+00:00
2023-07-19 04:00:00+00:00,97.24,7,2023-07-18 22:00:00+00:00,2023-07-19 22:00:00+00:00
2023-07-19 05:00:00+00:00,116.99,8,2023-07-18 22:00:00+00:00,2023-07-19 22:00:00+00:00
2023-07-19 06:00:00+00:00,116.88,9,2023-07-18 22:00:00+00:00,2023-07-19 22:00:00+00:00
2023-07-19 07:00:00+00:00,99.9,10,2023-07-18 22:00:00+00:00,2023-07-19 22:00:00+00:00
2023-07-19 08:00:00+00:00,88.48,11,2023-07-18 22:00:00+00:00,2023-07-19 22:00:00+00:00
2023-07-19 09:00:00+00:00,81.29,12,2023-07-18 22:00:00+00:00,2023-07-19 22:00:00+00:00
2023-07-19 10:00:00+00:00,77.22,13,2023-07-18 22:00:00+00:00,2023-07-19 22:00:00+00:00
2023-07-19 11:00:00+00:00,69.28,14,2023-07-18 22:00:00+00:00,2023-07-19 22:00:00+00:00
2023-07-19 12:00:00+00:00,63.33,15,2023-07-18 22:00:00+00:00,2023-07-19 22:00:00+00:00
2023-07-19 13:00:00+00:00,62.65,16,2023-07-18 22:00:00+00:00,2023-07-19 22:00:00+00:00
2023-07-19 14:00:00+00:00,72.23,17,2023-07-18 22:00:00+00:00,2023-07-19 22:00:00+00:00
2023-07-19 15:00:00+00:00,76.54,18,2023-07-18 22:00:00+00:00,2023-07-19 22:00:00+00:00
2023-07-19 16:00:00+00:00,94.9,19,2023-07-18 22:00:00+00:00,2023-07-19 22:00:00+00:00
2023-07-19 17:00:00+00:00,111.81,20,2023-07-18 22:00:00+00:00,2023-07-19 22:00:00+00:00
2023-07-19 18:00:00+00:00,125.63,21,2023-07-18 22:00:00+00:00,2023-07-19 22:00:00+00:00
2023-07-19 19:00:00+00:00,122.7,22,2023-07-18 22:00:00+00:00,2023-07-19 22:00:00+00:00
2023-07-19 20:00:00+00:00,114.39,23,2023-07-18 22:00:00+00:00,2023-07-19 22:00:00+00:00
2023-07-19 21:00:00+00:00,101.1,24,2023-07-18 22:00:00+00:00,2023-07-19 22:00:00+00:00
2023-07-19 22:00:00+00:00,98.26,1,2023-07-19 22:00:00+00:00,2023-07-20 22:00:00+00:00
2023-07-19 23:00:00+00:00,94.45,2,2023-07-19 22:00:00+00:00,2023-07-20 22:00:00+00:00
2023-07-20 00:00:00+00:00,82.9,3,2023-07-19 22:00:00+00:00,2023-07-20 22:00:00+00:00
2023-07-20 01:00:00+00:00,80.39,4,2023-07-19 22:00:00+00:00,2023-07-20 22:00:00+00:00
2023-07-20 02:00:00+00:00,82.0,5,2023-07-19 22:00:00+00:00,2023-07-20 22:00:00+00:00
2023-07-20 03:00:00+00:00,83.88,6,2023-07-19 22:00:00+00:00,2023-07-20 22:00:00+00:00
2023-07-20 04:00:00+00:00,95.83,7,2023-07-19 22:00:00+00:00,2023-07-20 22:00:00+00:00
2023-07-20 05:00:00+00:00,106.45,8,2023-07-19 22:00:00+00:00,2023-07-20 22:00:00+00:00
2023-07-20 06:00:00+00:00,111.45,9,2023-07-19 22:00:00+00:00,2023-07-20 22:00:00+00:00
2023-07-20 07:00:00+00:00,98.87,10,2023-07-19 22:00:00+00:00,2023-07-20 22:00:00+00:00
2023-07-20 08:00:00+00:00,86.3,11,2023-07-19 22:00:00+00:00,2023-07-20 22:00:00+00:00
2023-07-20 09:00:00+00:00,75.66,12,2023-07-19 22:00:00+00:00,2023-07-20 22:00:00+00:00
2023-07-20 10:00:00+00:00,68.8,13,2023-07-19 22:00:00+00:00,2023-07-20 22:00:00+00:00
2023-07-20 11:00:00+00:00,59.12,14,2023-07-19 22:00:00+00:00,2023-07-20 22:00:00+00:00
2023-07-20 12:00:00+00:00,64.12,15,2023-07-19 22:00:00+00:00,2023-07-20 22:00:00+00:00
2023-07-20 13:00:00+00:00,74.13,16,2023-07-19 22:00:00+00:00,2023-07-20 22:00:00+00:00
2023-07-20 14:00:00+00:00,74.9,17,2023-07-19 22:00:00+00:00,2023-07-20 22:00:00+00:00
2023-07-20 15:00:00+00:00,85.49,18,2023-07-19 22:00:00+00:00,2023-07-20 22:00:00+00:00
2023-07-20 16:00:00+00:00,101.97,19,2023-07-19 22:00:00+00:00,2023-07-20 22:00:00+00:00
2023-07-20 17:00:00+00:00,126.58,20,2023-07-19 22:00:00+00:00,2023-07-20 22:00:00+00:00
2023-07-20 18:00:00+00:00,144.15,21,2023-07-19 22:00:00+00:00,2023-07-20 22:00:00+00:00
2023-07-20 19:00:00+00:00,137.19,22,2023-07-19 22:00:00+00:00,2023-07-20 22:00:00+00:00
2023-07-20 20:00:00+00:00,122.0,23,2023-07-19 22:00:00+00:00,2023-07-20 22:00:00+00:00
2023-07-20 21:00:00+00:00,109.66,24,2023-07-19 22:00:00+00:00,2023-07-20 22:00:00+00:00
2023-07-20 22:00:00+00:00,99.9,1,2023-07-20 22:00:00+00:00,2023-07-21 22:00:00+00:00
2023-07-20 23:00:00+00:00,95.0,2,2023-07-20 22:00:00+00:00,2023-07-21 22:00:00+00:00
2023-07-21 00:00:00+00:00,94.2,3,2023-07-20 22:00:00+00:00,2023-07-21 22:00:00+00:00
2023-07-21 01:00:00+00:00,91.46,4,2023-07-20 22:00:00+00:00,2023-07-21 22:00:00+00:00
2023-07-21 02:00:00+00:00,92.6,5,2023-07-20 22:00:00+00:00,2023-07-21 22:00:00+00:00
2023-07-21 03:00:00+00:00,97.05,6,2023-07-20 22:00:00+00:00,2023-07-21 22:00:00+00:00
2023-07-21 04:00:00+00:00,88.29,7,2023-07-20 22:00:00+00:00,2023-07-21 22:00:00+00:00
2023-07-21 05:00:00+00:00,95.0,8,2023-07-20 22:00:00+00:00,2023-07-21 22:00:00+00:00
2023-07-21 06:00:00+00:00,110.79,9,2023-07-20 22:00:00+00:00,2023-07-21 22:00:00+00:00
2023-07-21 07:00:00+00:00,103.09,10,2023-07-20 22:00:00+00:00,2023-07-21 22:00:00+00:00
2023-07-21 08:00:00+00:00,88.0,11,2023-07-20 22:00:00+00:00,2023-07-21 22:00:00+00:00
2023-07-21 09:00:00+00:00,89.55,12,2023-07-20 22:00:00+00:00,2023-07-21 22:00:00+00:00
2023-07-21 10:00:00+00:00,80.72,13,2023-07-20 22:00:00+00:00,2023-07-21 22:00:00+00:00
2023-07-21 11:00:00+00:00,77.72,14,2023-07-20 22:00:00+00:00,2023-07-21 22:00:00+00:00
2023-07-21 12:00:00+00:00,74.6,15,2023-07-20 22:00:00+00:00,2023-07-21 22:00:00+00:00
2023-07-21 13:00:00+00:00,73.68,16,2023-07-20 22:00:00+00:00,2023-07-21 22:00:00+00:00
2023-07-21 14:00:00+00:00,73.0,17,2023-07-20 22:00:00+00:00,2023-07-21 22:00:00+00:00
2023-07-21 15:00:00+00:00,87.4,18,2023-07-20 22:00:00+00:00,2023-07-21 22:00:00+00:00
2023-07-21 16:00:00+00:00,84.0,19,2023-07-20 22:00:00+00:00,2023-07-21 22:00:00+00:00
2023-07-21 17:00:00+00:00,121.51,20,2023-07-20 22:00:00+00:00,2023-07-21 22:00:00+00:00
2023-07-21 18:00:00+00:00,130.0,21,2023-07-20 22:00:00+00:00,2023-07-21 22:00:00+00:00
2023-07-21 19:00:00+00:00,121.7,22,2023-07-20 22:00:00+00:00,2023-07-21 22:00:00+00:00
2023-07-21 20:00:00+00:00,108.49,23,2023-07-20 22:00:00+00:00,2023-07-21 22:00:00+00:00
2023-07-21 21:00:00+00:00,95.64,24,2023-07-20 22:00:00+00:00,2023-07-21 22:00:00+00:00
2023-07-21 22:00:00+00:00,97.53,1,2023-07-21 22:00:00+00:00,2023-07-22 22:00:00+00:00
2023-07-21 23:00:00+00:00,98.42,2,2023-07-21 22:00:00+00:00,2023-07-22 22:00:00+00:00
2023-07-22 00:00:00+00:00,93.0,3,2023-07-21 22:00:00+00:00,2023-07-22 22:00:00+00:00
2023-07-22 01:00:00+00:00,94.36,4,2023-07-21 22:00:00+00:00,2023-07-22 22:00:00+00:00
2023-07-22 02:00:00+00:00,89.93,5,2023-07-21 22:00:00+00:00,2023-07-22 22:00:00+00:00
2023-07-22 03:00:00+00:00,88.0,6,2023-07-21 22:00:00+00:00,2023-07-22 22:00:00+00:00
2023-07-22 04:00:00+00:00,88.8,7,2023-07-21 22:00:00+00:00,2023-07-22 22:00:00+00:00
2023-07-22 05:00:00+00:00,86.18,8,2023-07-21 22:00:00+00:00,2023-07-22 22:00:00+00:00
2023-07-22 06:00:00+00:00,82.93,9,2023-07-21 22:00:00+00:00,2023-07-22 22:00:00+00:00
2023-07-22 07:00:00+00:00,90.7,10,2023-07-21 22:00:00+00:00,2023-07-22 22:00:00+00:00
2023-07-22 08:00:00+00:00,74.59,11,2023-07-21 22:00:00+00:00,2023-07-22 22:00:00+00:00
2023-07-22 09:00:00+00:00,46.56,12,2023-07-21 22:00:00+00:00,2023-07-22 22:00:00+00:00
2023-07-22 10:00:00+00:00,44.14,13,2023-07-21 22:00:00+00:00,2023-07-22 22:00:00+00:00
2023-07-22 11:00:00+00:00,22.34,14,2023-07-21 22:00:00+00:00,2023-07-22 22:00:00+00:00
2023-07-22 12:00:00+00:00,19.52,15,2023-07-21 22:00:00+00:00,2023-07-22 22:00:00+00:00
2023-07-22 13:00:00+00:00,29.05,16,2023-07-21 22:00:00+00:00,2023-07-22 22:00:00+00:00
2023-07-22 14:00:00+00:00,46.86,17,2023-07-21 22:00:00+00:00,2023-07-22 22:00:00+00:00
2023-07-22 15:00:00+00:00,70.87,18,2023-07-21 22:00:00+00:00,2023-07-22 22:00:00+00:00
2023-07-22 16:00:00+00:00,85.44,19,2023-07-21 22:00:00+00:00,2023-07-22 22:00:00+00:00
2023-07-22 17:00:00+00:00,99.78,20,2023-07-21 22:00:00+00:00,2023-07-22 22:00:00+00:00
2023-07-22 18:00:00+00:00,103.86,21,2023-07-21 22:00:00+00:00,2023-07-22 22:00:00+00:00
2023-07-22 19:00:00+00:00,116.15,22,2023-07-21 22:00:00+00:00,2023-07-22 22:00:00+00:00
2023-07-22 20:00:00+00:00,102.62,23,2023-07-21 22:00:00+00:00,2023-07-22 22:00:00+00:00
2023-07-22 21:00:00+00:00,97.31,24,2023-07-21 22:00:00+00:00,2023-07-22 22:00:00+00:00
2023-07-22 22:00:00+00:00,87.23,1,2023-07-22 22:00:00+00:00,2023-07-23 22:00:00+00:00
2023-07-22 23:00:00+00:00,79.37,2,2023-07-22 22:00:00+00:00,2023-07-23 22:00:00+00:00
2023-07-23 00:00:00+00:00,65.41,3,2023-07-22 22:00:00+00:00,2023-07-23 22:00:00+00:00
2023-07-23 01:00:00+00:00,33.22,4,2023-07-22 22:00:00+00:00,2023-07-23 22:00:00+00:00
2023-07-23 02:00:00+00:00,15.09,5,2023-07-22 22:00:00+00:00,2023-07-23 22:00:00+00:00
2023-07-23 03:00:00+00:00,11.09,6,2023-07-22 22:00:00+00:00,2023-07-23 22:00:00+00:00
2023-07-23 04:00:00+00:00,5.08,7,2023-07-22 22:00:00+00:00,2023-07-23 22:00:00+00:00
2023-07-23 05:00:00+00:00,2.88,8,2023-07-22 22:00:00+00:00,2023-07-23 22:00:00+00:00
2023-07-23 06:00:00+00:00,3.42,9,2023-07-22 22:00:00+00:00,2023-07-23 22:00:00+00:00
2023-07-23 07:00:00+00:00,0.09,10,2023-07-22 22:00:00+00:00,2023-07-23 22:00:00+00:00
2023-07-23 08:00:00+00:00,0.0,11,2023-07-22 22:00:00+00:00,2023-07-23 22:00:00+00:00
2023-07-23 09:00:00+00:00,-0.03,12,2023-07-22 22:00:00+00:00,2023-07-23 22:00:00+00:00
2023-07-23 10:00:00+00:00,-0.05,13,2023-07-22 22:00:00+00:00,2023-07-23 22:00:00+00:00
2023-07-23 11:00:00+00:00,-10.08,14,2023-07-22 22:00:00+00:00,2023-07-23 22:00:00+00:00
2023-07-23 12:00:00+00:00,-17.01,15,2023-07-22 22:00:00+00:00,2023-07-23 22:00:00+00:00
2023-07-23 13:00:00+00:00,-9.61,16,2023-07-22 22:00:00+00:00,2023-07-23 22:00:00+00:00
2023-07-23 14:00:00+00:00,-4.19,17,2023-07-22 22:00:00+00:00,2023-07-23 22:00:00+00:00
2023-07-23 15:00:00+00:00,0.0,18,2023-07-22 22:00:00+00:00,2023-07-23 22:00:00+00:00
2023-07-23 16:00:00+00:00,27.47,19,2023-07-22 22:00:00+00:00,2023-07-23 22:00:00+00:00
2023-07-23 17:00:00+00:00,66.37,20,2023-07-22 22:00:00+00:00,2023-07-23 22:00:00+00:00
2023-07-23 18:00:00+00:00,87.66,21,2023-07-22 22:00:00+00:00,2023-07-23 22:00:00+00:00
2023-07-23 19:00:00+00:00,93.67,22,2023-07-22 22:00:00+00:00,2023-07-23 22:00:00+00:00
2023-07-23 20:00:00+00:00,100.04,23,2023-07-22 22:00:00+00:00,2023-07-23 22:00:00+00:00
2023-07-23 21:00:00+00:00,93.4,24,2023-07-22 22:00:00+00:00,2023-07-23 22:00:00+00:00
2023-07-23 22:00:00+00:00,77.14,1,2023-07-23 22:00:00+00:00,2023-07-24 22:00:00+00:00
2023-07-23 23:00:00+00:00,70.02,2,2023-07-23 22:00:00+00:00,2023-07-24 22:00:00+00:00
2023-07-24 00:00:00+00:00,68.99,3,2023-07-23 22:00:00+00:00,2023-07-24 22:00:00+00:00
2023-07-24 01:00:00+00:00,72.01,4,2023-07-23 22:00:00+00:00,2023-07-24 22:00:00+00:00
2023-07-24 02:00:00+00:00,72.09,5,2023-07-23 22:00:00+00:00,2023-07-24 22:00:00+00:00
2023-07-24 03:00:00+00:00,87.11,6,2023-07-23 22:00:00+00:00,2023-07-24 22:00:00+00:00
2023-07-24 04:00:00+00:00,99.72,7,2023-07-23 22:00:00+00:00,2023-07-24 22:00:00+00:00
2023-07-24 05:00:00+00:00,111.15,8,2023-07-23 22:00:00+00:00,2023-07-24 22:00:00+00:00
2023-07-24 06:00:00+00:00,113.7,9,2023-07-23 22:00:00+00:00,2023-07-24 22:00:00+00:00
2023-07-24 07:00:00+00:00,105.0,10,2023-07-23 22:00:00+00:00,2023-07-24 22:00:00+00:00
2023-07-24 08:00:00+00:00,99.94,11,2023-07-23 22:00:00+00:00,2023-07-24 22:00:00+00:00
2023-07-24 09:00:00+00:00,94.62,12,2023-07-23 22:00:00+00:00,2023-07-24 22:00:00+00:00
2023-07-24 10:00:00+00:00,87.45,13,2023-07-23 22:00:00+00:00,2023-07-24 22:00:00+00:00
2023-07-24 11:00:00+00:00,81.59,14,2023-07-23 22:00:00+00:00,2023-07-24 22:00:00+00:00
2023-07-24 12:00:00+00:00,74.89,15,2023-07-23 22:00:00+00:00,2023-07-24 22:00:00+00:00
2023-07-24 13:00:00+00:00,63.4,16,2023-07-23 22:00:00+00:00,2023-07-24 22:00:00+00:00
2023-07-24 14:00:00+00:00,63.73,17,2023-07-23 22:00:00+00:00,2023-07-24 22:00:00+00:00
2023-07-24 15:00:00+00:00,77.48,18,2023-07-23 22:00:00+00:00,2023-07-24 22:00:00+00:00
2023-07-24 16:00:00+00:00,95.24,19,2023-07-23 22:00:00+00:00,2023-07-24 22:00:00+00:00
2023-07-24 17:00:00+00:00,104.97,20,2023-07-23 22:00:00+00:00,2023-07-24 22:00:00+00:00
2023-07-24 18:00:00+00:00,109.9,21,2023-07-23 22:00:00+00:00,2023-07-24 22:00:00+00:00
2023-07-24 19:00:00+00:00,112.57,22,2023-07-23 22:00:00+00:00,2023-07-24 22:00:00+00:00
2023-07-24 20:00:00+00:00,104.24,23,2023-07-23 22:00:00+00:00,2023-07-24 22:00:00+00:00
2023-07-24 21:00:00+00:00,102.45,24,2023-07-23 22:00:00+00:00,2023-07-24 22:00:00+00:00
2023-07-24 22:00:00+00:00,96.0,1,2023-07-24 22:00:00+00:00,2023-07-25 22:00:00+00:00
2023-07-24 23:00:00+00:00,86.55,2,2023-07-24 22:00:00+00:00,2023-07-25 22:00:00+00:00
2023-07-25 00:00:00+00:00,84.95,3,2023-07-24 22:00:00+00:00,2023-07-25 22:00:00+00:00
2023-07-25 01:00:00+00:00,84.69,4,2023-07-24 22:00:00+00:00,2023-07-25 22:00:00+00:00
2023-07-25 02:00:00+00:00,84.15,5,2023-07-24 22:00:00+00:00,2023-07-25 22:00:00+00:00
2023-07-25 03:00:00+00:00,94.21,6,2023-07-24 22:00:00+00:00,2023-07-25 22:00:00+00:00
2023-07-25 04:00:00+00:00,89.0,7,2023-07-24 22:00:00+00:00,2023-07-25 22:00:00+00:00
2023-07-25 05:00:00+00:00,94.0,8,2023-07-24 22:00:00+00:00,2023-07-25 22:00:00+00:00
2023-07-25 06:00:00+00:00,100.3,9,2023-07-24 22:00:00+00:00,2023-07-25 22:00:00+00:00
2023-07-25 07:00:00+00:00,94.9,10,2023-07-24 22:00:00+00:00,2023-07-25 22:00:00+00:00
2023-07-25 08:00:00+00:00,81.24,11,2023-07-24 22:00:00+00:00,2023-07-25 22:00:00+00:00
2023-07-25 09:00:00+00:00,72.0,12,2023-07-24 22:00:00+00:00,2023-07-25 22:00:00+00:00
2023-07-25 10:00:00+00:00,39.95,13,2023-07-24 22:00:00+00:00,2023-07-25 22:00:00+00:00
2023-07-25 11:00:00+00:00,26.5,14,2023-07-24 22:00:00+00:00,2023-07-25 22:00:00+00:00
2023-07-25 12:00:00+00:00,25.79,15,2023-07-24 22:00:00+00:00,2023-07-25 22:00:00+00:00
2023-07-25 13:00:00+00:00,41.0,16,2023-07-24 22:00:00+00:00,2023-07-25 22:00:00+00:00
2023-07-25 14:00:00+00:00,74.81,17,2023-07-24 22:00:00+00:00,2023-07-25 22:00:00+00:00
2023-07-25 15:00:00+00:00,84.0,18,2023-07-24 22:00:00+00:00,2023-07-25 22:00:00+00:00
2023-07-25 16:00:00+00:00,88.9,19,2023-07-24 22:00:00+00:00,2023-07-25 22:00:00+00:00
2023-07-25 17:00:00+00:00,105.1,20,2023-07-24 22:00:00+00:00,2023-07-25 22:00:00+00:00
2023-07-25 18:00:00+00:00,119.28,21,2023-07-24 22:00:00+00:00,2023-07-25 22:00:00+00:00
2023-07-25 19:00:00+00:00,118.13,22,2023-07-24 22:00:00+00:00,2023-07-25 22:00:00+00:00
2023-07-25 20:00:00+00:00,110.1,23,2023-07-24 22:00:00+00:00,2023-07-25 22:00:00+00:00
2023-07-25 21:00:00+00:00,98.5,24,2023-07-24 22:00:00+00:00,2023-07-25 22:00:00+00:00
2023-07-25 22:00:00+00:00,97.96,1,2023-07-25 22:00:00+00:00,2023-07-26 22:00:00+00:00
2023-07-25 23:00:00+00:00,89.31,2,2023-07-25 22:00:00+00:00,2023-07-26 22:00:00+00:00
2023-07-26 00:00:00+00:00,86.26,3,2023-07-25 22:00:00+00:00,2023-07-26 22:00:00+00:00
2023-07-26 01:00:00+00:00,79.65,4,2023-07-25 22:00:00+00:00,2023-07-26 22:00:00+00:00
2023-07-26 02:00:00+00:00,79.64,5,2023-07-25 22:00:00+00:00,2023-07-26 22:00:00+00:00
2023-07-26 03:00:00+00:00,86.83,6,2023-07-25 22:00:00+00:00,2023-07-26 22:00:00+00:00
2023-07-26 04:00:00+00:00,100.14,7,2023-07-25 22:00:00+00:00,2023-07-26 22:00:00+00:00
2023-07-26 05:00:00+00:00,114.22,8,2023-07-25 22:00:00+00:00,2023-07-26 22:00:00+00:00
2023-07-26 06:00:00+00:00,119.94,9,2023-07-25 22:00:00+00:00,2023-07-26 22:00:00+00:00
2023-07-26 07:00:00+00:00,105.6,10,2023-07-25 22:00:00+00:00,2023-07-26 22:00:00+00:00
2023-07-26 08:00:00+00:00,97.48,11,2023-07-25 22:00:00+00:00,2023-07-26 22:00:00+00:00
2023-07-26 09:00:00+00:00,90.97,12,2023-07-25 22:00:00+00:00,2023-07-26 22:00:00+00:00
2023-07-26 10:00:00+00:00,84.59,13,2023-07-25 22:00:00+00:00,2023-07-26 22:00:00+00:00
2023-07-26 11:00:00+00:00,72.0,14,2023-07-25 22:00:00+00:00,2023-07-26 22:00:00+00:00
2023-07-26 12:00:00+00:00,65.16,15,2023-07-25 22:00:00+00:00,2023-07-26 22:00:00+00:00
2023-07-26 13:00:00+00:00,56.4,16,2023-07-25 22:00:00+00:00,2023-07-26 22:00:00+00:00
2023-07-26 14:00:00+00:00,80.0,17,2023-07-25 22:00:00+00:00,2023-07-26 22:00:00+00:00
2023-07-26 15:00:00+00:00,89.19,18,2023-07-25 22:00:00+00:00,2023-07-26 22:00:00+00:00
2023-07-26 16:00:00+00:00,95.13,19,2023-07-25 22:00:00+00:00,2023-07-26 22:00:00+00:00
2023-07-26 17:00:00+00:00,114.94,20,2023-07-25 22:00:00+00:00,2023-07-26 22:00:00+00:00
2023-07-26 18:00:00+00:00,120.86,21,2023-07-25 22:00:00+00:00,2023-07-26 22:00:00+00:00
2023-07-26 19:00:00+00:00,117.81,22,2023-07-25 22:00:00+00:00,2023-07-26 22:00:00+00:00
2023-07-26 20:00:00+00:00,110.62,23,2023-07-25 22:00:00+00:00,2023-07-26 22:00:00+00:00
2023-07-26 21:00:00+00:00,97.0,24,2023-07-25 22:00:00+00:00,2023-07-26 22:00:00+00:00
2023-07-26 22:00:00+00:00,98.36,1,2023-07-26 22:00:00+00:00,2023-07-27 22:00:00+00:00
2023-07-26 23:00:00+00:00,82.69,2,2023-07-26 22:00:00+00:00,2023-07-27 22:00:00+00:00
2023-07-27 00:00:00+00:00,76.0,3,2023-07-26 22:00:00+00:00,2023-07-27 22:00:00+00:00
2023-07-27 01:00:00+00:00,71.06,4,2023-07-26 22:00:00+00:00,2023-07-27 22:00:00+00:00
2023-07-27 02:00:00+00:00,70.58,5,2023-07-26 22:00:00+00:00,2023-07-27 22:00:00+00:00
2023-07-27 03:00:00+00:00,78.6,6,2023-07-26 22:00:00+00:00,2023-07-27 22:00:00+00:00
2023-07-27 04:00:00+00:00,83.34,7,2023-07-26 22:00:00+00:00,2023-07-27 22:00:00+00:00
2023-07-27 05:00:00+00:00,98.5,8,2023-07-26 22:00:00+00:00,2023-07-27 22:00:00+00:00
2023-07-27 06:00:00+00:00,104.3,9,2023-07-26 22:00:00+00:00,2023-07-27 22:00:00+00:00
2023-07-27 07:00:00+00:00,99.12,10,2023-07-26 22:00:00+00:00,2023-07-27 22:00:00+00:00
2023-07-27 08:00:00+00:00,96.8,11,2023-07-26 22:00:00+00:00,2023-07-27 22:00:00+00:00
2023-07-27 09:00:00+00:00,90.57,12,2023-07-26 22:00:00+00:00,2023-07-27 22:00:00+00:00
2023-07-27 10:00:00+00:00,86.45,13,2023-07-26 22:00:00+00:00,2023-07-27 22:00:00+00:00
2023-07-27 11:00:00+00:00,80.01,14,2023-07-26 22:00:00+00:00,2023-07-27 22:00:00+00:00
2023-07-27 12:00:00+00:00,78.33,15,2023-07-26 22:00:00+00:00,2023-07-27 22:00:00+00:00
2023-07-27 13:00:00+00:00,80.72,16,2023-07-26 22:00:00+00:00,2023-07-27 22:00:00+00:00
2023-07-27 14:00:00+00:00,91.48,17,2023-07-26 22:00:00+00:00,2023-07-27 22:00:00+00:00
2023-07-27 15:00:00+00:00,105.0,18,2023-07-26 22:00:00+00:00,2023-07-27 22:00:00+00:00
2023-07-27 16:00:00+00:00,112.83,19,2023-07-26 22:00:00+00:00,2023-07-27 22:00:00+00:00
2023-07-27 17:00:00+00:00,114.33,20,2023-07-26 22:00:00+00:00,2023-07-27 22:00:00+00:00
2023-07-27 18:00:00+00:00,109.66,21,2023-07-26 22:00:00+00:00,2023-07-27 22:00:00+00:00
2023-07-27 19:00:00+00:00,107.96,22,2023-07-26 22:00:00+00:00,2023-07-27 22:00:00+00:00
2023-07-27 20:00:00+00:00,106.64,23,2023-07-26 22:00:00+00:00,2023-07-27 22:00:00+00:00
2023-07-27 21:00:00+00:00,99.13,24,2023-07-26 22:00:00+00:00,2023-07-27 22:00:00+00:00
2023-07-27 22:00:00+00:00,88.63,1,2023-07-27 22:00:00+00:00,2023-07-28 22:00:00+00:00
2023-07-27 23:00:00+00:00,79.59,2,2023-07-27 22:00:00+00:00,2023-07-28 22:00:00+00:00
2023-07-28 00:00:00+00:00,78.13,3,2023-07-27 22:00:00+00:00,2023-07-28 22:00:00+00:00
2023-07-28 01:00:00+00:00,79.2,4,2023-07-27 22:00:00+00:00,2023-07-28 22:00:00+00:00
2023-07-28 02:00:00+00:00,80.02,5,2023-07-27 22:00:00+00:00,2023-07-28 22:00:00+00:00
2023-07-28 03:00:00+00:00,89.53,6,2023-07-27 22:00:00+00:00,2023-07-28 22:00:00+00:00
2023-07-28 04:00:00+00:00,99.64,7,2023-07-27 22:00:00+00:00,2023-07-28 22:00:00+00:00
2023-07-28 05:00:00+00:00,111.11,8,2023-07-27 22:00:00+00:00,2023-07-28 22:00:00+00:00
2023-07-28 06:00:00+00:00,112.99,9,2023-07-27 22:00:00+00:00,2023-07-28 22:00:00+00:00
2023-07-28 07:00:00+00:00,107.87,10,2023-07-27 22:00:00+00:00,2023-07-28 22:00:00+00:00
2023-07-28 08:00:00+00:00,99.54,11,2023-07-27 22:00:00+00:00,2023-07-28 22:00:00+00:00
2023-07-28 09:00:00+00:00,93.0,12,2023-07-27 22:00:00+00:00,2023-07-28 22:00:00+00:00
2023-07-28 10:00:00+00:00,83.35,13,2023-07-27 22:00:00+00:00,2023-07-28 22:00:00+00:00
2023-07-28 11:00:00+00:00,80.0,14,2023-07-27 22:00:00+00:00,2023-07-28 22:00:00+00:00
2023-07-28 12:00:00+00:00,75.65,15,2023-07-27 22:00:00+00:00,2023-07-28 22:00:00+00:00
2023-07-28 13:00:00+00:00,76.1,16,2023-07-27 22:00:00+00:00,2023-07-28 22:00:00+00:00
2023-07-28 14:00:00+00:00,80.0,17,2023-07-27 22:00:00+00:00,2023-07-28 22:00:00+00:00
2023-07-28 15:00:00+00:00,92.84,18,2023-07-27 22:00:00+00:00,2023-07-28 22:00:00+00:00
2023-07-28 16:00:00+00:00,101.57,19,2023-07-27 22:00:00+00:00,2023-07-28 22:00:00+00:00
2023-07-28 17:00:00+00:00,111.73,20,2023-07-27 22:00:00+00:00,2023-07-28 22:00:00+00:00
2023-07-28 18:00:00+00:00,112.66,21,2023-07-27 22:00:00+00:00,2023-07-28 22:00:00+00:00
2023-07-28 19:00:00+00:00,120.67,22,2023-07-27 22:00:00+00:00,2023-07-28 22:00:00+00:00
2023-07-28 20:00:00+00:00,112.2,23,2023-07-27 22:00:00+00:00,2023-07-28 22:00:00+00:00
2023-07-28 21:00:00+00:00,101.64,24,2023-07-27 22:00:00+00:00,2023-07-28 22:00:00+00:00
2023-07-28 22:00:00+00:00,103.09,1,2023-07-28 22:00:00+00:00,2023-07-29 22:00:00+00:00
2023-07-28 23:00:00+00:00,94.2,2,2023-07-28 22:00:00+00:00,2023-07-29 22:00:00+00:00
2023-07-29 00:00:00+00:00,91.17,3,2023-07-28 22:00:00+00:00,2023-07-29 22:00:00+00:00
2023-07-29 01:00:00+00:00,85.66,4,2023-07-28 22:00:00+00:00,2023-07-29 22:00:00+00:00
2023-07-29 02:00:00+00:00,88.97,5,2023-07-28 22:00:00+00:00,2023-07-29 22:00:00+00:00
2023-07-29 03:00:00+00:00,87.03,6,2023-07-28 22:00:00+00:00,2023-07-29 22:00:00+00:00
2023-07-29 04:00:00+00:00,85.7,7,2023-07-28 22:00:00+00:00,2023-07-29 22:00:00+00:00
2023-07-29 05:00:00+00:00,87.91,8,2023-07-28 22:00:00+00:00,2023-07-29 22:00:00+00:00
2023-07-29 06:00:00+00:00,85.79,9,2023-07-28 22:00:00+00:00,2023-07-29 22:00:00+00:00
2023-07-29 07:00:00+00:00,81.71,10,2023-07-28 22:00:00+00:00,2023-07-29 22:00:00+00:00
2023-07-29 08:00:00+00:00,75.5,11,2023-07-28 22:00:00+00:00,2023-07-29 22:00:00+00:00
2023-07-29 09:00:00+00:00,63.75,12,2023-07-28 22:00:00+00:00,2023-07-29 22:00:00+00:00
2023-07-29 10:00:00+00:00,58.24,13,2023-07-28 22:00:00+00:00,2023-07-29 22:00:00+00:00
2023-07-29 11:00:00+00:00,40.09,14,2023-07-28 22:00:00+00:00,2023-07-29 22:00:00+00:00
2023-07-29 12:00:00+00:00,15.05,15,2023-07-28 22:00:00+00:00,2023-07-29 22:00:00+00:00
2023-07-29 13:00:00+00:00,19.36,16,2023-07-28 22:00:00+00:00,2023-07-29 22:00:00+00:00
2023-07-29 14:00:00+00:00,9.99,17,2023-07-28 22:00:00+00:00,2023-07-29 22:00:00+00:00
2023-07-29 15:00:00+00:00,50.06,18,2023-07-28 22:00:00+00:00,2023-07-29 22:00:00+00:00
2023-07-29 16:00:00+00:00,72.6,19,2023-07-28 22:00:00+00:00,2023-07-29 22:00:00+00:00
2023-07-29 17:00:00+00:00,91.46,20,2023-07-28 22:00:00+00:00,2023-07-29 22:00:00+00:00
2023-07-29 18:00:00+00:00,99.85,21,2023-07-28 22:00:00+00:00,2023-07-29 22:00:00+00:00
2023-07-29 19:00:00+00:00,100.82,22,2023-07-28 22:00:00+00:00,2023-07-29 22:00:00+00:00
2023-07-29 20:00:00+00:00,100.36,23,2023-07-28 22:00:00+00:00,2023-07-29 22:00:00+00:00
2023-07-29 21:00:00+00:00,92.18,24,2023-07-28 22:00:00+00:00,2023-07-29 22:00:00+00:00
2023-07-29 22:00:00+00:00,84.5,1,2023-07-29 22:00:00+00:00,2023-07-30 22:00:00+00:00
2023-07-29 23:00:00+00:00,74.9,2,2023-07-29 22:00:00+00:00,2023-07-30 22:00:00+00:00
2023-07-30 00:00:00+00:00,67.81,3,2023-07-29 22:00:00+00:00,2023-07-30 22:00:00+00:00
2023-07-30 01:00:00+00:00,57.79,4,2023-07-29 22:00:00+00:00,2023-07-30 22:00:00+00:00
2023-07-30 02:00:00+00:00,51.6,5,2023-07-29 22:00:00+00:00,2023-07-30 22:00:00+00:00
2023-07-30 03:00:00+00:00,51.7,6,2023-07-29 22:00:00+00:00,2023-07-30 22:00:00+00:00
2023-07-30 04:00:00+00:00,47.34,7,2023-07-29 22:00:00+00:00,2023-07-30 22:00:00+00:00
2023-07-30 05:00:00+00:00,37.0,8,2023-07-29 22:00:00+00:00,2023-07-30 22:00:00+00:00
2023-07-30 06:00:00+00:00,29.82,9,2023-07-29 22:00:00+00:00,2023-07-30 22:00:00+00:00
2023-07-30 07:00:00+00:00,8.48,10,2023-07-29 22:00:00+00:00,2023-07-30 22:00:00+00:00
2023-07-30 08:00:00+00:00,-0.01,11,2023-07-29 22:00:00+00:00,2023-07-30 22:00:00+00:00
2023-07-30 09:00:00+00:00,-16.02,12,2023-07-29 22:00:00+00:00,2023-07-30 22:00:00+00:00
2023-07-30 10:00:00+00:00,-22.33,13,2023-07-29 22:00:00+00:00,2023-07-30 22:00:00+00:00
2023-07-30 11:00:00+00:00,-68.41,14,2023-07-29 22:00:00+00:00,2023-07-30 22:00:00+00:00
2023-07-30 12:00:00+00:00,-88.03,15,2023-07-29 22:00:00+00:00,2023-07-30 22:00:00+00:00
2023-07-30 13:00:00+00:00,-61.06,16,2023-07-29 22:00:00+00:00,2023-07-30 22:00:00+00:00
2023-07-30 14:00:00+00:00,-30.32,17,2023-07-29 22:00:00+00:00,2023-07-30 22:00:00+00:00
2023-07-30 15:00:00+00:00,-11.12,18,2023-07-29 22:00:00+00:00,2023-07-30 22:00:00+00:00
2023-07-30 16:00:00+00:00,4.02,19,2023-07-29 22:00:00+00:00,2023-07-30 22:00:00+00:00
2023-07-30 17:00:00+00:00,74.37,20,2023-07-29 22:00:00+00:00,2023-07-30 22:00:00+00:00
2023-07-30 18:00:00+00:00,84.47,21,2023-07-29 22:00:00+00:00,2023-07-30 22:00:00+00:00
2023-07-30 19:00:00+00:00,86.83,22,2023-07-29 22:00:00+00:00,2023-07-30 22:00:00+00:00
2023-07-30 20:00:00+00:00,86.19,23,2023-07-29 22:00:00+00:00,2023-07-30 22:00:00+00:00
2023-07-30 21:00:00+00:00,70.05,24,2023-07-29 22:00:00+00:00,2023-07-30 22:00:00+00:00
2023-07-30 22:00:00+00:00,61.03,1,2023-07-30 22:00:00+00:00,2023-07-31 22:00:00+00:00
2023-07-30 23:00:00+00:00,50.51,2,2023-07-30 22:00:00+00:00,2023-07-31 22:00:00+00:00
2023-07-31 00:00:00+00:00,44.09,3,2023-07-30 22:00:00+00:00,2023-07-31 22:00:00+00:00
2023-07-31 01:00:00+00:00,30.3,4,2023-07-30 22:00:00+00:00,2023-07-31 22:00:00+00:00
2023-07-31 02:00:00+00:00,28.91,5,2023-07-30 22:00:00+00:00,2023-07-31 22:00:00+00:00
2023-07-31 03:00:00+00:00,50.31,6,2023-07-30 22:00:00+00:00,2023-07-31 22:00:00+00:00
2023-07-31 04:00:00+00:00,77.21,7,2023-07-30 22:00:00+00:00,2023-07-31 22:00:00+00:00
2023-07-31 05:00:00+00:00,86.13,8,2023-07-30 22:00:00+00:00,2023-07-31 22:00:00+00:00
2023-07-31 06:00:00+00:00,88.13,9,2023-07-30 22:00:00+00:00,2023-07-31 22:00:00+00:00
2023-07-31 07:00:00+00:00,86.0,10,2023-07-30 22:00:00+00:00,2023-07-31 22:00:00+00:00
2023-07-31 08:00:00+00:00,74.18,11,2023-07-30 22:00:00+00:00,2023-07-31 22:00:00+00:00
2023-07-31 09:00:00+00:00,67.51,12,2023-07-30 22:00:00+00:00,2023-07-31 22:00:00+00:00
2023-07-31 10:00:00+00:00,65.3,13,2023-07-30 22:00:00+00:00,2023-07-31 22:00:00+00:00
2023-07-31 11:00:00+00:00,59.66,14,2023-07-30 22:00:00+00:00,2023-07-31 22:00:00+00:00
2023-07-31 12:00:00+00:00,59.17,15,2023-07-30 22:00:00+00:00,2023-07-31 22:00:00+00:00
2023-07-31 13:00:00+00:00,60.0,16,2023-07-30 22:00:00+00:00,2023-07-31 22:00:00+00:00
2023-07-31 14:00:00+00:00,67.69,17,2023-07-30 22:00:00+00:00,2023-07-31 22:00:00+00:00
2023-07-31 15:00:00+00:00,75.78,18,2023-07-30 22:00:00+00:00,2023-07-31 22:00:00+00:00
2023-07-31 16:00:00+00:00,88.49,19,2023-07-30 22:00:00+00:00,2023-07-31 22:00:00+00:00
2023-07-31 17:00:00+00:00,97.43,20,2023-07-30 22:00:00+00:00,2023-07-31 22:00:00+00:00
2023-07-31 18:00:00+00:00,99.86,21,2023-07-30 22:00:00+00:00,2023-07-31 22:00:00+00:00
2023-07-31 19:00:00+00:00,98.65,22,2023-07-30 22:00:00+00:00,2023-07-31 22:00:00+00:00
2023-07-31 20:00:00+00:00,95.31,23,2023-07-30 22:00:00+00:00,2023-07-31 22:00:00+00:00
2023-07-31 21:00:00+00:00,87.72,24,2023-07-30 22:00:00+00:00,2023-07-31 22:00:00+00:00
2023-07-31 22:00:00+00:00,68.09,1,2023-07-31 22:00:00+00:00,2023-08-01 22:00:00+00:00
2023-07-31 22:00:00+00:00,68.09,1,2023-07-31 22:00:00+00:00,2023-08-01 22:00:00+00:00
2023-07-31 23:00:00+00:00,58.86,2,2023-07-31 22:00:00+00:00,2023-08-01 22:00:00+00:00
2023-07-31 23:00:00+00:00,58.86,2,2023-07-31 22:00:00+00:00,2023-08-01 22:00:00+00:00
2023-08-01 00:00:00+00:00,57.86,3,2023-07-31 22:00:00+00:00,2023-08-01 22:00:00+00:00
2023-08-01 00:00:00+00:00,57.86,3,2023-07-31 22:00:00+00:00,2023-08-01 22:00:00+00:00
2023-08-01 01:00:00+00:00,56.94,4,2023-07-31 22:00:00+00:00,2023-08-01 22:00:00+00:00
2023-08-01 01:00:00+00:00,56.94,4,2023-07-31 22:00:00+00:00,2023-08-01 22:00:00+00:00
2023-08-01 02:00:00+00:00,57.9,5,2023-07-31 22:00:00+00:00,2023-08-01 22:00:00+00:00
2023-08-01 02:00:00+00:00,57.9,5,2023-07-31 22:00:00+00:00,2023-08-01 22:00:00+00:00
2023-08-01 03:00:00+00:00,63.4,6,2023-07-31 22:00:00+00:00,2023-08-01 22:00:00+00:00
2023-08-01 03:00:00+00:00,63.4,6,2023-07-31 22:00:00+00:00,2023-08-01 22:00:00+00:00
2023-08-01 04:00:00+00:00,90.5,7,2023-07-31 22:00:00+00:00,2023-08-01 22:00:00+00:00
2023-08-01 04:00:00+00:00,90.5,7,2023-07-31 22:00:00+00:00,2023-08-01 22:00:00+00:00
2023-08-01 05:00:00+00:00,94.18,8,2023-07-31 22:00:00+00:00,2023-08-01 22:00:00+00:00
2023-08-01 05:00:00+00:00,94.18,8,2023-07-31 22:00:00+00:00,2023-08-01 22:00:00+00:00
2023-08-01 06:00:00+00:00,95.73,9,2023-07-31 22:00:00+00:00,2023-08-01 22:00:00+00:00
2023-08-01 06:00:00+00:00,95.73,9,2023-07-31 22:00:00+00:00,2023-08-01 22:00:00+00:00
2023-08-01 07:00:00+00:00,90.67,10,2023-07-31 22:00:00+00:00,2023-08-01 22:00:00+00:00
2023-08-01 07:00:00+00:00,90.67,10,2023-07-31 22:00:00+00:00,2023-08-01 22:00:00+00:00
2023-08-01 08:00:00+00:00,86.03,11,2023-07-31 22:00:00+00:00,2023-08-01 22:00:00+00:00
2023-08-01 08:00:00+00:00,86.03,11,2023-07-31 22:00:00+00:00,2023-08-01 22:00:00+00:00
2023-08-01 09:00:00+00:00,70.89,12,2023-07-31 22:00:00+00:00,2023-08-01 22:00:00+00:00
2023-08-01 09:00:00+00:00,70.89,12,2023-07-31 22:00:00+00:00,2023-08-01 22:00:00+00:00
2023-08-01 10:00:00+00:00,68.87,13,2023-07-31 22:00:00+00:00,2023-08-01 22:00:00+00:00
2023-08-01 10:00:00+00:00,68.87,13,2023-07-31 22:00:00+00:00,2023-08-01 22:00:00+00:00
2023-08-01 11:00:00+00:00,61.96,14,2023-07-31 22:00:00+00:00,2023-08-01 22:00:00+00:00
2023-08-01 11:00:00+00:00,61.96,14,2023-07-31 22:00:00+00:00,2023-08-01 22:00:00+00:00
2023-08-01 12:00:00+00:00,52.5,15,2023-07-31 22:00:00+00:00,2023-08-01 22:00:00+00:00
2023-08-01 12:00:00+00:00,52.5,15,2023-07-31 22:00:00+00:00,2023-08-01 22:00:00+00:00
2023-08-01 13:00:00+00:00,47.65,16,2023-07-31 22:00:00+00:00,2023-08-01 22:00:00+00:00
2023-08-01 13:00:00+00:00,47.65,16,2023-07-31 22:00:00+00:00,2023-08-01 22:00:00+00:00
2023-08-01 14:00:00+00:00,53.7,17,2023-07-31 22:00:00+00:00,2023-08-01 22:00:00+00:00
2023-08-01 14:00:00+00:00,53.7,17,2023-07-31 22:00:00+00:00,2023-08-01 22:00:00+00:00
2023-08-01 15:00:00+00:00,68.24,18,2023-07-31 22:00:00+00:00,2023-08-01 22:00:00+00:00
2023-08-01 15:00:00+00:00,68.24,18,2023-07-31 22:00:00+00:00,2023-08-01 22:00:00+00:00
2023-08-01 16:00:00+00:00,81.32,19,2023-07-31 22:00:00+00:00,2023-08-01 22:00:00+00:00
2023-08-01 16:00:00+00:00,81.32,19,2023-07-31 22:00:00+00:00,2023-08-01 22:00:00+00:00
2023-08-01 17:00:00+00:00,96.08,20,2023-07-31 22:00:00+00:00,2023-08-01 22:00:00+00:00
2023-08-01 17:00:00+00:00,96.08,20,2023-07-31 22:00:00+00:00,2023-08-01 22:00:00+00:00
2023-08-01 18:00:00+00:00,108.72,21,2023-07-31 22:00:00+00:00,2023-08-01 22:00:00+00:00
2023-08-01 18:00:00+00:00,108.72,21,2023-07-31 22:00:00+00:00,2023-08-01 22:00:00+00:00
2023-08-01 19:00:00+00:00,112.16,22,2023-07-31 22:00:00+00:00,2023-08-01 22:00:00+00:00
2023-08-01 19:00:00+00:00,112.16,22,2023-07-31 22:00:00+00:00,2023-08-01 22:00:00+00:00
2023-08-01 20:00:00+00:00,102.55,23,2023-07-31 22:00:00+00:00,2023-08-01 22:00:00+00:00
2023-08-01 20:00:00+00:00,102.55,23,2023-07-31 22:00:00+00:00,2023-08-01 22:00:00+00:00
2023-08-01 21:00:00+00:00,92.78,24,2023-07-31 22:00:00+00:00,2023-08-01 22:00:00+00:00
2023-08-01 21:00:00+00:00,92.78,24,2023-07-31 22:00:00+00:00,2023-08-01 22:00:00+00:00
2023-08-01 22:00:00+00:00,89.38,1,2023-08-01 22:00:00+00:00,2023-08-02 22:00:00+00:00
2023-08-01 23:00:00+00:00,77.54,2,2023-08-01 22:00:00+00:00,2023-08-02 22:00:00+00:00
2023-08-02 00:00:00+00:00,69.62,3,2023-08-01 22:00:00+00:00,2023-08-02 22:00:00+00:00
2023-08-02 01:00:00+00:00,67.13,4,2023-08-01 22:00:00+00:00,2023-08-02 22:00:00+00:00
2023-08-02 02:00:00+00:00,69.99,5,2023-08-01 22:00:00+00:00,2023-08-02 22:00:00+00:00
2023-08-02 03:00:00+00:00,85.74,6,2023-08-01 22:00:00+00:00,2023-08-02 22:00:00+00:00
2023-08-02 04:00:00+00:00,102.44,7,2023-08-01 22:00:00+00:00,2023-08-02 22:00:00+00:00
2023-08-02 05:00:00+00:00,111.96,8,2023-08-01 22:00:00+00:00,2023-08-02 22:00:00+00:00
2023-08-02 06:00:00+00:00,97.45,9,2023-08-01 22:00:00+00:00,2023-08-02 22:00:00+00:00
2023-08-02 07:00:00+00:00,88.0,10,2023-08-01 22:00:00+00:00,2023-08-02 22:00:00+00:00
2023-08-02 08:00:00+00:00,78.22,11,2023-08-01 22:00:00+00:00,2023-08-02 22:00:00+00:00
2023-08-02 09:00:00+00:00,64.5,12,2023-08-01 22:00:00+00:00,2023-08-02 22:00:00+00:00
2023-08-02 10:00:00+00:00,52.02,13,2023-08-01 22:00:00+00:00,2023-08-02 22:00:00+00:00
2023-08-02 11:00:00+00:00,33.08,14,2023-08-01 22:00:00+00:00,2023-08-02 22:00:00+00:00
2023-08-02 12:00:00+00:00,24.13,15,2023-08-01 22:00:00+00:00,2023-08-02 22:00:00+00:00
2023-08-02 13:00:00+00:00,18.96,16,2023-08-01 22:00:00+00:00,2023-08-02 22:00:00+00:00
2023-08-02 14:00:00+00:00,28.29,17,2023-08-01 22:00:00+00:00,2023-08-02 22:00:00+00:00
2023-08-02 15:00:00+00:00,52.24,18,2023-08-01 22:00:00+00:00,2023-08-02 22:00:00+00:00
2023-08-02 16:00:00+00:00,68.86,19,2023-08-01 22:00:00+00:00,2023-08-02 22:00:00+00:00
2023-08-02 17:00:00+00:00,82.16,20,2023-08-01 22:00:00+00:00,2023-08-02 22:00:00+00:00
2023-08-02 18:00:00+00:00,80.71,21,2023-08-01 22:00:00+00:00,2023-08-02 22:00:00+00:00
2023-08-02 19:00:00+00:00,77.2,22,2023-08-01 22:00:00+00:00,2023-08-02 22:00:00+00:00
2023-08-02 20:00:00+00:00,65.7,23,2023-08-01 22:00:00+00:00,2023-08-02 22:00:00+00:00
2023-08-02 21:00:00+00:00,41.12,24,2023-08-01 22:00:00+00:00,2023-08-02 22:00:00+00:00
2023-08-02 22:00:00+00:00,19.97,1,2023-08-02 22:00:00+00:00,2023-08-03 22:00:00+00:00
2023-08-02 23:00:00+00:00,9.51,2,2023-08-02 22:00:00+00:00,2023-08-03 22:00:00+00:00
2023-08-03 00:00:00+00:00,3.43,3,2023-08-02 22:00:00+00:00,2023-08-03 22:00:00+00:00
2023-08-03 01:00:00+00:00,5.61,4,2023-08-02 22:00:00+00:00,2023-08-03 22:00:00+00:00
2023-08-03 02:00:00+00:00,7.2,5,2023-08-02 22:00:00+00:00,2023-08-03 22:00:00+00:00
2023-08-03 03:00:00+00:00,24.8,6,2023-08-02 22:00:00+00:00,2023-08-03 22:00:00+00:00
2023-08-03 04:00:00+00:00,47.38,7,2023-08-02 22:00:00+00:00,2023-08-03 22:00:00+00:00
2023-08-03 05:00:00+00:00,70.0,8,2023-08-02 22:00:00+00:00,2023-08-03 22:00:00+00:00
2023-08-03 06:00:00+00:00,70.05,9,2023-08-02 22:00:00+00:00,2023-08-03 22:00:00+00:00
2023-08-03 07:00:00+00:00,62.8,10,2023-08-02 22:00:00+00:00,2023-08-03 22:00:00+00:00
2023-08-03 08:00:00+00:00,45.5,11,2023-08-02 22:00:00+00:00,2023-08-03 22:00:00+00:00
2023-08-03 09:00:00+00:00,34.54,12,2023-08-02 22:00:00+00:00,2023-08-03 22:00:00+00:00
2023-08-03 10:00:00+00:00,27.01,13,2023-08-02 22:00:00+00:00,2023-08-03 22:00:00+00:00
2023-08-03 11:00:00+00:00,21.25,14,2023-08-02 22:00:00+00:00,2023-08-03 22:00:00+00:00
2023-08-03 12:00:00+00:00,17.43,15,2023-08-02 22:00:00+00:00,2023-08-03 22:00:00+00:00
2023-08-03 13:00:00+00:00,17.7,16,2023-08-02 22:00:00+00:00,2023-08-03 22:00:00+00:00
2023-08-03 14:00:00+00:00,21.94,17,2023-08-02 22:00:00+00:00,2023-08-03 22:00:00+00:00
2023-08-03 15:00:00+00:00,49.9,18,2023-08-02 22:00:00+00:00,2023-08-03 22:00:00+00:00
2023-08-03 16:00:00+00:00,80.0,19,2023-08-02 22:00:00+00:00,2023-08-03 22:00:00+00:00
2023-08-03 17:00:00+00:00,95.92,20,2023-08-02 22:00:00+00:00,2023-08-03 22:00:00+00:00
2023-08-03 18:00:00+00:00,100.0,21,2023-08-02 22:00:00+00:00,2023-08-03 22:00:00+00:00
2023-08-03 19:00:00+00:00,115.1,22,2023-08-02 22:00:00+00:00,2023-08-03 22:00:00+00:00
2023-08-03 20:00:00+00:00,113.5,23,2023-08-02 22:00:00+00:00,2023-08-03 22:00:00+00:00
2023-08-03 21:00:00+00:00,92.85,24,2023-08-02 22:00:00+00:00,2023-08-03 22:00:00+00:00
2023-08-03 22:00:00+00:00,90.14,1,2023-08-03 22:00:00+00:00,2023-08-04 22:00:00+00:00
2023-08-03 23:00:00+00:00,83.85,2,2023-08-03 22:00:00+00:00,2023-08-04 22:00:00+00:00
2023-08-04 00:00:00+00:00,80.92,3,2023-08-03 22:00:00+00:00,2023-08-04 22:00:00+00:00
2023-08-04 01:00:00+00:00,79.25,4,2023-08-03 22:00:00+00:00,2023-08-04 22:00:00+00:00
2023-08-04 02:00:00+00:00,82.45,5,2023-08-03 22:00:00+00:00,2023-08-04 22:00:00+00:00
2023-08-04 03:00:00+00:00,87.7,6,2023-08-03 22:00:00+00:00,2023-08-04 22:00:00+00:00
2023-08-04 04:00:00+00:00,99.25,7,2023-08-03 22:00:00+00:00,2023-08-04 22:00:00+00:00
2023-08-04 05:00:00+00:00,110.0,8,2023-08-03 22:00:00+00:00,2023-08-04 22:00:00+00:00
2023-08-04 06:00:00+00:00,114.94,9,2023-08-03 22:00:00+00:00,2023-08-04 22:00:00+00:00
2023-08-04 07:00:00+00:00,97.0,10,2023-08-03 22:00:00+00:00,2023-08-04 22:00:00+00:00
2023-08-04 08:00:00+00:00,95.16,11,2023-08-03 22:00:00+00:00,2023-08-04 22:00:00+00:00
2023-08-04 09:00:00+00:00,90.68,12,2023-08-03 22:00:00+00:00,2023-08-04 22:00:00+00:00
2023-08-04 10:00:00+00:00,86.92,13,2023-08-03 22:00:00+00:00,2023-08-04 22:00:00+00:00
2023-08-04 11:00:00+00:00,80.81,14,2023-08-03 22:00:00+00:00,2023-08-04 22:00:00+00:00
2023-08-04 12:00:00+00:00,77.84,15,2023-08-03 22:00:00+00:00,2023-08-04 22:00:00+00:00
2023-08-04 13:00:00+00:00,76.27,16,2023-08-03 22:00:00+00:00,2023-08-04 22:00:00+00:00
2023-08-04 14:00:00+00:00,77.1,17,2023-08-03 22:00:00+00:00,2023-08-04 22:00:00+00:00
2023-08-04 15:00:00+00:00,81.43,18,2023-08-03 22:00:00+00:00,2023-08-04 22:00:00+00:00
2023-08-04 16:00:00+00:00,95.0,19,2023-08-03 22:00:00+00:00,2023-08-04 22:00:00+00:00
2023-08-04 17:00:00+00:00,111.54,20,2023-08-03 22:00:00+00:00,2023-08-04 22:00:00+00:00
2023-08-04 18:00:00+00:00,138.71,21,2023-08-03 22:00:00+00:00,2023-08-04 22:00:00+00:00
2023-08-04 19:00:00+00:00,126.77,22,2023-08-03 22:00:00+00:00,2023-08-04 22:00:00+00:00
2023-08-04 20:00:00+00:00,109.19,23,2023-08-03 22:00:00+00:00,2023-08-04 22:00:00+00:00
2023-08-04 21:00:00+00:00,98.49,24,2023-08-03 22:00:00+00:00,2023-08-04 22:00:00+00:00
2023-08-04 22:00:00+00:00,101.55,1,2023-08-04 22:00:00+00:00,2023-08-05 22:00:00+00:00
2023-08-04 23:00:00+00:00,94.9,2,2023-08-04 22:00:00+00:00,2023-08-05 22:00:00+00:00
2023-08-05 00:00:00+00:00,92.58,3,2023-08-04 22:00:00+00:00,2023-08-05 22:00:00+00:00
2023-08-05 01:00:00+00:00,90.3,4,2023-08-04 22:00:00+00:00,2023-08-05 22:00:00+00:00
2023-08-05 02:00:00+00:00,90.24,5,2023-08-04 22:00:00+00:00,2023-08-05 22:00:00+00:00
2023-08-05 03:00:00+00:00,90.54,6,2023-08-04 22:00:00+00:00,2023-08-05 22:00:00+00:00
2023-08-05 04:00:00+00:00,94.34,7,2023-08-04 22:00:00+00:00,2023-08-05 22:00:00+00:00
2023-08-05 05:00:00+00:00,92.49,8,2023-08-04 22:00:00+00:00,2023-08-05 22:00:00+00:00
2023-08-05 06:00:00+00:00,91.33,9,2023-08-04 22:00:00+00:00,2023-08-05 22:00:00+00:00
2023-08-05 07:00:00+00:00,88.54,10,2023-08-04 22:00:00+00:00,2023-08-05 22:00:00+00:00
2023-08-05 08:00:00+00:00,80.1,11,2023-08-04 22:00:00+00:00,2023-08-05 22:00:00+00:00
2023-08-05 09:00:00+00:00,74.67,12,2023-08-04 22:00:00+00:00,2023-08-05 22:00:00+00:00
2023-08-05 10:00:00+00:00,65.01,13,2023-08-04 22:00:00+00:00,2023-08-05 22:00:00+00:00
2023-08-05 11:00:00+00:00,58.91,14,2023-08-04 22:00:00+00:00,2023-08-05 22:00:00+00:00
2023-08-05 12:00:00+00:00,58.04,15,2023-08-04 22:00:00+00:00,2023-08-05 22:00:00+00:00
2023-08-05 13:00:00+00:00,65.2,16,2023-08-04 22:00:00+00:00,2023-08-05 22:00:00+00:00
2023-08-05 14:00:00+00:00,77.7,17,2023-08-04 22:00:00+00:00,2023-08-05 22:00:00+00:00
2023-08-05 15:00:00+00:00,95.3,18,2023-08-04 22:00:00+00:00,2023-08-05 22:00:00+00:00
2023-08-05 16:00:00+00:00,103.0,19,2023-08-04 22:00:00+00:00,2023-08-05 22:00:00+00:00
2023-08-05 17:00:00+00:00,107.9,20,2023-08-04 22:00:00+00:00,2023-08-05 22:00:00+00:00
2023-08-05 18:00:00+00:00,119.1,21,2023-08-04 22:00:00+00:00,2023-08-05 22:00:00+00:00
2023-08-05 19:00:00+00:00,107.42,22,2023-08-04 22:00:00+00:00,2023-08-05 22:00:00+00:00
2023-08-05 20:00:00+00:00,98.37,23,2023-08-04 22:00:00+00:00,2023-08-05 22:00:00+00:00
2023-08-05 21:00:00+00:00,87.22,24,2023-08-04 22:00:00+00:00,2023-08-05 22:00:00+00:00
2023-08-05 22:00:00+00:00,88.04,1,2023-08-05 22:00:00+00:00,2023-08-06 22:00:00+00:00
2023-08-05 23:00:00+00:00,88.09,2,2023-08-05 22:00:00+00:00,2023-08-06 22:00:00+00:00
2023-08-06 00:00:00+00:00,79.07,3,2023-08-05 22:00:00+00:00,2023-08-06 22:00:00+00:00
2023-08-06 01:00:00+00:00,79.08,4,2023-08-05 22:00:00+00:00,2023-08-06 22:00:00+00:00
2023-08-06 02:00:00+00:00,75.06,5,2023-08-05 22:00:00+00:00,2023-08-06 22:00:00+00:00
2023-08-06 03:00:00+00:00,84.0,6,2023-08-05 22:00:00+00:00,2023-08-06 22:00:00+00:00
2023-08-06 04:00:00+00:00,75.46,7,2023-08-05 22:00:00+00:00,2023-08-06 22:00:00+00:00
2023-08-06 05:00:00+00:00,66.5,8,2023-08-05 22:00:00+00:00,2023-08-06 22:00:00+00:00
2023-08-06 06:00:00+00:00,63.4,9,2023-08-05 22:00:00+00:00,2023-08-06 22:00:00+00:00
2023-08-06 07:00:00+00:00,57.22,10,2023-08-05 22:00:00+00:00,2023-08-06 22:00:00+00:00
2023-08-06 08:00:00+00:00,50.03,11,2023-08-05 22:00:00+00:00,2023-08-06 22:00:00+00:00
2023-08-06 09:00:00+00:00,43.85,12,2023-08-05 22:00:00+00:00,2023-08-06 22:00:00+00:00
2023-08-06 10:00:00+00:00,0.0,13,2023-08-05 22:00:00+00:00,2023-08-06 22:00:00+00:00
2023-08-06 11:00:00+00:00,0.04,14,2023-08-05 22:00:00+00:00,2023-08-06 22:00:00+00:00
2023-08-06 12:00:00+00:00,-4.75,15,2023-08-05 22:00:00+00:00,2023-08-06 22:00:00+00:00
2023-08-06 14:00:00+00:00,0.0,17,2023-08-05 22:00:00+00:00,2023-08-06 22:00:00+00:00
2023-08-06 15:00:00+00:00,35.17,18,2023-08-05 22:00:00+00:00,2023-08-06 22:00:00+00:00
2023-08-06 16:00:00+00:00,62.03,19,2023-08-05 22:00:00+00:00,2023-08-06 22:00:00+00:00
2023-08-06 17:00:00+00:00,72.61,20,2023-08-05 22:00:00+00:00,2023-08-06 22:00:00+00:00
2023-08-06 18:00:00+00:00,76.85,21,2023-08-05 22:00:00+00:00,2023-08-06 22:00:00+00:00
2023-08-06 19:00:00+00:00,77.35,22,2023-08-05 22:00:00+00:00,2023-08-06 22:00:00+00:00
2023-08-06 20:00:00+00:00,71.86,23,2023-08-05 22:00:00+00:00,2023-08-06 22:00:00+00:00
2023-08-06 21:00:00+00:00,72.6,24,2023-08-05 22:00:00+00:00,2023-08-06 22:00:00+00:00
2023-08-06 22:00:00+00:00,54.51,1,2023-08-06 22:00:00+00:00,2023-08-07 22:00:00+00:00
2023-08-06 23:00:00+00:00,47.95,2,2023-08-06 22:00:00+00:00,2023-08-07 22:00:00+00:00
2023-08-07 00:00:00+00:00,50.0,3,2023-08-06 22:00:00+00:00,2023-08-07 22:00:00+00:00
2023-08-07 01:00:00+00:00,7.48,4,2023-08-06 22:00:00+00:00,2023-08-07 22:00:00+00:00
2023-08-07 02:00:00+00:00,30.03,5,2023-08-06 22:00:00+00:00,2023-08-07 22:00:00+00:00
2023-08-07 03:00:00+00:00,0.03,6,2023-08-06 22:00:00+00:00,2023-08-07 22:00:00+00:00
2023-08-07 04:00:00+00:00,72.22,7,2023-08-06 22:00:00+00:00,2023-08-07 22:00:00+00:00
2023-08-07 05:00:00+00:00,84.1,8,2023-08-06 22:00:00+00:00,2023-08-07 22:00:00+00:00
2023-08-07 06:00:00+00:00,64.05,9,2023-08-06 22:00:00+00:00,2023-08-07 22:00:00+00:00
2023-08-07 07:00:00+00:00,25.28,10,2023-08-06 22:00:00+00:00,2023-08-07 22:00:00+00:00
2023-08-07 08:00:00+00:00,0.01,11,2023-08-06 22:00:00+00:00,2023-08-07 22:00:00+00:00
2023-08-07 09:00:00+00:00,-4.75,12,2023-08-06 22:00:00+00:00,2023-08-07 22:00:00+00:00
2023-08-07 10:00:00+00:00,-15.63,13,2023-08-06 22:00:00+00:00,2023-08-07 22:00:00+00:00
2023-08-07 11:00:00+00:00,-27.06,14,2023-08-06 22:00:00+00:00,2023-08-07 22:00:00+00:00
2023-08-07 12:00:00+00:00,-41.85,15,2023-08-06 22:00:00+00:00,2023-08-07 22:00:00+00:00
2023-08-07 13:00:00+00:00,-20.02,16,2023-08-06 22:00:00+00:00,2023-08-07 22:00:00+00:00
2023-08-07 14:00:00+00:00,-10.02,17,2023-08-06 22:00:00+00:00,2023-08-07 22:00:00+00:00
2023-08-07 15:00:00+00:00,-0.04,18,2023-08-06 22:00:00+00:00,2023-08-07 22:00:00+00:00
2023-08-07 16:00:00+00:00,11.0,19,2023-08-06 22:00:00+00:00,2023-08-07 22:00:00+00:00
2023-08-07 17:00:00+00:00,74.9,20,2023-08-06 22:00:00+00:00,2023-08-07 22:00:00+00:00
2023-08-07 18:00:00+00:00,112.0,21,2023-08-06 22:00:00+00:00,2023-08-07 22:00:00+00:00
2023-08-07 19:00:00+00:00,118.0,22,2023-08-06 22:00:00+00:00,2023-08-07 22:00:00+00:00
2023-08-07 20:00:00+00:00,114.0,23,2023-08-06 22:00:00+00:00,2023-08-07 22:00:00+00:00
2023-08-07 21:00:00+00:00,84.9,24,2023-08-06 22:00:00+00:00,2023-08-07 22:00:00+00:00
2023-08-07 22:00:00+00:00,92.7,1,2023-08-07 22:00:00+00:00,2023-08-08 22:00:00+00:00
2023-08-07 23:00:00+00:00,88.0,2,2023-08-07 22:00:00+00:00,2023-08-08 22:00:00+00:00
2023-08-08 00:00:00+00:00,85.0,3,2023-08-07 22:00:00+00:00,2023-08-08 22:00:00+00:00
2023-08-08 01:00:00+00:00,80.0,4,2023-08-07 22:00:00+00:00,2023-08-08 22:00:00+00:00
2023-08-08 02:00:00+00:00,75.77,5,2023-08-07 22:00:00+00:00,2023-08-08 22:00:00+00:00
2023-08-08 03:00:00+00:00,68.84,6,2023-08-07 22:00:00+00:00,2023-08-08 22:00:00+00:00
2023-08-08 04:00:00+00:00,98.87,7,2023-08-07 22:00:00+00:00,2023-08-08 22:00:00+00:00
2023-08-08 05:00:00+00:00,80.5,8,2023-08-07 22:00:00+00:00,2023-08-08 22:00:00+00:00
2023-08-08 06:00:00+00:00,4.9,9,2023-08-07 22:00:00+00:00,2023-08-08 22:00:00+00:00
2023-08-08 07:00:00+00:00,-2.7,10,2023-08-07 22:00:00+00:00,2023-08-08 22:00:00+00:00
2023-08-08 08:00:00+00:00,-10.03,11,2023-08-07 22:00:00+00:00,2023-08-08 22:00:00+00:00
2023-08-08 09:00:00+00:00,-40.08,12,2023-08-07 22:00:00+00:00,2023-08-08 22:00:00+00:00
2023-08-08 10:00:00+00:00,-51.58,13,2023-08-07 22:00:00+00:00,2023-08-08 22:00:00+00:00
2023-08-08 11:00:00+00:00,-73.22,14,2023-08-07 22:00:00+00:00,2023-08-08 22:00:00+00:00
2023-08-08 12:00:00+00:00,-79.22,15,2023-08-07 22:00:00+00:00,2023-08-08 22:00:00+00:00
2023-08-08 13:00:00+00:00,-48.92,16,2023-08-07 22:00:00+00:00,2023-08-08 22:00:00+00:00
2023-08-08 14:00:00+00:00,-10.71,17,2023-08-07 22:00:00+00:00,2023-08-08 22:00:00+00:00
2023-08-08 15:00:00+00:00,-0.82,18,2023-08-07 22:00:00+00:00,2023-08-08 22:00:00+00:00
2023-08-08 16:00:00+00:00,40.0,19,2023-08-07 22:00:00+00:00,2023-08-08 22:00:00+00:00
2023-08-08 17:00:00+00:00,88.71,20,2023-08-07 22:00:00+00:00,2023-08-08 22:00:00+00:00
2023-08-08 18:00:00+00:00,95.34,21,2023-08-07 22:00:00+00:00,2023-08-08 22:00:00+00:00
2023-08-08 19:00:00+00:00,105.09,22,2023-08-07 22:00:00+00:00,2023-08-08 22:00:00+00:00
2023-08-08 20:00:00+00:00,105.99,23,2023-08-07 22:00:00+00:00,2023-08-08 22:00:00+00:00
2023-08-08 21:00:00+00:00,99.9,24,2023-08-07 22:00:00+00:00,2023-08-08 22:00:00+00:00
2023-08-08 22:00:00+00:00,85.7,1,2023-08-08 22:00:00+00:00,2023-08-09 22:00:00+00:00
2023-08-08 23:00:00+00:00,79.0,2,2023-08-08 22:00:00+00:00,2023-08-09 22:00:00+00:00
2023-08-09 00:00:00+00:00,74.5,3,2023-08-08 22:00:00+00:00,2023-08-09 22:00:00+00:00
2023-08-09 01:00:00+00:00,70.1,4,2023-08-08 22:00:00+00:00,2023-08-09 22:00:00+00:00
2023-08-09 02:00:00+00:00,74.12,5,2023-08-08 22:00:00+00:00,2023-08-09 22:00:00+00:00
2023-08-09 03:00:00+00:00,83.95,6,2023-08-08 22:00:00+00:00,2023-08-09 22:00:00+00:00
2023-08-09 04:00:00+00:00,98.16,7,2023-08-08 22:00:00+00:00,2023-08-09 22:00:00+00:00
2023-08-09 05:00:00+00:00,105.7,8,2023-08-08 22:00:00+00:00,2023-08-09 22:00:00+00:00
2023-08-09 06:00:00+00:00,106.44,9,2023-08-08 22:00:00+00:00,2023-08-09 22:00:00+00:00
2023-08-09 07:00:00+00:00,99.59,10,2023-08-08 22:00:00+00:00,2023-08-09 22:00:00+00:00
2023-08-09 08:00:00+00:00,71.47,11,2023-08-08 22:00:00+00:00,2023-08-09 22:00:00+00:00
2023-08-09 09:00:00+00:00,2.86,12,2023-08-08 22:00:00+00:00,2023-08-09 22:00:00+00:00
2023-08-09 10:00:00+00:00,0.94,13,2023-08-08 22:00:00+00:00,2023-08-09 22:00:00+00:00
2023-08-09 11:00:00+00:00,-0.6,14,2023-08-08 22:00:00+00:00,2023-08-09 22:00:00+00:00
2023-08-09 12:00:00+00:00,3.25,15,2023-08-08 22:00:00+00:00,2023-08-09 22:00:00+00:00
2023-08-09 13:00:00+00:00,0.1,16,2023-08-08 22:00:00+00:00,2023-08-09 22:00:00+00:00
2023-08-09 14:00:00+00:00,4.9,17,2023-08-08 22:00:00+00:00,2023-08-09 22:00:00+00:00
2023-08-09 15:00:00+00:00,64.9,18,2023-08-08 22:00:00+00:00,2023-08-09 22:00:00+00:00
2023-08-09 16:00:00+00:00,94.3,19,2023-08-08 22:00:00+00:00,2023-08-09 22:00:00+00:00
2023-08-09 17:00:00+00:00,114.4,20,2023-08-08 22:00:00+00:00,2023-08-09 22:00:00+00:00
2023-08-09 18:00:00+00:00,134.58,21,2023-08-08 22:00:00+00:00,2023-08-09 22:00:00+00:00
2023-08-09 19:00:00+00:00,131.35,22,2023-08-08 22:00:00+00:00,2023-08-09 22:00:00+00:00
2023-08-09 20:00:00+00:00,122.47,23,2023-08-08 22:00:00+00:00,2023-08-09 22:00:00+00:00
2023-08-09 21:00:00+00:00,100.96,24,2023-08-08 22:00:00+00:00,2023-08-09 22:00:00+00:00
2023-08-09 22:00:00+00:00,96.27,1,2023-08-09 22:00:00+00:00,2023-08-10 22:00:00+00:00
2023-08-09 23:00:00+00:00,91.99,2,2023-08-09 22:00:00+00:00,2023-08-10 22:00:00+00:00
2023-08-10 00:00:00+00:00,89.15,3,2023-08-09 22:00:00+00:00,2023-08-10 22:00:00+00:00
2023-08-10 01:00:00+00:00,79.98,4,2023-08-09 22:00:00+00:00,2023-08-10 22:00:00+00:00
2023-08-10 02:00:00+00:00,84.85,5,2023-08-09 22:00:00+00:00,2023-08-10 22:00:00+00:00
2023-08-10 03:00:00+00:00,86.1,6,2023-08-09 22:00:00+00:00,2023-08-10 22:00:00+00:00
2023-08-10 04:00:00+00:00,99.9,7,2023-08-09 22:00:00+00:00,2023-08-10 22:00:00+00:00
2023-08-10 05:00:00+00:00,103.32,8,2023-08-09 22:00:00+00:00,2023-08-10 22:00:00+00:00
2023-08-10 06:00:00+00:00,104.2,9,2023-08-09 22:00:00+00:00,2023-08-10 22:00:00+00:00
2023-08-10 07:00:00+00:00,96.0,10,2023-08-09 22:00:00+00:00,2023-08-10 22:00:00+00:00
2023-08-10 08:00:00+00:00,70.2,11,2023-08-09 22:00:00+00:00,2023-08-10 22:00:00+00:00
2023-08-10 09:00:00+00:00,43.91,12,2023-08-09 22:00:00+00:00,2023-08-10 22:00:00+00:00
2023-08-10 10:00:00+00:00,18.25,13,2023-08-09 22:00:00+00:00,2023-08-10 22:00:00+00:00
2023-08-10 11:00:00+00:00,18.01,14,2023-08-09 22:00:00+00:00,2023-08-10 22:00:00+00:00
2023-08-10 12:00:00+00:00,16.77,15,2023-08-09 22:00:00+00:00,2023-08-10 22:00:00+00:00
2023-08-10 13:00:00+00:00,30.69,16,2023-08-09 22:00:00+00:00,2023-08-10 22:00:00+00:00
2023-08-10 14:00:00+00:00,66.15,17,2023-08-09 22:00:00+00:00,2023-08-10 22:00:00+00:00
2023-08-10 15:00:00+00:00,87.7,18,2023-08-09 22:00:00+00:00,2023-08-10 22:00:00+00:00
2023-08-10 16:00:00+00:00,97.08,19,2023-08-09 22:00:00+00:00,2023-08-10 22:00:00+00:00
2023-08-10 17:00:00+00:00,103.46,20,2023-08-09 22:00:00+00:00,2023-08-10 22:00:00+00:00
2023-08-10 18:00:00+00:00,164.91,21,2023-08-09 22:00:00+00:00,2023-08-10 22:00:00+00:00
2023-08-10 19:00:00+00:00,142.02,22,2023-08-09 22:00:00+00:00,2023-08-10 22:00:00+00:00
2023-08-10 20:00:00+00:00,115.49,23,2023-08-09 22:00:00+00:00,2023-08-10 22:00:00+00:00
2023-08-10 21:00:00+00:00,101.11,24,2023-08-09 22:00:00+00:00,2023-08-10 22:00:00+00:00
2023-08-10 22:00:00+00:00,111.3,1,2023-08-10 22:00:00+00:00,2023-08-11 22:00:00+00:00
2023-08-10 23:00:00+00:00,106.27,2,2023-08-10 22:00:00+00:00,2023-08-11 22:00:00+00:00
2023-08-11 00:00:00+00:00,102.86,3,2023-08-10 22:00:00+00:00,2023-08-11 22:00:00+00:00
2023-08-11 01:00:00+00:00,98.35,4,2023-08-10 22:00:00+00:00,2023-08-11 22:00:00+00:00
2023-08-11 02:00:00+00:00,87.59,5,2023-08-10 22:00:00+00:00,2023-08-11 22:00:00+00:00
2023-08-11 03:00:00+00:00,93.0,6,2023-08-10 22:00:00+00:00,2023-08-11 22:00:00+00:00
2023-08-11 04:00:00+00:00,116.38,7,2023-08-10 22:00:00+00:00,2023-08-11 22:00:00+00:00
2023-08-11 05:00:00+00:00,120.3,8,2023-08-10 22:00:00+00:00,2023-08-11 22:00:00+00:00
2023-08-11 06:00:00+00:00,114.97,9,2023-08-10 22:00:00+00:00,2023-08-11 22:00:00+00:00
2023-08-11 07:00:00+00:00,99.71,10,2023-08-10 22:00:00+00:00,2023-08-11 22:00:00+00:00
2023-08-11 08:00:00+00:00,85.0,11,2023-08-10 22:00:00+00:00,2023-08-11 22:00:00+00:00
2023-08-11 09:00:00+00:00,74.3,12,2023-08-10 22:00:00+00:00,2023-08-11 22:00:00+00:00
2023-08-11 10:00:00+00:00,30.1,13,2023-08-10 22:00:00+00:00,2023-08-11 22:00:00+00:00
2023-08-11 11:00:00+00:00,16.63,14,2023-08-10 22:00:00+00:00,2023-08-11 22:00:00+00:00
2023-08-11 12:00:00+00:00,24.9,15,2023-08-10 22:00:00+00:00,2023-08-11 22:00:00+00:00
2023-08-11 13:00:00+00:00,58.01,16,2023-08-10 22:00:00+00:00,2023-08-11 22:00:00+00:00
2023-08-11 14:00:00+00:00,84.58,17,2023-08-10 22:00:00+00:00,2023-08-11 22:00:00+00:00
2023-08-11 15:00:00+00:00,97.98,18,2023-08-10 22:00:00+00:00,2023-08-11 22:00:00+00:00
2023-08-11 16:00:00+00:00,108.3,19,2023-08-10 22:00:00+00:00,2023-08-11 22:00:00+00:00
2023-08-11 17:00:00+00:00,130.0,20,2023-08-10 22:00:00+00:00,2023-08-11 22:00:00+00:00
2023-08-11 18:00:00+00:00,138.87,21,2023-08-10 22:00:00+00:00,2023-08-11 22:00:00+00:00
2023-08-11 19:00:00+00:00,132.59,22,2023-08-10 22:00:00+00:00,2023-08-11 22:00:00+00:00
2023-08-11 20:00:00+00:00,118.0,23,2023-08-10 22:00:00+00:00,2023-08-11 22:00:00+00:00
2023-08-11 21:00:00+00:00,104.06,24,2023-08-10 22:00:00+00:00,2023-08-11 22:00:00+00:00
2023-08-11 22:00:00+00:00,103.54,1,2023-08-11 22:00:00+00:00,2023-08-12 22:00:00+00:00
2023-08-11 23:00:00+00:00,98.2,2,2023-08-11 22:00:00+00:00,2023-08-12 22:00:00+00:00
2023-08-12 00:00:00+00:00,97.7,3,2023-08-11 22:00:00+00:00,2023-08-12 22:00:00+00:00
2023-08-12 01:00:00+00:00,95.73,4,2023-08-11 22:00:00+00:00,2023-08-12 22:00:00+00:00
2023-08-12 02:00:00+00:00,93.91,5,2023-08-11 22:00:00+00:00,2023-08-12 22:00:00+00:00
2023-08-12 03:00:00+00:00,98.06,6,2023-08-11 22:00:00+00:00,2023-08-12 22:00:00+00:00
2023-08-12 04:00:00+00:00,95.11,7,2023-08-11 22:00:00+00:00,2023-08-12 22:00:00+00:00
2023-08-12 05:00:00+00:00,99.31,8,2023-08-11 22:00:00+00:00,2023-08-12 22:00:00+00:00
2023-08-12 06:00:00+00:00,101.78,9,2023-08-11 22:00:00+00:00,2023-08-12 22:00:00+00:00
2023-08-12 07:00:00+00:00,88.5,10,2023-08-11 22:00:00+00:00,2023-08-12 22:00:00+00:00
2023-08-12 08:00:00+00:00,77.61,11,2023-08-11 22:00:00+00:00,2023-08-12 22:00:00+00:00
2023-08-12 09:00:00+00:00,64.76,12,2023-08-11 22:00:00+00:00,2023-08-12 22:00:00+00:00
2023-08-12 10:00:00+00:00,50.0,13,2023-08-11 22:00:00+00:00,2023-08-12 22:00:00+00:00
2023-08-12 11:00:00+00:00,23.72,14,2023-08-11 22:00:00+00:00,2023-08-12 22:00:00+00:00
2023-08-12 12:00:00+00:00,6.0,15,2023-08-11 22:00:00+00:00,2023-08-12 22:00:00+00:00
2023-08-12 13:00:00+00:00,6.92,16,2023-08-11 22:00:00+00:00,2023-08-12 22:00:00+00:00
2023-08-12 14:00:00+00:00,20.4,17,2023-08-11 22:00:00+00:00,2023-08-12 22:00:00+00:00
2023-08-12 15:00:00+00:00,65.12,18,2023-08-11 22:00:00+00:00,2023-08-12 22:00:00+00:00
2023-08-12 16:00:00+00:00,89.43,19,2023-08-11 22:00:00+00:00,2023-08-12 22:00:00+00:00
2023-08-12 17:00:00+00:00,106.47,20,2023-08-11 22:00:00+00:00,2023-08-12 22:00:00+00:00
2023-08-12 18:00:00+00:00,111.16,21,2023-08-11 22:00:00+00:00,2023-08-12 22:00:00+00:00
2023-08-12 19:00:00+00:00,112.28,22,2023-08-11 22:00:00+00:00,2023-08-12 22:00:00+00:00
2023-08-12 20:00:00+00:00,108.05,23,2023-08-11 22:00:00+00:00,2023-08-12 22:00:00+00:00
2023-08-12 21:00:00+00:00,101.66,24,2023-08-11 22:00:00+00:00,2023-08-12 22:00:00+00:00
2023-08-12 22:00:00+00:00,90.1,1,2023-08-12 22:00:00+00:00,2023-08-13 22:00:00+00:00
2023-08-12 23:00:00+00:00,84.67,2,2023-08-12 22:00:00+00:00,2023-08-13 22:00:00+00:00
2023-08-13 00:00:00+00:00,78.8,3,2023-08-12 22:00:00+00:00,2023-08-13 22:00:00+00:00
2023-08-13 01:00:00+00:00,69.66,4,2023-08-12 22:00:00+00:00,2023-08-13 22:00:00+00:00
2023-08-13 02:00:00+00:00,69.0,5,2023-08-12 22:00:00+00:00,2023-08-13 22:00:00+00:00
2023-08-13 03:00:00+00:00,72.02,6,2023-08-12 22:00:00+00:00,2023-08-13 22:00:00+00:00
2023-08-13 04:00:00+00:00,77.73,7,2023-08-12 22:00:00+00:00,2023-08-13 22:00:00+00:00
2023-08-13 05:00:00+00:00,76.64,8,2023-08-12 22:00:00+00:00,2023-08-13 22:00:00+00:00
2023-08-13 06:00:00+00:00,69.93,9,2023-08-12 22:00:00+00:00,2023-08-13 22:00:00+00:00
2023-08-13 07:00:00+00:00,47.89,10,2023-08-12 22:00:00+00:00,2023-08-13 22:00:00+00:00
2023-08-13 08:00:00+00:00,27.42,11,2023-08-12 22:00:00+00:00,2023-08-13 22:00:00+00:00
2023-08-13 09:00:00+00:00,13.7,12,2023-08-12 22:00:00+00:00,2023-08-13 22:00:00+00:00
2023-08-13 10:00:00+00:00,0.01,13,2023-08-12 22:00:00+00:00,2023-08-13 22:00:00+00:00
2023-08-13 11:00:00+00:00,-3.79,14,2023-08-12 22:00:00+00:00,2023-08-13 22:00:00+00:00
2023-08-13 12:00:00+00:00,1.44,15,2023-08-12 22:00:00+00:00,2023-08-13 22:00:00+00:00
2023-08-13 13:00:00+00:00,6.76,16,2023-08-12 22:00:00+00:00,2023-08-13 22:00:00+00:00
2023-08-13 14:00:00+00:00,17.45,17,2023-08-12 22:00:00+00:00,2023-08-13 22:00:00+00:00
2023-08-13 15:00:00+00:00,72.26,18,2023-08-12 22:00:00+00:00,2023-08-13 22:00:00+00:00
2023-08-13 16:00:00+00:00,97.16,19,2023-08-12 22:00:00+00:00,2023-08-13 22:00:00+00:00
2023-08-13 17:00:00+00:00,100.0,20,2023-08-12 22:00:00+00:00,2023-08-13 22:00:00+00:00
2023-08-13 18:00:00+00:00,110.9,21,2023-08-12 22:00:00+00:00,2023-08-13 22:00:00+00:00
2023-08-13 19:00:00+00:00,120.0,22,2023-08-12 22:00:00+00:00,2023-08-13 22:00:00+00:00
2023-08-13 20:00:00+00:00,120.05,23,2023-08-12 22:00:00+00:00,2023-08-13 22:00:00+00:00
2023-08-13 21:00:00+00:00,114.0,24,2023-08-12 22:00:00+00:00,2023-08-13 22:00:00+00:00
2023-08-13 22:00:00+00:00,98.01,1,2023-08-13 22:00:00+00:00,2023-08-14 22:00:00+00:00
2023-08-13 23:00:00+00:00,89.63,2,2023-08-13 22:00:00+00:00,2023-08-14 22:00:00+00:00
2023-08-14 00:00:00+00:00,84.32,3,2023-08-13 22:00:00+00:00,2023-08-14 22:00:00+00:00
2023-08-14 01:00:00+00:00,85.84,4,2023-08-13 22:00:00+00:00,2023-08-14 22:00:00+00:00
2023-08-14 02:00:00+00:00,89.8,5,2023-08-13 22:00:00+00:00,2023-08-14 22:00:00+00:00
2023-08-14 03:00:00+00:00,105.3,6,2023-08-13 22:00:00+00:00,2023-08-14 22:00:00+00:00
2023-08-14 04:00:00+00:00,119.97,7,2023-08-13 22:00:00+00:00,2023-08-14 22:00:00+00:00
2023-08-14 05:00:00+00:00,124.66,8,2023-08-13 22:00:00+00:00,2023-08-14 22:00:00+00:00
2023-08-14 06:00:00+00:00,112.96,9,2023-08-13 22:00:00+00:00,2023-08-14 22:00:00+00:00
2023-08-14 07:00:00+00:00,99.33,10,2023-08-13 22:00:00+00:00,2023-08-14 22:00:00+00:00
2023-08-14 08:00:00+00:00,82.13,11,2023-08-13 22:00:00+00:00,2023-08-14 22:00:00+00:00
2023-08-14 09:00:00+00:00,75.66,12,2023-08-13 22:00:00+00:00,2023-08-14 22:00:00+00:00
2023-08-14 10:00:00+00:00,67.66,13,2023-08-13 22:00:00+00:00,2023-08-14 22:00:00+00:00
2023-08-14 11:00:00+00:00,63.57,14,2023-08-13 22:00:00+00:00,2023-08-14 22:00:00+00:00
2023-08-14 12:00:00+00:00,67.02,15,2023-08-13 22:00:00+00:00,2023-08-14 22:00:00+00:00
2023-08-14 13:00:00+00:00,74.1,16,2023-08-13 22:00:00+00:00,2023-08-14 22:00:00+00:00
2023-08-14 14:00:00+00:00,81.48,17,2023-08-13 22:00:00+00:00,2023-08-14 22:00:00+00:00
2023-08-14 15:00:00+00:00,97.27,18,2023-08-13 22:00:00+00:00,2023-08-14 22:00:00+00:00
2023-08-14 16:00:00+00:00,103.4,19,2023-08-13 22:00:00+00:00,2023-08-14 22:00:00+00:00
2023-08-14 17:00:00+00:00,131.51,20,2023-08-13 22:00:00+00:00,2023-08-14 22:00:00+00:00
2023-08-14 18:00:00+00:00,137.0,21,2023-08-13 22:00:00+00:00,2023-08-14 22:00:00+00:00
2023-08-14 19:00:00+00:00,128.78,22,2023-08-13 22:00:00+00:00,2023-08-14 22:00:00+00:00
2023-08-14 20:00:00+00:00,110.99,23,2023-08-13 22:00:00+00:00,2023-08-14 22:00:00+00:00
2023-08-14 21:00:00+00:00,101.06,24,2023-08-13 22:00:00+00:00,2023-08-14 22:00:00+00:00
2023-08-14 22:00:00+00:00,99.6,1,2023-08-14 22:00:00+00:00,2023-08-15 22:00:00+00:00
2023-08-14 23:00:00+00:00,92.65,2,2023-08-14 22:00:00+00:00,2023-08-15 22:00:00+00:00
2023-08-15 00:00:00+00:00,92.16,3,2023-08-14 22:00:00+00:00,2023-08-15 22:00:00+00:00
2023-08-15 01:00:00+00:00,89.96,4,2023-08-14 22:00:00+00:00,2023-08-15 22:00:00+00:00
2023-08-15 02:00:00+00:00,87.67,5,2023-08-14 22:00:00+00:00,2023-08-15 22:00:00+00:00
2023-08-15 03:00:00+00:00,92.0,6,2023-08-14 22:00:00+00:00,2023-08-15 22:00:00+00:00
2023-08-15 04:00:00+00:00,106.76,7,2023-08-14 22:00:00+00:00,2023-08-15 22:00:00+00:00
2023-08-15 05:00:00+00:00,131.16,8,2023-08-14 22:00:00+00:00,2023-08-15 22:00:00+00:00
2023-08-15 06:00:00+00:00,117.69,9,2023-08-14 22:00:00+00:00,2023-08-15 22:00:00+00:00
2023-08-15 07:00:00+00:00,93.38,10,2023-08-14 22:00:00+00:00,2023-08-15 22:00:00+00:00
2023-08-15 08:00:00+00:00,79.48,11,2023-08-14 22:00:00+00:00,2023-08-15 22:00:00+00:00
2023-08-15 09:00:00+00:00,70.89,12,2023-08-14 22:00:00+00:00,2023-08-15 22:00:00+00:00
2023-08-15 10:00:00+00:00,59.08,13,2023-08-14 22:00:00+00:00,2023-08-15 22:00:00+00:00
2023-08-15 11:00:00+00:00,25.43,14,2023-08-14 22:00:00+00:00,2023-08-15 22:00:00+00:00
2023-08-15 12:00:00+00:00,23.54,15,2023-08-14 22:00:00+00:00,2023-08-15 22:00:00+00:00
2023-08-15 13:00:00+00:00,45.85,16,2023-08-14 22:00:00+00:00,2023-08-15 22:00:00+00:00
2023-08-15 14:00:00+00:00,70.26,17,2023-08-14 22:00:00+00:00,2023-08-15 22:00:00+00:00
2023-08-15 15:00:00+00:00,91.83,18,2023-08-14 22:00:00+00:00,2023-08-15 22:00:00+00:00
2023-08-15 16:00:00+00:00,102.18,19,2023-08-14 22:00:00+00:00,2023-08-15 22:00:00+00:00
2023-08-15 17:00:00+00:00,124.49,20,2023-08-14 22:00:00+00:00,2023-08-15 22:00:00+00:00
2023-08-15 18:00:00+00:00,142.0,21,2023-08-14 22:00:00+00:00,2023-08-15 22:00:00+00:00
2023-08-15 19:00:00+00:00,133.04,22,2023-08-14 22:00:00+00:00,2023-08-15 22:00:00+00:00
2023-08-15 20:00:00+00:00,125.35,23,2023-08-14 22:00:00+00:00,2023-08-15 22:00:00+00:00
2023-08-15 21:00:00+00:00,107.89,24,2023-08-14 22:00:00+00:00,2023-08-15 22:00:00+00:00
2023-08-15 22:00:00+00:00,106.79,1,2023-08-15 22:00:00+00:00,2023-08-16 22:00:00+00:00
2023-08-15 23:00:00+00:00,97.45,2,2023-08-15 22:00:00+00:00,2023-08-16 22:00:00+00:00
2023-08-16 00:00:00+00:00,92.6,3,2023-08-15 22:00:00+00:00,2023-08-16 22:00:00+00:00
2023-08-16 01:00:00+00:00,90.52,4,2023-08-15 22:00:00+00:00,2023-08-16 22:00:00+00:00
2023-08-16 02:00:00+00:00,90.17,5,2023-08-15 22:00:00+00:00,2023-08-16 22:00:00+00:00
2023-08-16 03:00:00+00:00,96.54,6,2023-08-15 22:00:00+00:00,2023-08-16 22:00:00+00:00
2023-08-16 04:00:00+00:00,116.41,7,2023-08-15 22:00:00+00:00,2023-08-16 22:00:00+00:00
2023-08-16 05:00:00+00:00,139.9,8,2023-08-15 22:00:00+00:00,2023-08-16 22:00:00+00:00
2023-08-16 06:00:00+00:00,127.04,9,2023-08-15 22:00:00+00:00,2023-08-16 22:00:00+00:00
2023-08-16 07:00:00+00:00,109.51,10,2023-08-15 22:00:00+00:00,2023-08-16 22:00:00+00:00
2023-08-16 08:00:00+00:00,99.26,11,2023-08-15 22:00:00+00:00,2023-08-16 22:00:00+00:00
2023-08-16 09:00:00+00:00,94.03,12,2023-08-15 22:00:00+00:00,2023-08-16 22:00:00+00:00
2023-08-16 10:00:00+00:00,86.7,13,2023-08-15 22:00:00+00:00,2023-08-16 22:00:00+00:00
2023-08-16 11:00:00+00:00,84.51,14,2023-08-15 22:00:00+00:00,2023-08-16 22:00:00+00:00
2023-08-16 12:00:00+00:00,79.98,15,2023-08-15 22:00:00+00:00,2023-08-16 22:00:00+00:00
2023-08-16 13:00:00+00:00,80.0,16,2023-08-15 22:00:00+00:00,2023-08-16 22:00:00+00:00
2023-08-16 14:00:00+00:00,88.4,17,2023-08-15 22:00:00+00:00,2023-08-16 22:00:00+00:00
2023-08-16 15:00:00+00:00,106.72,18,2023-08-15 22:00:00+00:00,2023-08-16 22:00:00+00:00
2023-08-16 16:00:00+00:00,128.43,19,2023-08-15 22:00:00+00:00,2023-08-16 22:00:00+00:00
2023-08-16 17:00:00+00:00,153.47,20,2023-08-15 22:00:00+00:00,2023-08-16 22:00:00+00:00
2023-08-16 18:00:00+00:00,151.39,21,2023-08-15 22:00:00+00:00,2023-08-16 22:00:00+00:00
2023-08-16 19:00:00+00:00,136.1,22,2023-08-15 22:00:00+00:00,2023-08-16 22:00:00+00:00
2023-08-16 20:00:00+00:00,119.9,23,2023-08-15 22:00:00+00:00,2023-08-16 22:00:00+00:00
2023-08-16 21:00:00+00:00,99.99,24,2023-08-15 22:00:00+00:00,2023-08-16 22:00:00+00:00
2023-08-16 22:00:00+00:00,104.88,1,2023-08-16 22:00:00+00:00,2023-08-17 22:00:00+00:00
2023-08-16 23:00:00+00:00,98.38,2,2023-08-16 22:00:00+00:00,2023-08-17 22:00:00+00:00
2023-08-17 00:00:00+00:00,97.95,3,2023-08-16 22:00:00+00:00,2023-08-17 22:00:00+00:00
2023-08-17 01:00:00+00:00,94.95,4,2023-08-16 22:00:00+00:00,2023-08-17 22:00:00+00:00
2023-08-17 02:00:00+00:00,92.16,5,2023-08-16 22:00:00+00:00,2023-08-17 22:00:00+00:00
2023-08-17 03:00:00+00:00,99.85,6,2023-08-16 22:00:00+00:00,2023-08-17 22:00:00+00:00
2023-08-17 04:00:00+00:00,119.27,7,2023-08-16 22:00:00+00:00,2023-08-17 22:00:00+00:00
2023-08-17 05:00:00+00:00,124.01,8,2023-08-16 22:00:00+00:00,2023-08-17 22:00:00+00:00
2023-08-17 06:00:00+00:00,124.76,9,2023-08-16 22:00:00+00:00,2023-08-17 22:00:00+00:00
2023-08-17 07:00:00+00:00,108.39,10,2023-08-16 22:00:00+00:00,2023-08-17 22:00:00+00:00
2023-08-17 08:00:00+00:00,100.0,11,2023-08-16 22:00:00+00:00,2023-08-17 22:00:00+00:00
2023-08-17 09:00:00+00:00,95.19,12,2023-08-16 22:00:00+00:00,2023-08-17 22:00:00+00:00
2023-08-17 10:00:00+00:00,91.62,13,2023-08-16 22:00:00+00:00,2023-08-17 22:00:00+00:00
2023-08-17 11:00:00+00:00,89.98,14,2023-08-16 22:00:00+00:00,2023-08-17 22:00:00+00:00
2023-08-17 13:00:00+00:00,88.95,16,2023-08-16 22:00:00+00:00,2023-08-17 22:00:00+00:00
2023-08-17 14:00:00+00:00,91.52,17,2023-08-16 22:00:00+00:00,2023-08-17 22:00:00+00:00
2023-08-17 15:00:00+00:00,105.0,18,2023-08-16 22:00:00+00:00,2023-08-17 22:00:00+00:00
2023-08-17 16:00:00+00:00,117.13,19,2023-08-16 22:00:00+00:00,2023-08-17 22:00:00+00:00
2023-08-17 17:00:00+00:00,141.0,20,2023-08-16 22:00:00+00:00,2023-08-17 22:00:00+00:00
2023-08-17 18:00:00+00:00,139.22,21,2023-08-16 22:00:00+00:00,2023-08-17 22:00:00+00:00
2023-08-17 19:00:00+00:00,128.78,22,2023-08-16 22:00:00+00:00,2023-08-17 22:00:00+00:00
2023-08-17 20:00:00+00:00,116.63,23,2023-08-16 22:00:00+00:00,2023-08-17 22:00:00+00:00
2023-08-17 21:00:00+00:00,106.75,24,2023-08-16 22:00:00+00:00,2023-08-17 22:00:00+00:00
2023-08-17 22:00:00+00:00,104.76,1,2023-08-17 22:00:00+00:00,2023-08-18 22:00:00+00:00
2023-08-17 23:00:00+00:00,97.3,2,2023-08-17 22:00:00+00:00,2023-08-18 22:00:00+00:00
2023-08-18 00:00:00+00:00,100.06,3,2023-08-17 22:00:00+00:00,2023-08-18 22:00:00+00:00
2023-08-18 01:00:00+00:00,97.18,4,2023-08-17 22:00:00+00:00,2023-08-18 22:00:00+00:00
2023-08-18 02:00:00+00:00,97.54,5,2023-08-17 22:00:00+00:00,2023-08-18 22:00:00+00:00
2023-08-18 03:00:00+00:00,100.05,6,2023-08-17 22:00:00+00:00,2023-08-18 22:00:00+00:00
2023-08-18 04:00:00+00:00,116.44,7,2023-08-17 22:00:00+00:00,2023-08-18 22:00:00+00:00
2023-08-18 05:00:00+00:00,130.91,8,2023-08-17 22:00:00+00:00,2023-08-18 22:00:00+00:00
2023-08-18 06:00:00+00:00,120.08,9,2023-08-17 22:00:00+00:00,2023-08-18 22:00:00+00:00
2023-08-18 07:00:00+00:00,106.84,10,2023-08-17 22:00:00+00:00,2023-08-18 22:00:00+00:00
2023-08-18 08:00:00+00:00,95.85,11,2023-08-17 22:00:00+00:00,2023-08-18 22:00:00+00:00
2023-08-18 09:00:00+00:00,89.05,12,2023-08-17 22:00:00+00:00,2023-08-18 22:00:00+00:00
2023-08-18 10:00:00+00:00,86.28,13,2023-08-17 22:00:00+00:00,2023-08-18 22:00:00+00:00
2023-08-18 11:00:00+00:00,82.85,14,2023-08-17 22:00:00+00:00,2023-08-18 22:00:00+00:00
2023-08-18 12:00:00+00:00,84.16,15,2023-08-17 22:00:00+00:00,2023-08-18 22:00:00+00:00
2023-08-18 13:00:00+00:00,88.37,16,2023-08-17 22:00:00+00:00,2023-08-18 22:00:00+00:00
2023-08-18 14:00:00+00:00,95.24,17,2023-08-17 22:00:00+00:00,2023-08-18 22:00:00+00:00
2023-08-18 15:00:00+00:00,108.12,18,2023-08-17 22:00:00+00:00,2023-08-18 22:00:00+00:00
2023-08-18 16:00:00+00:00,124.46,19,2023-08-17 22:00:00+00:00,2023-08-18 22:00:00+00:00
2023-08-18 17:00:00+00:00,136.97,20,2023-08-17 22:00:00+00:00,2023-08-18 22:00:00+00:00
2023-08-18 18:00:00+00:00,145.13,21,2023-08-17 22:00:00+00:00,2023-08-18 22:00:00+00:00
2023-08-18 19:00:00+00:00,122.99,22,2023-08-17 22:00:00+00:00,2023-08-18 22:00:00+00:00
2023-08-18 20:00:00+00:00,103.71,23,2023-08-17 22:00:00+00:00,2023-08-18 22:00:00+00:00
2023-08-18 21:00:00+00:00,97.08,24,2023-08-17 22:00:00+00:00,2023-08-18 22:00:00+00:00
2023-08-18 22:00:00+00:00,98.85,1,2023-08-18 22:00:00+00:00,2023-08-19 22:00:00+00:00
2023-08-18 23:00:00+00:00,99.57,2,2023-08-18 22:00:00+00:00,2023-08-19 22:00:00+00:00
2023-08-19 00:00:00+00:00,90.21,3,2023-08-18 22:00:00+00:00,2023-08-19 22:00:00+00:00
2023-08-19 01:00:00+00:00,93.64,4,2023-08-18 22:00:00+00:00,2023-08-19 22:00:00+00:00
2023-08-19 02:00:00+00:00,95.9,5,2023-08-18 22:00:00+00:00,2023-08-19 22:00:00+00:00
2023-08-19 04:00:00+00:00,99.9,7,2023-08-18 22:00:00+00:00,2023-08-19 22:00:00+00:00
2023-08-19 05:00:00+00:00,88.2,8,2023-08-18 22:00:00+00:00,2023-08-19 22:00:00+00:00
2023-08-19 06:00:00+00:00,83.02,9,2023-08-18 22:00:00+00:00,2023-08-19 22:00:00+00:00
2023-08-19 07:00:00+00:00,79.37,10,2023-08-18 22:00:00+00:00,2023-08-19 22:00:00+00:00
2023-08-19 08:00:00+00:00,69.4,11,2023-08-18 22:00:00+00:00,2023-08-19 22:00:00+00:00
2023-08-19 09:00:00+00:00,41.83,12,2023-08-18 22:00:00+00:00,2023-08-19 22:00:00+00:00
2023-08-19 10:00:00+00:00,25.45,13,2023-08-18 22:00:00+00:00,2023-08-19 22:00:00+00:00
2023-08-19 11:00:00+00:00,14.86,14,2023-08-18 22:00:00+00:00,2023-08-19 22:00:00+00:00
2023-08-19 12:00:00+00:00,12.59,15,2023-08-18 22:00:00+00:00,2023-08-19 22:00:00+00:00
2023-08-19 13:00:00+00:00,25.01,16,2023-08-18 22:00:00+00:00,2023-08-19 22:00:00+00:00
2023-08-19 14:00:00+00:00,55.84,17,2023-08-18 22:00:00+00:00,2023-08-19 22:00:00+00:00
2023-08-19 15:00:00+00:00,77.6,18,2023-08-18 22:00:00+00:00,2023-08-19 22:00:00+00:00
2023-08-19 16:00:00+00:00,98.96,19,2023-08-18 22:00:00+00:00,2023-08-19 22:00:00+00:00
2023-08-19 17:00:00+00:00,99.9,20,2023-08-18 22:00:00+00:00,2023-08-19 22:00:00+00:00
2023-08-19 18:00:00+00:00,129.4,21,2023-08-18 22:00:00+00:00,2023-08-19 22:00:00+00:00
2023-08-19 19:00:00+00:00,132.54,22,2023-08-18 22:00:00+00:00,2023-08-19 22:00:00+00:00
2023-08-19 20:00:00+00:00,123.71,23,2023-08-18 22:00:00+00:00,2023-08-19 22:00:00+00:00
2023-08-19 21:00:00+00:00,112.54,24,2023-08-18 22:00:00+00:00,2023-08-19 22:00:00+00:00
2023-08-19 22:00:00+00:00,113.99,1,2023-08-19 22:00:00+00:00,2023-08-20 22:00:00+00:00
2023-08-19 23:00:00+00:00,110.59,2,2023-08-19 22:00:00+00:00,2023-08-20 22:00:00+00:00
2023-08-20 00:00:00+00:00,105.17,3,2023-08-19 22:00:00+00:00,2023-08-20 22:00:00+00:00
2023-08-20 01:00:00+00:00,105.02,4,2023-08-19 22:00:00+00:00,2023-08-20 22:00:00+00:00
2023-08-20 02:00:00+00:00,103.01,5,2023-08-19 22:00:00+00:00,2023-08-20 22:00:00+00:00
2023-08-20 03:00:00+00:00,104.61,6,2023-08-19 22:00:00+00:00,2023-08-20 22:00:00+00:00
2023-08-20 04:00:00+00:00,104.96,7,2023-08-19 22:00:00+00:00,2023-08-20 22:00:00+00:00
2023-08-20 05:00:00+00:00,99.69,8,2023-08-19 22:00:00+00:00,2023-08-20 22:00:00+00:00
2023-08-20 06:00:00+00:00,98.99,9,2023-08-19 22:00:00+00:00,2023-08-20 22:00:00+00:00
2023-08-20 07:00:00+00:00,86.62,10,2023-08-19 22:00:00+00:00,2023-08-20 22:00:00+00:00
2023-08-20 08:00:00+00:00,73.28,11,2023-08-19 22:00:00+00:00,2023-08-20 22:00:00+00:00
2023-08-20 09:00:00+00:00,44.0,12,2023-08-19 22:00:00+00:00,2023-08-20 22:00:00+00:00
2023-08-20 10:00:00+00:00,9.13,13,2023-08-19 22:00:00+00:00,2023-08-20 22:00:00+00:00
2023-08-20 11:00:00+00:00,13.25,14,2023-08-19 22:00:00+00:00,2023-08-20 22:00:00+00:00
2023-08-20 12:00:00+00:00,13.84,15,2023-08-19 22:00:00+00:00,2023-08-20 22:00:00+00:00
2023-08-20 13:00:00+00:00,33.81,16,2023-08-19 22:00:00+00:00,2023-08-20 22:00:00+00:00
2023-08-20 14:00:00+00:00,78.98,17,2023-08-19 22:00:00+00:00,2023-08-20 22:00:00+00:00
2023-08-20 15:00:00+00:00,95.1,18,2023-08-19 22:00:00+00:00,2023-08-20 22:00:00+00:00
2023-08-20 16:00:00+00:00,112.0,19,2023-08-19 22:00:00+00:00,2023-08-20 22:00:00+00:00
2023-08-20 17:00:00+00:00,128.8,20,2023-08-19 22:00:00+00:00,2023-08-20 22:00:00+00:00
2023-08-20 18:00:00+00:00,140.0,21,2023-08-19 22:00:00+00:00,2023-08-20 22:00:00+00:00
2023-08-20 19:00:00+00:00,139.54,22,2023-08-19 22:00:00+00:00,2023-08-20 22:00:00+00:00
2023-08-20 20:00:00+00:00,126.71,23,2023-08-19 22:00:00+00:00,2023-08-20 22:00:00+00:00
2023-08-20 21:00:00+00:00,111.95,24,2023-08-19 22:00:00+00:00,2023-08-20 22:00:00+00:00
2023-08-20 22:00:00+00:00,111.95,1,2023-08-20 22:00:00+00:00,2023-08-21 22:00:00+00:00
2023-08-20 23:00:00+00:00,101.67,2,2023-08-20 22:00:00+00:00,2023-08-21 22:00:00+00:00
2023-08-21 00:00:00+00:00,98.71,3,2023-08-20 22:00:00+00:00,2023-08-21 22:00:00+00:00
2023-08-21 01:00:00+00:00,95.12,4,2023-08-20 22:00:00+00:00,2023-08-21 22:00:00+00:00
2023-08-21 02:00:00+00:00,97.71,5,2023-08-20 22:00:00+00:00,2023-08-21 22:00:00+00:00
2023-08-21 03:00:00+00:00,106.47,6,2023-08-20 22:00:00+00:00,2023-08-21 22:00:00+00:00
2023-08-21 04:00:00+00:00,138.84,7,2023-08-20 22:00:00+00:00,2023-08-21 22:00:00+00:00
2023-08-21 05:00:00+00:00,160.93,8,2023-08-20 22:00:00+00:00,2023-08-21 22:00:00+00:00
2023-08-21 06:00:00+00:00,137.27,9,2023-08-20 22:00:00+00:00,2023-08-21 22:00:00+00:00
2023-08-21 07:00:00+00:00,115.07,10,2023-08-20 22:00:00+00:00,2023-08-21 22:00:00+00:00
2023-08-21 08:00:00+00:00,104.02,11,2023-08-20 22:00:00+00:00,2023-08-21 22:00:00+00:00
2023-08-21 09:00:00+00:00,88.52,12,2023-08-20 22:00:00+00:00,2023-08-21 22:00:00+00:00
2023-08-21 10:00:00+00:00,75.4,13,2023-08-20 22:00:00+00:00,2023-08-21 22:00:00+00:00
2023-08-21 11:00:00+00:00,64.9,14,2023-08-20 22:00:00+00:00,2023-08-21 22:00:00+00:00
2023-08-21 12:00:00+00:00,77.72,15,2023-08-20 22:00:00+00:00,2023-08-21 22:00:00+00:00
2023-08-21 13:00:00+00:00,87.3,16,2023-08-20 22:00:00+00:00,2023-08-21 22:00:00+00:00
2023-08-21 14:00:00+00:00,96.17,17,2023-08-20 22:00:00+00:00,2023-08-21 22:00:00+00:00
2023-08-21 15:00:00+00:00,118.68,18,2023-08-20 22:00:00+00:00,2023-08-21 22:00:00+00:00
2023-08-21 16:00:00+00:00,142.77,19,2023-08-20 22:00:00+00:00,2023-08-21 22:00:00+00:00
2023-08-21 17:00:00+00:00,186.73,20,2023-08-20 22:00:00+00:00,2023-08-21 22:00:00+00:00
2023-08-21 18:00:00+00:00,203.45,21,2023-08-20 22:00:00+00:00,2023-08-21 22:00:00+00:00
2023-08-21 19:00:00+00:00,166.35,22,2023-08-20 22:00:00+00:00,2023-08-21 22:00:00+00:00
2023-08-21 20:00:00+00:00,136.01,23,2023-08-20 22:00:00+00:00,2023-08-21 22:00:00+00:00
2023-08-21 21:00:00+00:00,115.0,24,2023-08-20 22:00:00+00:00,2023-08-21 22:00:00+00:00
2023-08-21 22:00:00+00:00,113.69,1,2023-08-21 22:00:00+00:00,2023-08-22 22:00:00+00:00
2023-08-21 23:00:00+00:00,104.56,2,2023-08-21 22:00:00+00:00,2023-08-22 22:00:00+00:00
2023-08-22 00:00:00+00:00,102.65,3,2023-08-21 22:00:00+00:00,2023-08-22 22:00:00+00:00
2023-08-22 01:00:00+00:00,102.26,4,2023-08-21 22:00:00+00:00,2023-08-22 22:00:00+00:00
2023-08-22 02:00:00+00:00,99.9,5,2023-08-21 22:00:00+00:00,2023-08-22 22:00:00+00:00
2023-08-22 03:00:00+00:00,108.06,6,2023-08-21 22:00:00+00:00,2023-08-22 22:00:00+00:00
2023-08-22 04:00:00+00:00,126.78,7,2023-08-21 22:00:00+00:00,2023-08-22 22:00:00+00:00
2023-08-22 05:00:00+00:00,150.0,8,2023-08-21 22:00:00+00:00,2023-08-22 22:00:00+00:00
2023-08-22 06:00:00+00:00,136.84,9,2023-08-21 22:00:00+00:00,2023-08-22 22:00:00+00:00
2023-08-22 07:00:00+00:00,115.91,10,2023-08-21 22:00:00+00:00,2023-08-22 22:00:00+00:00
2023-08-22 08:00:00+00:00,102.4,11,2023-08-21 22:00:00+00:00,2023-08-22 22:00:00+00:00
2023-08-22 09:00:00+00:00,99.67,12,2023-08-21 22:00:00+00:00,2023-08-22 22:00:00+00:00
2023-08-22 10:00:00+00:00,83.71,13,2023-08-21 22:00:00+00:00,2023-08-22 22:00:00+00:00
2023-08-22 11:00:00+00:00,81.88,14,2023-08-21 22:00:00+00:00,2023-08-22 22:00:00+00:00
2023-08-22 12:00:00+00:00,81.39,15,2023-08-21 22:00:00+00:00,2023-08-22 22:00:00+00:00
2023-08-22 13:00:00+00:00,90.7,16,2023-08-21 22:00:00+00:00,2023-08-22 22:00:00+00:00
2023-08-22 14:00:00+00:00,98.0,17,2023-08-21 22:00:00+00:00,2023-08-22 22:00:00+00:00
2023-08-22 15:00:00+00:00,107.55,18,2023-08-21 22:00:00+00:00,2023-08-22 22:00:00+00:00
2023-08-22 16:00:00+00:00,139.0,19,2023-08-21 22:00:00+00:00,2023-08-22 22:00:00+00:00
2023-08-22 17:00:00+00:00,192.83,20,2023-08-21 22:00:00+00:00,2023-08-22 22:00:00+00:00
2023-08-22 18:00:00+00:00,206.48,21,2023-08-21 22:00:00+00:00,2023-08-22 22:00:00+00:00
2023-08-22 19:00:00+00:00,166.3,22,2023-08-21 22:00:00+00:00,2023-08-22 22:00:00+00:00
2023-08-22 20:00:00+00:00,145.8,23,2023-08-21 22:00:00+00:00,2023-08-22 22:00:00+00:00
2023-08-22 21:00:00+00:00,127.6,24,2023-08-21 22:00:00+00:00,2023-08-22 22:00:00+00:00
2023-08-22 22:00:00+00:00,123.89,1,2023-08-22 22:00:00+00:00,2023-08-23 22:00:00+00:00
2023-08-22 23:00:00+00:00,112.67,2,2023-08-22 22:00:00+00:00,2023-08-23 22:00:00+00:00
2023-08-23 00:00:00+00:00,109.9,3,2023-08-22 22:00:00+00:00,2023-08-23 22:00:00+00:00
2023-08-23 01:00:00+00:00,106.34,4,2023-08-22 22:00:00+00:00,2023-08-23 22:00:00+00:00
2023-08-23 02:00:00+00:00,107.5,5,2023-08-22 22:00:00+00:00,2023-08-23 22:00:00+00:00
2023-08-23 03:00:00+00:00,114.24,6,2023-08-22 22:00:00+00:00,2023-08-23 22:00:00+00:00
2023-08-23 04:00:00+00:00,140.1,7,2023-08-22 22:00:00+00:00,2023-08-23 22:00:00+00:00
2023-08-23 05:00:00+00:00,162.0,8,2023-08-22 22:00:00+00:00,2023-08-23 22:00:00+00:00
2023-08-23 06:00:00+00:00,157.41,9,2023-08-22 22:00:00+00:00,2023-08-23 22:00:00+00:00
2023-08-23 07:00:00+00:00,136.5,10,2023-08-22 22:00:00+00:00,2023-08-23 22:00:00+00:00
2023-08-23 08:00:00+00:00,117.5,11,2023-08-22 22:00:00+00:00,2023-08-23 22:00:00+00:00
2023-08-23 09:00:00+00:00,105.6,12,2023-08-22 22:00:00+00:00,2023-08-23 22:00:00+00:00
2023-08-23 10:00:00+00:00,94.53,13,2023-08-22 22:00:00+00:00,2023-08-23 22:00:00+00:00
2023-08-23 11:00:00+00:00,87.81,14,2023-08-22 22:00:00+00:00,2023-08-23 22:00:00+00:00
2023-08-23 12:00:00+00:00,87.37,15,2023-08-22 22:00:00+00:00,2023-08-23 22:00:00+00:00
2023-08-23 13:00:00+00:00,94.43,16,2023-08-22 22:00:00+00:00,2023-08-23 22:00:00+00:00
2023-08-23 14:00:00+00:00,116.0,17,2023-08-22 22:00:00+00:00,2023-08-23 22:00:00+00:00
2023-08-23 15:00:00+00:00,144.2,18,2023-08-22 22:00:00+00:00,2023-08-23 22:00:00+00:00
2023-08-23 16:00:00+00:00,225.5,19,2023-08-22 22:00:00+00:00,2023-08-23 22:00:00+00:00
2023-08-23 17:00:00+00:00,276.12,20,2023-08-22 22:00:00+00:00,2023-08-23 22:00:00+00:00
2023-08-23 18:00:00+00:00,291.93,21,2023-08-22 22:00:00+00:00,2023-08-23 22:00:00+00:00
2023-08-23 19:00:00+00:00,240.79,22,2023-08-22 22:00:00+00:00,2023-08-23 22:00:00+00:00
2023-08-23 20:00:00+00:00,172.82,23,2023-08-22 22:00:00+00:00,2023-08-23 22:00:00+00:00
2023-08-23 21:00:00+00:00,138.67,24,2023-08-22 22:00:00+00:00,2023-08-23 22:00:00+00:00
2023-08-23 22:00:00+00:00,133.82,1,2023-08-23 22:00:00+00:00,2023-08-24 22:00:00+00:00
2023-08-23 23:00:00+00:00,124.95,2,2023-08-23 22:00:00+00:00,2023-08-24 22:00:00+00:00
2023-08-24 00:00:00+00:00,118.05,3,2023-08-23 22:00:00+00:00,2023-08-24 22:00:00+00:00
2023-08-24 01:00:00+00:00,108.03,4,2023-08-23 22:00:00+00:00,2023-08-24 22:00:00+00:00
2023-08-24 02:00:00+00:00,96.2,5,2023-08-23 22:00:00+00:00,2023-08-24 22:00:00+00:00
2023-08-24 03:00:00+00:00,95.0,6,2023-08-23 22:00:00+00:00,2023-08-24 22:00:00+00:00
2023-08-24 04:00:00+00:00,110.1,7,2023-08-23 22:00:00+00:00,2023-08-24 22:00:00+00:00
2023-08-24 05:00:00+00:00,139.4,8,2023-08-23 22:00:00+00:00,2023-08-24 22:00:00+00:00
2023-08-24 06:00:00+00:00,136.93,9,2023-08-23 22:00:00+00:00,2023-08-24 22:00:00+00:00
2023-08-24 07:00:00+00:00,131.97,10,2023-08-23 22:00:00+00:00,2023-08-24 22:00:00+00:00
2023-08-24 08:00:00+00:00,100.2,11,2023-08-23 22:00:00+00:00,2023-08-24 22:00:00+00:00
2023-08-24 09:00:00+00:00,103.54,12,2023-08-23 22:00:00+00:00,2023-08-24 22:00:00+00:00
2023-08-24 10:00:00+00:00,100.08,13,2023-08-23 22:00:00+00:00,2023-08-24 22:00:00+00:00
2023-08-24 11:00:00+00:00,101.85,14,2023-08-23 22:00:00+00:00,2023-08-24 22:00:00+00:00
2023-08-24 12:00:00+00:00,111.6,15,2023-08-23 22:00:00+00:00,2023-08-24 22:00:00+00:00
2023-08-24 13:00:00+00:00,116.27,16,2023-08-23 22:00:00+00:00,2023-08-24 22:00:00+00:00
2023-08-24 14:00:00+00:00,123.78,17,2023-08-23 22:00:00+00:00,2023-08-24 22:00:00+00:00
2023-08-24 15:00:00+00:00,158.07,18,2023-08-23 22:00:00+00:00,2023-08-24 22:00:00+00:00
2023-08-24 16:00:00+00:00,211.78,19,2023-08-23 22:00:00+00:00,2023-08-24 22:00:00+00:00
2023-08-24 17:00:00+00:00,265.06,20,2023-08-23 22:00:00+00:00,2023-08-24 22:00:00+00:00
2023-08-24 18:00:00+00:00,249.58,21,2023-08-23 22:00:00+00:00,2023-08-24 22:00:00+00:00
2023-08-24 19:00:00+00:00,187.86,22,2023-08-23 22:00:00+00:00,2023-08-24 22:00:00+00:00
2023-08-24 20:00:00+00:00,159.46,23,2023-08-23 22:00:00+00:00,2023-08-24 22:00:00+00:00
2023-08-24 21:00:00+00:00,130.19,24,2023-08-23 22:00:00+00:00,2023-08-24 22:00:00+00:00
2023-08-24 22:00:00+00:00,105.24,1,2023-08-24 22:00:00+00:00,2023-08-25 22:00:00+00:00
2023-08-24 23:00:00+00:00,96.42,2,2023-08-24 22:00:00+00:00,2023-08-25 22:00:00+00:00
2023-08-25 00:00:00+00:00,95.71,3,2023-08-24 22:00:00+00:00,2023-08-25 22:00:00+00:00
2023-08-25 01:00:00+00:00,95.9,4,2023-08-24 22:00:00+00:00,2023-08-25 22:00:00+00:00
2023-08-25 02:00:00+00:00,96.76,5,2023-08-24 22:00:00+00:00,2023-08-25 22:00:00+00:00
2023-08-25 03:00:00+00:00,103.0,6,2023-08-24 22:00:00+00:00,2023-08-25 22:00:00+00:00
2023-08-25 04:00:00+00:00,124.22,7,2023-08-24 22:00:00+00:00,2023-08-25 22:00:00+00:00
2023-08-25 05:00:00+00:00,135.12,8,2023-08-24 22:00:00+00:00,2023-08-25 22:00:00+00:00
2023-08-25 06:00:00+00:00,139.42,9,2023-08-24 22:00:00+00:00,2023-08-25 22:00:00+00:00
2023-08-25 07:00:00+00:00,129.03,10,2023-08-24 22:00:00+00:00,2023-08-25 22:00:00+00:00
2023-08-25 08:00:00+00:00,116.67,11,2023-08-24 22:00:00+00:00,2023-08-25 22:00:00+00:00
2023-08-25 09:00:00+00:00,110.61,12,2023-08-24 22:00:00+00:00,2023-08-25 22:00:00+00:00
2023-08-25 10:00:00+00:00,101.95,13,2023-08-24 22:00:00+00:00,2023-08-25 22:00:00+00:00
2023-08-25 11:00:00+00:00,100.0,14,2023-08-24 22:00:00+00:00,2023-08-25 22:00:00+00:00
2023-08-25 12:00:00+00:00,95.72,15,2023-08-24 22:00:00+00:00,2023-08-25 22:00:00+00:00
2023-08-25 13:00:00+00:00,93.58,16,2023-08-24 22:00:00+00:00,2023-08-25 22:00:00+00:00
2023-08-25 14:00:00+00:00,99.72,17,2023-08-24 22:00:00+00:00,2023-08-25 22:00:00+00:00
2023-08-25 15:00:00+00:00,117.87,18,2023-08-24 22:00:00+00:00,2023-08-25 22:00:00+00:00
2023-08-25 16:00:00+00:00,135.42,19,2023-08-24 22:00:00+00:00,2023-08-25 22:00:00+00:00
2023-08-25 17:00:00+00:00,156.78,20,2023-08-24 22:00:00+00:00,2023-08-25 22:00:00+00:00
2023-08-25 18:00:00+00:00,150.0,21,2023-08-24 22:00:00+00:00,2023-08-25 22:00:00+00:00
2023-08-25 19:00:00+00:00,135.9,22,2023-08-24 22:00:00+00:00,2023-08-25 22:00:00+00:00
2023-08-25 20:00:00+00:00,126.15,23,2023-08-24 22:00:00+00:00,2023-08-25 22:00:00+00:00
2023-08-25 21:00:00+00:00,107.02,24,2023-08-24 22:00:00+00:00,2023-08-25 22:00:00+00:00
2023-08-25 22:00:00+00:00,109.9,1,2023-08-25 22:00:00+00:00,2023-08-26 22:00:00+00:00
2023-08-25 23:00:00+00:00,104.1,2,2023-08-25 22:00:00+00:00,2023-08-26 22:00:00+00:00
2023-08-26 00:00:00+00:00,101.91,3,2023-08-25 22:00:00+00:00,2023-08-26 22:00:00+00:00
2023-08-26 01:00:00+00:00,99.52,4,2023-08-25 22:00:00+00:00,2023-08-26 22:00:00+00:00
2023-08-26 02:00:00+00:00,94.89,5,2023-08-25 22:00:00+00:00,2023-08-26 22:00:00+00:00
2023-08-26 03:00:00+00:00,90.5,6,2023-08-25 22:00:00+00:00,2023-08-26 22:00:00+00:00
2023-08-26 04:00:00+00:00,95.48,7,2023-08-25 22:00:00+00:00,2023-08-26 22:00:00+00:00
2023-08-26 05:00:00+00:00,95.9,8,2023-08-25 22:00:00+00:00,2023-08-26 22:00:00+00:00
2023-08-26 06:00:00+00:00,98.3,9,2023-08-25 22:00:00+00:00,2023-08-26 22:00:00+00:00
2023-08-26 07:00:00+00:00,92.64,10,2023-08-25 22:00:00+00:00,2023-08-26 22:00:00+00:00
2023-08-26 08:00:00+00:00,85.12,11,2023-08-25 22:00:00+00:00,2023-08-26 22:00:00+00:00
2023-08-26 09:00:00+00:00,78.96,12,2023-08-25 22:00:00+00:00,2023-08-26 22:00:00+00:00
2023-08-26 10:00:00+00:00,54.9,13,2023-08-25 22:00:00+00:00,2023-08-26 22:00:00+00:00
2023-08-26 11:00:00+00:00,15.0,14,2023-08-25 22:00:00+00:00,2023-08-26 22:00:00+00:00
2023-08-26 12:00:00+00:00,36.71,15,2023-08-25 22:00:00+00:00,2023-08-26 22:00:00+00:00
2023-08-26 13:00:00+00:00,79.82,16,2023-08-25 22:00:00+00:00,2023-08-26 22:00:00+00:00
2023-08-26 14:00:00+00:00,87.04,17,2023-08-25 22:00:00+00:00,2023-08-26 22:00:00+00:00
2023-08-26 15:00:00+00:00,94.8,18,2023-08-25 22:00:00+00:00,2023-08-26 22:00:00+00:00
2023-08-26 16:00:00+00:00,100.0,19,2023-08-25 22:00:00+00:00,2023-08-26 22:00:00+00:00
2023-08-26 17:00:00+00:00,120.0,20,2023-08-25 22:00:00+00:00,2023-08-26 22:00:00+00:00
2023-08-26 18:00:00+00:00,130.98,21,2023-08-25 22:00:00+00:00,2023-08-26 22:00:00+00:00
2023-08-26 19:00:00+00:00,134.7,22,2023-08-25 22:00:00+00:00,2023-08-26 22:00:00+00:00
2023-08-26 20:00:00+00:00,122.98,23,2023-08-25 22:00:00+00:00,2023-08-26 22:00:00+00:00
2023-08-26 21:00:00+00:00,110.63,24,2023-08-25 22:00:00+00:00,2023-08-26 22:00:00+00:00
2023-08-26 22:00:00+00:00,102.39,1,2023-08-26 22:00:00+00:00,2023-08-27 22:00:00+00:00
2023-08-26 23:00:00+00:00,98.31,2,2023-08-26 22:00:00+00:00,2023-08-27 22:00:00+00:00
2023-08-27 00:00:00+00:00,96.91,3,2023-08-26 22:00:00+00:00,2023-08-27 22:00:00+00:00
2023-08-27 01:00:00+00:00,96.57,4,2023-08-26 22:00:00+00:00,2023-08-27 22:00:00+00:00
2023-08-27 02:00:00+00:00,98.6,5,2023-08-26 22:00:00+00:00,2023-08-27 22:00:00+00:00
2023-08-27 03:00:00+00:00,99.53,6,2023-08-26 22:00:00+00:00,2023-08-27 22:00:00+00:00
2023-08-27 04:00:00+00:00,96.31,7,2023-08-26 22:00:00+00:00,2023-08-27 22:00:00+00:00
2023-08-27 05:00:00+00:00,96.0,8,2023-08-26 22:00:00+00:00,2023-08-27 22:00:00+00:00
2023-08-27 06:00:00+00:00,94.1,9,2023-08-26 22:00:00+00:00,2023-08-27 22:00:00+00:00
2023-08-27 07:00:00+00:00,94.92,10,2023-08-26 22:00:00+00:00,2023-08-27 22:00:00+00:00
2023-08-27 08:00:00+00:00,93.22,11,2023-08-26 22:00:00+00:00,2023-08-27 22:00:00+00:00
2023-08-27 09:00:00+00:00,93.96,12,2023-08-26 22:00:00+00:00,2023-08-27 22:00:00+00:00
2023-08-27 10:00:00+00:00,80.41,13,2023-08-26 22:00:00+00:00,2023-08-27 22:00:00+00:00
2023-08-27 11:00:00+00:00,59.0,14,2023-08-26 22:00:00+00:00,2023-08-27 22:00:00+00:00
2023-08-27 12:00:00+00:00,0.01,15,2023-08-26 22:00:00+00:00,2023-08-27 22:00:00+00:00
2023-08-27 13:00:00+00:00,67.83,16,2023-08-26 22:00:00+00:00,2023-08-27 22:00:00+00:00
2023-08-27 14:00:00+00:00,85.72,17,2023-08-26 22:00:00+00:00,2023-08-27 22:00:00+00:00
2023-08-27 15:00:00+00:00,100.86,18,2023-08-26 22:00:00+00:00,2023-08-27 22:00:00+00:00
2023-08-27 16:00:00+00:00,99.9,19,2023-08-26 22:00:00+00:00,2023-08-27 22:00:00+00:00
2023-08-27 17:00:00+00:00,120.25,20,2023-08-26 22:00:00+00:00,2023-08-27 22:00:00+00:00
2023-08-27 18:00:00+00:00,125.2,21,2023-08-26 22:00:00+00:00,2023-08-27 22:00:00+00:00
2023-08-27 19:00:00+00:00,127.25,22,2023-08-26 22:00:00+00:00,2023-08-27 22:00:00+00:00
2023-08-27 20:00:00+00:00,119.0,23,2023-08-26 22:00:00+00:00,2023-08-27 22:00:00+00:00
2023-08-27 21:00:00+00:00,102.99,24,2023-08-26 22:00:00+00:00,2023-08-27 22:00:00+00:00
2023-08-27 22:00:00+00:00,93.31,1,2023-08-27 22:00:00+00:00,2023-08-28 22:00:00+00:00
2023-08-27 23:00:00+00:00,88.52,2,2023-08-27 22:00:00+00:00,2023-08-28 22:00:00+00:00
2023-08-28 00:00:00+00:00,85.0,3,2023-08-27 22:00:00+00:00,2023-08-28 22:00:00+00:00
2023-08-28 01:00:00+00:00,80.66,4,2023-08-27 22:00:00+00:00,2023-08-28 22:00:00+00:00
2023-08-28 02:00:00+00:00,86.71,5,2023-08-27 22:00:00+00:00,2023-08-28 22:00:00+00:00
2023-08-28 03:00:00+00:00,93.96,6,2023-08-27 22:00:00+00:00,2023-08-28 22:00:00+00:00
2023-08-28 04:00:00+00:00,111.6,7,2023-08-27 22:00:00+00:00,2023-08-28 22:00:00+00:00
2023-08-28 05:00:00+00:00,135.66,8,2023-08-27 22:00:00+00:00,2023-08-28 22:00:00+00:00
2023-08-28 06:00:00+00:00,140.8,9,2023-08-27 22:00:00+00:00,2023-08-28 22:00:00+00:00
2023-08-28 07:00:00+00:00,124.31,10,2023-08-27 22:00:00+00:00,2023-08-28 22:00:00+00:00
2023-08-28 08:00:00+00:00,100.02,11,2023-08-27 22:00:00+00:00,2023-08-28 22:00:00+00:00
2023-08-28 09:00:00+00:00,98.0,12,2023-08-27 22:00:00+00:00,2023-08-28 22:00:00+00:00
2023-08-28 10:00:00+00:00,100.9,13,2023-08-27 22:00:00+00:00,2023-08-28 22:00:00+00:00
2023-08-28 11:00:00+00:00,88.0,14,2023-08-27 22:00:00+00:00,2023-08-28 22:00:00+00:00
2023-08-28 12:00:00+00:00,83.34,15,2023-08-27 22:00:00+00:00,2023-08-28 22:00:00+00:00
2023-08-28 13:00:00+00:00,81.51,16,2023-08-27 22:00:00+00:00,2023-08-28 22:00:00+00:00
2023-08-28 14:00:00+00:00,90.0,17,2023-08-27 22:00:00+00:00,2023-08-28 22:00:00+00:00
2023-08-28 15:00:00+00:00,99.91,18,2023-08-27 22:00:00+00:00,2023-08-28 22:00:00+00:00
2023-08-28 16:00:00+00:00,130.0,19,2023-08-27 22:00:00+00:00,2023-08-28 22:00:00+00:00
2023-08-28 17:00:00+00:00,166.23,20,2023-08-27 22:00:00+00:00,2023-08-28 22:00:00+00:00
2023-08-28 18:00:00+00:00,166.73,21,2023-08-27 22:00:00+00:00,2023-08-28 22:00:00+00:00
2023-08-28 19:00:00+00:00,142.4,22,2023-08-27 22:00:00+00:00,2023-08-28 22:00:00+00:00
2023-08-28 20:00:00+00:00,123.72,23,2023-08-27 22:00:00+00:00,2023-08-28 22:00:00+00:00
2023-08-28 21:00:00+00:00,107.94,24,2023-08-27 22:00:00+00:00,2023-08-28 22:00:00+00:00
2023-08-28 22:00:00+00:00,103.12,1,2023-08-28 22:00:00+00:00,2023-08-29 22:00:00+00:00
2023-08-28 23:00:00+00:00,96.97,2,2023-08-28 22:00:00+00:00,2023-08-29 22:00:00+00:00
2023-08-29 00:00:00+00:00,95.04,3,2023-08-28 22:00:00+00:00,2023-08-29 22:00:00+00:00
2023-08-29 02:00:00+00:00,95.05,5,2023-08-28 22:00:00+00:00,2023-08-29 22:00:00+00:00
2023-08-29 03:00:00+00:00,98.81,6,2023-08-28 22:00:00+00:00,2023-08-29 22:00:00+00:00
2023-08-29 04:00:00+00:00,116.62,7,2023-08-28 22:00:00+00:00,2023-08-29 22:00:00+00:00
2023-08-29 05:00:00+00:00,144.56,8,2023-08-28 22:00:00+00:00,2023-08-29 22:00:00+00:00
2023-08-29 06:00:00+00:00,119.9,9,2023-08-28 22:00:00+00:00,2023-08-29 22:00:00+00:00
2023-08-29 07:00:00+00:00,117.8,10,2023-08-28 22:00:00+00:00,2023-08-29 22:00:00+00:00
2023-08-29 08:00:00+00:00,103.93,11,2023-08-28 22:00:00+00:00,2023-08-29 22:00:00+00:00
2023-08-29 09:00:00+00:00,95.3,12,2023-08-28 22:00:00+00:00,2023-08-29 22:00:00+00:00
2023-08-29 10:00:00+00:00,93.0,13,2023-08-28 22:00:00+00:00,2023-08-29 22:00:00+00:00
2023-08-29 11:00:00+00:00,90.1,14,2023-08-28 22:00:00+00:00,2023-08-29 22:00:00+00:00
2023-08-29 12:00:00+00:00,89.0,15,2023-08-28 22:00:00+00:00,2023-08-29 22:00:00+00:00
2023-08-29 13:00:00+00:00,91.5,16,2023-08-28 22:00:00+00:00,2023-08-29 22:00:00+00:00
2023-08-29 14:00:00+00:00,100.0,17,2023-08-28 22:00:00+00:00,2023-08-29 22:00:00+00:00
2023-08-29 15:00:00+00:00,94.6,18,2023-08-28 22:00:00+00:00,2023-08-29 22:00:00+00:00
2023-08-29 16:00:00+00:00,115.5,19,2023-08-28 22:00:00+00:00,2023-08-29 22:00:00+00:00
2023-08-29 17:00:00+00:00,145.59,20,2023-08-28 22:00:00+00:00,2023-08-29 22:00:00+00:00
2023-08-29 18:00:00+00:00,158.54,21,2023-08-28 22:00:00+00:00,2023-08-29 22:00:00+00:00
2023-08-29 19:00:00+00:00,136.68,22,2023-08-28 22:00:00+00:00,2023-08-29 22:00:00+00:00
2023-08-29 20:00:00+00:00,122.08,23,2023-08-28 22:00:00+00:00,2023-08-29 22:00:00+00:00
2023-08-29 21:00:00+00:00,102.81,24,2023-08-28 22:00:00+00:00,2023-08-29 22:00:00+00:00
2023-08-29 22:00:00+00:00,100.12,1,2023-08-29 22:00:00+00:00,2023-08-30 22:00:00+00:00
2023-08-29 23:00:00+00:00,98.6,2,2023-08-29 22:00:00+00:00,2023-08-30 22:00:00+00:00
2023-08-30 00:00:00+00:00,96.36,3,2023-08-29 22:00:00+00:00,2023-08-30 22:00:00+00:00
2023-08-30 01:00:00+00:00,93.49,4,2023-08-29 22:00:00+00:00,2023-08-30 22:00:00+00:00
2023-08-30 02:00:00+00:00,93.71,5,2023-08-29 22:00:00+00:00,2023-08-30 22:00:00+00:00
2023-08-30 03:00:00+00:00,94.59,6,2023-08-29 22:00:00+00:00,2023-08-30 22:00:00+00:00
2023-08-30 04:00:00+00:00,110.1,7,2023-08-29 22:00:00+00:00,2023-08-30 22:00:00+00:00
2023-08-30 05:00:00+00:00,133.64,8,2023-08-29 22:00:00+00:00,2023-08-30 22:00:00+00:00
2023-08-30 06:00:00+00:00,136.85,9,2023-08-29 22:00:00+00:00,2023-08-30 22:00:00+00:00
2023-08-30 07:00:00+00:00,124.5,10,2023-08-29 22:00:00+00:00,2023-08-30 22:00:00+00:00
2023-08-30 08:00:00+00:00,110.2,11,2023-08-29 22:00:00+00:00,2023-08-30 22:00:00+00:00
2023-08-30 09:00:00+00:00,98.87,12,2023-08-29 22:00:00+00:00,2023-08-30 22:00:00+00:00
2023-08-30 10:00:00+00:00,97.38,13,2023-08-29 22:00:00+00:00,2023-08-30 22:00:00+00:00
2023-08-30 11:00:00+00:00,95.28,14,2023-08-29 22:00:00+00:00,2023-08-30 22:00:00+00:00
2023-08-30 12:00:00+00:00,94.02,15,2023-08-29 22:00:00+00:00,2023-08-30 22:00:00+00:00
2023-08-30 13:00:00+00:00,96.65,16,2023-08-29 22:00:00+00:00,2023-08-30 22:00:00+00:00
2023-08-30 14:00:00+00:00,95.74,17,2023-08-29 22:00:00+00:00,2023-08-30 22:00:00+00:00
2023-08-30 15:00:00+00:00,109.89,18,2023-08-29 22:00:00+00:00,2023-08-30 22:00:00+00:00
2023-08-30 16:00:00+00:00,130.0,19,2023-08-29 22:00:00+00:00,2023-08-30 22:00:00+00:00
2023-08-30 17:00:00+00:00,161.84,20,2023-08-29 22:00:00+00:00,2023-08-30 22:00:00+00:00
2023-08-30 18:00:00+00:00,163.0,21,2023-08-29 22:00:00+00:00,2023-08-30 22:00:00+00:00
2023-08-30 19:00:00+00:00,134.4,22,2023-08-29 22:00:00+00:00,2023-08-30 22:00:00+00:00
2023-08-30 20:00:00+00:00,119.49,23,2023-08-29 22:00:00+00:00,2023-08-30 22:00:00+00:00
2023-08-30 21:00:00+00:00,101.59,24,2023-08-29 22:00:00+00:00,2023-08-30 22:00:00+00:00
2023-08-30 22:00:00+00:00,96.31,1,2023-08-30 22:00:00+00:00,2023-08-31 22:00:00+00:00
2023-08-30 23:00:00+00:00,91.76,2,2023-08-30 22:00:00+00:00,2023-08-31 22:00:00+00:00
2023-08-31 00:00:00+00:00,91.43,3,2023-08-30 22:00:00+00:00,2023-08-31 22:00:00+00:00
2023-08-31 01:00:00+00:00,90.78,4,2023-08-30 22:00:00+00:00,2023-08-31 22:00:00+00:00
2023-08-31 02:00:00+00:00,88.51,5,2023-08-30 22:00:00+00:00,2023-08-31 22:00:00+00:00
2023-08-31 03:00:00+00:00,91.55,6,2023-08-30 22:00:00+00:00,2023-08-31 22:00:00+00:00
2023-08-31 04:00:00+00:00,105.3,7,2023-08-30 22:00:00+00:00,2023-08-31 22:00:00+00:00
2023-08-31 05:00:00+00:00,135.61,8,2023-08-30 22:00:00+00:00,2023-08-31 22:00:00+00:00
2023-08-31 06:00:00+00:00,127.8,9,2023-08-30 22:00:00+00:00,2023-08-31 22:00:00+00:00
2023-08-31 07:00:00+00:00,114.09,10,2023-08-30 22:00:00+00:00,2023-08-31 22:00:00+00:00
2023-08-31 08:00:00+00:00,96.91,11,2023-08-30 22:00:00+00:00,2023-08-31 22:00:00+00:00
2023-08-31 09:00:00+00:00,92.0,12,2023-08-30 22:00:00+00:00,2023-08-31 22:00:00+00:00
2023-08-31 10:00:00+00:00,90.06,13,2023-08-30 22:00:00+00:00,2023-08-31 22:00:00+00:00
2023-08-31 11:00:00+00:00,84.98,14,2023-08-30 22:00:00+00:00,2023-08-31 22:00:00+00:00
2023-08-31 12:00:00+00:00,81.68,15,2023-08-30 22:00:00+00:00,2023-08-31 22:00:00+00:00
2023-08-31 13:00:00+00:00,86.68,16,2023-08-30 22:00:00+00:00,2023-08-31 22:00:00+00:00
2023-08-31 14:00:00+00:00,89.34,17,2023-08-30 22:00:00+00:00,2023-08-31 22:00:00+00:00
2023-08-31 15:00:00+00:00,99.8,18,2023-08-30 22:00:00+00:00,2023-08-31 22:00:00+00:00
2023-08-31 16:00:00+00:00,118.97,19,2023-08-30 22:00:00+00:00,2023-08-31 22:00:00+00:00
2023-08-31 17:00:00+00:00,148.55,20,2023-08-30 22:00:00+00:00,2023-08-31 22:00:00+00:00
2023-08-31 18:00:00+00:00,138.99,21,2023-08-30 22:00:00+00:00,2023-08-31 22:00:00+00:00
2023-08-31 19:00:00+00:00,125.67,22,2023-08-30 22:00:00+00:00,2023-08-31 22:00:00+00:00
2023-08-31 20:00:00+00:00,106.07,23,2023-08-30 22:00:00+00:00,2023-08-31 22:00:00+00:00
2023-08-31 21:00:00+00:00,96.89,24,2023-08-30 22:00:00+00:00,2023-08-31 22:00:00+00:00
2023-08-31 22:00:00+00:00,98.9,1,2023-08-31 22:00:00+00:00,2023-09-01 22:00:00+00:00
2023-08-31 22:00:00+00:00,98.9,1,2023-08-31 22:00:00+00:00,2023-09-01 22:00:00+00:00
2023-08-31 23:00:00+00:00,95.97,2,2023-08-31 22:00:00+00:00,2023-09-01 22:00:00+00:00
2023-08-31 23:00:00+00:00,95.97,2,2023-08-31 22:00:00+00:00,2023-09-01 22:00:00+00:00
2023-09-01 00:00:00+00:00,93.29,3,2023-08-31 22:00:00+00:00,2023-09-01 22:00:00+00:00
2023-09-01 00:00:00+00:00,93.29,3,2023-08-31 22:00:00+00:00,2023-09-01 22:00:00+00:00
2023-09-01 01:00:00+00:00,93.74,4,2023-08-31 22:00:00+00:00,2023-09-01 22:00:00+00:00
2023-09-01 01:00:00+00:00,93.74,4,2023-08-31 22:00:00+00:00,2023-09-01 22:00:00+00:00
2023-09-01 02:00:00+00:00,94.08,5,2023-08-31 22:00:00+00:00,2023-09-01 22:00:00+00:00
2023-09-01 02:00:00+00:00,94.08,5,2023-08-31 22:00:00+00:00,2023-09-01 22:00:00+00:00
2023-09-01 03:00:00+00:00,97.2,6,2023-08-31 22:00:00+00:00,2023-09-01 22:00:00+00:00
2023-09-01 03:00:00+00:00,97.2,6,2023-08-31 22:00:00+00:00,2023-09-01 22:00:00+00:00
2023-09-01 04:00:00+00:00,112.04,7,2023-08-31 22:00:00+00:00,2023-09-01 22:00:00+00:00
2023-09-01 04:00:00+00:00,112.04,7,2023-08-31 22:00:00+00:00,2023-09-01 22:00:00+00:00
2023-09-01 05:00:00+00:00,128.43,8,2023-08-31 22:00:00+00:00,2023-09-01 22:00:00+00:00
2023-09-01 05:00:00+00:00,128.43,8,2023-08-31 22:00:00+00:00,2023-09-01 22:00:00+00:00
2023-09-01 06:00:00+00:00,129.43,9,2023-08-31 22:00:00+00:00,2023-09-01 22:00:00+00:00
2023-09-01 06:00:00+00:00,129.43,9,2023-08-31 22:00:00+00:00,2023-09-01 22:00:00+00:00
2023-09-01 07:00:00+00:00,111.3,10,2023-08-31 22:00:00+00:00,2023-09-01 22:00:00+00:00
2023-09-01 07:00:00+00:00,111.3,10,2023-08-31 22:00:00+00:00,2023-09-01 22:00:00+00:00
2023-09-01 08:00:00+00:00,102.22,11,2023-08-31 22:00:00+00:00,2023-09-01 22:00:00+00:00
2023-09-01 08:00:00+00:00,102.22,11,2023-08-31 22:00:00+00:00,2023-09-01 22:00:00+00:00
2023-09-01 09:00:00+00:00,96.52,12,2023-08-31 22:00:00+00:00,2023-09-01 22:00:00+00:00
2023-09-01 09:00:00+00:00,96.52,12,2023-08-31 22:00:00+00:00,2023-09-01 22:00:00+00:00
2023-09-01 10:00:00+00:00,92.02,13,2023-08-31 22:00:00+00:00,2023-09-01 22:00:00+00:00
2023-09-01 10:00:00+00:00,92.02,13,2023-08-31 22:00:00+00:00,2023-09-01 22:00:00+00:00
2023-09-01 11:00:00+00:00,88.9,14,2023-08-31 22:00:00+00:00,2023-09-01 22:00:00+00:00
2023-09-01 11:00:00+00:00,88.9,14,2023-08-31 22:00:00+00:00,2023-09-01 22:00:00+00:00
2023-09-01 12:00:00+00:00,89.23,15,2023-08-31 22:00:00+00:00,2023-09-01 22:00:00+00:00
2023-09-01 12:00:00+00:00,89.23,15,2023-08-31 22:00:00+00:00,2023-09-01 22:00:00+00:00
2023-09-01 13:00:00+00:00,92.55,16,2023-08-31 22:00:00+00:00,2023-09-01 22:00:00+00:00
2023-09-01 13:00:00+00:00,92.55,16,2023-08-31 22:00:00+00:00,2023-09-01 22:00:00+00:00
2023-09-01 14:00:00+00:00,94.08,17,2023-08-31 22:00:00+00:00,2023-09-01 22:00:00+00:00
2023-09-01 14:00:00+00:00,94.08,17,2023-08-31 22:00:00+00:00,2023-09-01 22:00:00+00:00
2023-09-01 15:00:00+00:00,106.05,18,2023-08-31 22:00:00+00:00,2023-09-01 22:00:00+00:00
2023-09-01 15:00:00+00:00,106.05,18,2023-08-31 22:00:00+00:00,2023-09-01 22:00:00+00:00
2023-09-01 16:00:00+00:00,125.5,19,2023-08-31 22:00:00+00:00,2023-09-01 22:00:00+00:00
2023-09-01 16:00:00+00:00,125.5,19,2023-08-31 22:00:00+00:00,2023-09-01 22:00:00+00:00
2023-09-01 17:00:00+00:00,147.73,20,2023-08-31 22:00:00+00:00,2023-09-01 22:00:00+00:00
2023-09-01 17:00:00+00:00,147.73,20,2023-08-31 22:00:00+00:00,2023-09-01 22:00:00+00:00
2023-09-01 18:00:00+00:00,144.48,21,2023-08-31 22:00:00+00:00,2023-09-01 22:00:00+00:00
2023-09-01 18:00:00+00:00,144.48,21,2023-08-31 22:00:00+00:00,2023-09-01 22:00:00+00:00
2023-09-01 19:00:00+00:00,127.82,22,2023-08-31 22:00:00+00:00,2023-09-01 22:00:00+00:00
2023-09-01 19:00:00+00:00,127.82,22,2023-08-31 22:00:00+00:00,2023-09-01 22:00:00+00:00
2023-09-01 20:00:00+00:00,118.56,23,2023-08-31 22:00:00+00:00,2023-09-01 22:00:00+00:00
2023-09-01 20:00:00+00:00,118.56,23,2023-08-31 22:00:00+00:00,2023-09-01 22:00:00+00:00
2023-09-01 21:00:00+00:00,114.65,24,2023-08-31 22:00:00+00:00,2023-09-01 22:00:00+00:00
2023-09-01 21:00:00+00:00,114.65,24,2023-08-31 22:00:00+00:00,2023-09-01 22:00:00+00:00
2023-09-01 22:00:00+00:00,107.46,1,2023-09-01 22:00:00+00:00,2023-09-02 22:00:00+00:00
2023-09-01 23:00:00+00:00,102.7,2,2023-09-01 22:00:00+00:00,2023-09-02 22:00:00+00:00
2023-09-02 00:00:00+00:00,100.0,3,2023-09-01 22:00:00+00:00,2023-09-02 22:00:00+00:00
2023-09-02 01:00:00+00:00,96.47,4,2023-09-01 22:00:00+00:00,2023-09-02 22:00:00+00:00
2023-09-02 02:00:00+00:00,95.84,5,2023-09-01 22:00:00+00:00,2023-09-02 22:00:00+00:00
2023-09-02 03:00:00+00:00,96.3,6,2023-09-01 22:00:00+00:00,2023-09-02 22:00:00+00:00
2023-09-02 04:00:00+00:00,101.02,7,2023-09-01 22:00:00+00:00,2023-09-02 22:00:00+00:00
2023-09-02 05:00:00+00:00,101.09,8,2023-09-01 22:00:00+00:00,2023-09-02 22:00:00+00:00
2023-09-02 06:00:00+00:00,100.22,9,2023-09-01 22:00:00+00:00,2023-09-02 22:00:00+00:00
2023-09-02 07:00:00+00:00,94.58,10,2023-09-01 22:00:00+00:00,2023-09-02 22:00:00+00:00
2023-09-02 08:00:00+00:00,89.77,11,2023-09-01 22:00:00+00:00,2023-09-02 22:00:00+00:00
2023-09-02 09:00:00+00:00,79.9,12,2023-09-01 22:00:00+00:00,2023-09-02 22:00:00+00:00
2023-09-02 10:00:00+00:00,76.0,13,2023-09-01 22:00:00+00:00,2023-09-02 22:00:00+00:00
2023-09-02 11:00:00+00:00,62.99,14,2023-09-01 22:00:00+00:00,2023-09-02 22:00:00+00:00
2023-09-02 12:00:00+00:00,55.35,15,2023-09-01 22:00:00+00:00,2023-09-02 22:00:00+00:00
2023-09-02 13:00:00+00:00,69.4,16,2023-09-01 22:00:00+00:00,2023-09-02 22:00:00+00:00
2023-09-02 14:00:00+00:00,80.01,17,2023-09-01 22:00:00+00:00,2023-09-02 22:00:00+00:00
2023-09-02 15:00:00+00:00,93.45,18,2023-09-01 22:00:00+00:00,2023-09-02 22:00:00+00:00
2023-09-02 16:00:00+00:00,110.0,19,2023-09-01 22:00:00+00:00,2023-09-02 22:00:00+00:00
2023-09-02 17:00:00+00:00,121.86,20,2023-09-01 22:00:00+00:00,2023-09-02 22:00:00+00:00
2023-09-02 18:00:00+00:00,126.9,21,2023-09-01 22:00:00+00:00,2023-09-02 22:00:00+00:00
2023-09-02 19:00:00+00:00,115.19,22,2023-09-01 22:00:00+00:00,2023-09-02 22:00:00+00:00
2023-09-02 20:00:00+00:00,105.64,23,2023-09-01 22:00:00+00:00,2023-09-02 22:00:00+00:00
2023-09-02 21:00:00+00:00,97.34,24,2023-09-01 22:00:00+00:00,2023-09-02 22:00:00+00:00
2023-09-02 22:00:00+00:00,105.28,1,2023-09-02 22:00:00+00:00,2023-09-03 22:00:00+00:00
2023-09-02 23:00:00+00:00,101.02,2,2023-09-02 22:00:00+00:00,2023-09-03 22:00:00+00:00
2023-09-03 00:00:00+00:00,103.79,3,2023-09-02 22:00:00+00:00,2023-09-03 22:00:00+00:00
2023-09-03 01:00:00+00:00,104.37,4,2023-09-02 22:00:00+00:00,2023-09-03 22:00:00+00:00
2023-09-03 02:00:00+00:00,100.37,5,2023-09-02 22:00:00+00:00,2023-09-03 22:00:00+00:00
2023-09-03 03:00:00+00:00,99.9,6,2023-09-02 22:00:00+00:00,2023-09-03 22:00:00+00:00
2023-09-03 04:00:00+00:00,100.26,7,2023-09-02 22:00:00+00:00,2023-09-03 22:00:00+00:00
2023-09-03 05:00:00+00:00,97.12,8,2023-09-02 22:00:00+00:00,2023-09-03 22:00:00+00:00
2023-09-03 06:00:00+00:00,90.67,9,2023-09-02 22:00:00+00:00,2023-09-03 22:00:00+00:00
2023-09-03 07:00:00+00:00,83.0,10,2023-09-02 22:00:00+00:00,2023-09-03 22:00:00+00:00
2023-09-03 08:00:00+00:00,60.3,11,2023-09-02 22:00:00+00:00,2023-09-03 22:00:00+00:00
2023-09-03 09:00:00+00:00,43.43,12,2023-09-02 22:00:00+00:00,2023-09-03 22:00:00+00:00
2023-09-03 10:00:00+00:00,21.37,13,2023-09-02 22:00:00+00:00,2023-09-03 22:00:00+00:00
2023-09-03 11:00:00+00:00,11.33,14,2023-09-02 22:00:00+00:00,2023-09-03 22:00:00+00:00
2023-09-03 12:00:00+00:00,4.94,15,2023-09-02 22:00:00+00:00,2023-09-03 22:00:00+00:00
2023-09-03 13:00:00+00:00,15.71,16,2023-09-02 22:00:00+00:00,2023-09-03 22:00:00+00:00
2023-09-03 14:00:00+00:00,53.66,17,2023-09-02 22:00:00+00:00,2023-09-03 22:00:00+00:00
2023-09-03 15:00:00+00:00,95.1,18,2023-09-02 22:00:00+00:00,2023-09-03 22:00:00+00:00
2023-09-03 16:00:00+00:00,110.03,19,2023-09-02 22:00:00+00:00,2023-09-03 22:00:00+00:00
2023-09-03 17:00:00+00:00,125.19,20,2023-09-02 22:00:00+00:00,2023-09-03 22:00:00+00:00
2023-09-03 18:00:00+00:00,138.59,21,2023-09-02 22:00:00+00:00,2023-09-03 22:00:00+00:00
2023-09-03 19:00:00+00:00,120.11,22,2023-09-02 22:00:00+00:00,2023-09-03 22:00:00+00:00
2023-09-03 20:00:00+00:00,109.83,23,2023-09-02 22:00:00+00:00,2023-09-03 22:00:00+00:00
2023-09-03 21:00:00+00:00,101.17,24,2023-09-02 22:00:00+00:00,2023-09-03 22:00:00+00:00
2023-09-03 22:00:00+00:00,100.85,1,2023-09-03 22:00:00+00:00,2023-09-04 22:00:00+00:00
2023-09-03 23:00:00+00:00,94.49,2,2023-09-03 22:00:00+00:00,2023-09-04 22:00:00+00:00
2023-09-04 00:00:00+00:00,93.14,3,2023-09-03 22:00:00+00:00,2023-09-04 22:00:00+00:00
2023-09-04 01:00:00+00:00,93.59,4,2023-09-03 22:00:00+00:00,2023-09-04 22:00:00+00:00
2023-09-04 02:00:00+00:00,93.19,5,2023-09-03 22:00:00+00:00,2023-09-04 22:00:00+00:00
2023-09-04 03:00:00+00:00,103.38,6,2023-09-03 22:00:00+00:00,2023-09-04 22:00:00+00:00
2023-09-04 04:00:00+00:00,127.33,7,2023-09-03 22:00:00+00:00,2023-09-04 22:00:00+00:00
2023-09-04 05:00:00+00:00,144.33,8,2023-09-03 22:00:00+00:00,2023-09-04 22:00:00+00:00
2023-09-04 06:00:00+00:00,129.92,9,2023-09-03 22:00:00+00:00,2023-09-04 22:00:00+00:00
2023-09-04 07:00:00+00:00,109.36,10,2023-09-03 22:00:00+00:00,2023-09-04 22:00:00+00:00
2023-09-04 08:00:00+00:00,92.88,11,2023-09-03 22:00:00+00:00,2023-09-04 22:00:00+00:00
2023-09-04 09:00:00+00:00,82.07,12,2023-09-03 22:00:00+00:00,2023-09-04 22:00:00+00:00
2023-09-04 10:00:00+00:00,77.65,13,2023-09-03 22:00:00+00:00,2023-09-04 22:00:00+00:00
2023-09-04 11:00:00+00:00,72.51,14,2023-09-03 22:00:00+00:00,2023-09-04 22:00:00+00:00
2023-09-04 12:00:00+00:00,72.03,15,2023-09-03 22:00:00+00:00,2023-09-04 22:00:00+00:00
2023-09-04 13:00:00+00:00,79.35,16,2023-09-03 22:00:00+00:00,2023-09-04 22:00:00+00:00
2023-09-04 14:00:00+00:00,88.81,17,2023-09-03 22:00:00+00:00,2023-09-04 22:00:00+00:00
2023-09-04 15:00:00+00:00,108.72,18,2023-09-03 22:00:00+00:00,2023-09-04 22:00:00+00:00
2023-09-04 16:00:00+00:00,128.0,19,2023-09-03 22:00:00+00:00,2023-09-04 22:00:00+00:00
2023-09-04 17:00:00+00:00,184.78,20,2023-09-03 22:00:00+00:00,2023-09-04 22:00:00+00:00
2023-09-04 18:00:00+00:00,172.04,21,2023-09-03 22:00:00+00:00,2023-09-04 22:00:00+00:00
2023-09-04 19:00:00+00:00,125.69,22,2023-09-03 22:00:00+00:00,2023-09-04 22:00:00+00:00
2023-09-04 20:00:00+00:00,105.01,23,2023-09-03 22:00:00+00:00,2023-09-04 22:00:00+00:00
2023-09-04 21:00:00+00:00,95.56,24,2023-09-03 22:00:00+00:00,2023-09-04 22:00:00+00:00
2023-09-04 22:00:00+00:00,92.19,1,2023-09-04 22:00:00+00:00,2023-09-05 22:00:00+00:00
2023-09-04 23:00:00+00:00,92.13,2,2023-09-04 22:00:00+00:00,2023-09-05 22:00:00+00:00
2023-09-05 00:00:00+00:00,89.0,3,2023-09-04 22:00:00+00:00,2023-09-05 22:00:00+00:00
2023-09-05 01:00:00+00:00,90.15,4,2023-09-04 22:00:00+00:00,2023-09-05 22:00:00+00:00
2023-09-05 02:00:00+00:00,89.36,5,2023-09-04 22:00:00+00:00,2023-09-05 22:00:00+00:00
2023-09-05 03:00:00+00:00,95.6,6,2023-09-04 22:00:00+00:00,2023-09-05 22:00:00+00:00
2023-09-05 04:00:00+00:00,120.0,7,2023-09-04 22:00:00+00:00,2023-09-05 22:00:00+00:00
2023-09-05 05:00:00+00:00,126.0,8,2023-09-04 22:00:00+00:00,2023-09-05 22:00:00+00:00
2023-09-05 06:00:00+00:00,118.1,9,2023-09-04 22:00:00+00:00,2023-09-05 22:00:00+00:00
2023-09-05 07:00:00+00:00,97.78,10,2023-09-04 22:00:00+00:00,2023-09-05 22:00:00+00:00
2023-09-05 08:00:00+00:00,88.0,11,2023-09-04 22:00:00+00:00,2023-09-05 22:00:00+00:00
2023-09-05 09:00:00+00:00,81.85,12,2023-09-04 22:00:00+00:00,2023-09-05 22:00:00+00:00
2023-09-05 10:00:00+00:00,72.0,13,2023-09-04 22:00:00+00:00,2023-09-05 22:00:00+00:00
2023-09-05 11:00:00+00:00,74.9,14,2023-09-04 22:00:00+00:00,2023-09-05 22:00:00+00:00
2023-09-05 12:00:00+00:00,73.94,15,2023-09-04 22:00:00+00:00,2023-09-05 22:00:00+00:00
2023-09-05 13:00:00+00:00,83.0,16,2023-09-04 22:00:00+00:00,2023-09-05 22:00:00+00:00
2023-09-05 14:00:00+00:00,88.51,17,2023-09-04 22:00:00+00:00,2023-09-05 22:00:00+00:00
2023-09-05 15:00:00+00:00,103.26,18,2023-09-04 22:00:00+00:00,2023-09-05 22:00:00+00:00
2023-09-05 16:00:00+00:00,129.1,19,2023-09-04 22:00:00+00:00,2023-09-05 22:00:00+00:00
2023-09-05 17:00:00+00:00,179.22,20,2023-09-04 22:00:00+00:00,2023-09-05 22:00:00+00:00
2023-09-05 18:00:00+00:00,154.27,21,2023-09-04 22:00:00+00:00,2023-09-05 22:00:00+00:00
2023-09-05 19:00:00+00:00,121.95,22,2023-09-04 22:00:00+00:00,2023-09-05 22:00:00+00:00
2023-09-05 20:00:00+00:00,107.61,23,2023-09-04 22:00:00+00:00,2023-09-05 22:00:00+00:00
2023-09-05 21:00:00+00:00,96.03,24,2023-09-04 22:00:00+00:00,2023-09-05 22:00:00+00:00
2023-09-05 22:00:00+00:00,88.89,1,2023-09-05 22:00:00+00:00,2023-09-06 22:00:00+00:00
2023-09-05 23:00:00+00:00,85.52,2,2023-09-05 22:00:00+00:00,2023-09-06 22:00:00+00:00
2023-09-06 00:00:00+00:00,84.11,3,2023-09-05 22:00:00+00:00,2023-09-06 22:00:00+00:00
2023-09-06 01:00:00+00:00,84.19,4,2023-09-05 22:00:00+00:00,2023-09-06 22:00:00+00:00
2023-09-06 02:00:00+00:00,79.47,5,2023-09-05 22:00:00+00:00,2023-09-06 22:00:00+00:00
2023-09-06 03:00:00+00:00,92.24,6,2023-09-05 22:00:00+00:00,2023-09-06 22:00:00+00:00
2023-09-06 04:00:00+00:00,115.39,7,2023-09-05 22:00:00+00:00,2023-09-06 22:00:00+00:00
2023-09-06 05:00:00+00:00,141.13,8,2023-09-05 22:00:00+00:00,2023-09-06 22:00:00+00:00
2023-09-06 06:00:00+00:00,119.19,9,2023-09-05 22:00:00+00:00,2023-09-06 22:00:00+00:00
2023-09-06 07:00:00+00:00,97.73,10,2023-09-05 22:00:00+00:00,2023-09-06 22:00:00+00:00
2023-09-06 08:00:00+00:00,88.65,11,2023-09-05 22:00:00+00:00,2023-09-06 22:00:00+00:00
2023-09-06 09:00:00+00:00,82.1,12,2023-09-05 22:00:00+00:00,2023-09-06 22:00:00+00:00
2023-09-06 10:00:00+00:00,75.02,13,2023-09-05 22:00:00+00:00,2023-09-06 22:00:00+00:00
2023-09-06 11:00:00+00:00,70.1,14,2023-09-05 22:00:00+00:00,2023-09-06 22:00:00+00:00
2023-09-06 12:00:00+00:00,75.48,15,2023-09-05 22:00:00+00:00,2023-09-06 22:00:00+00:00
2023-09-06 13:00:00+00:00,82.5,16,2023-09-05 22:00:00+00:00,2023-09-06 22:00:00+00:00
2023-09-06 14:00:00+00:00,91.44,17,2023-09-05 22:00:00+00:00,2023-09-06 22:00:00+00:00
2023-09-06 15:00:00+00:00,105.87,18,2023-09-05 22:00:00+00:00,2023-09-06 22:00:00+00:00
2023-09-06 16:00:00+00:00,145.83,19,2023-09-05 22:00:00+00:00,2023-09-06 22:00:00+00:00
2023-09-06 17:00:00+00:00,188.61,20,2023-09-05 22:00:00+00:00,2023-09-06 22:00:00+00:00
2023-09-06 18:00:00+00:00,166.04,21,2023-09-05 22:00:00+00:00,2023-09-06 22:00:00+00:00
2023-09-06 19:00:00+00:00,123.13,22,2023-09-05 22:00:00+00:00,2023-09-06 22:00:00+00:00
2023-09-06 20:00:00+00:00,105.5,23,2023-09-05 22:00:00+00:00,2023-09-06 22:00:00+00:00
2023-09-06 21:00:00+00:00,95.72,24,2023-09-05 22:00:00+00:00,2023-09-06 22:00:00+00:00
2023-09-06 22:00:00+00:00,95.42,1,2023-09-06 22:00:00+00:00,2023-09-07 22:00:00+00:00
2023-09-06 23:00:00+00:00,91.37,2,2023-09-06 22:00:00+00:00,2023-09-07 22:00:00+00:00
2023-09-07 00:00:00+00:00,89.08,3,2023-09-06 22:00:00+00:00,2023-09-07 22:00:00+00:00
2023-09-07 01:00:00+00:00,83.98,4,2023-09-06 22:00:00+00:00,2023-09-07 22:00:00+00:00
2023-09-07 02:00:00+00:00,88.67,5,2023-09-06 22:00:00+00:00,2023-09-07 22:00:00+00:00
2023-09-07 03:00:00+00:00,92.44,6,2023-09-06 22:00:00+00:00,2023-09-07 22:00:00+00:00
2023-09-07 04:00:00+00:00,115.64,7,2023-09-06 22:00:00+00:00,2023-09-07 22:00:00+00:00
2023-09-07 05:00:00+00:00,130.0,8,2023-09-06 22:00:00+00:00,2023-09-07 22:00:00+00:00
2023-09-07 06:00:00+00:00,126.0,9,2023-09-06 22:00:00+00:00,2023-09-07 22:00:00+00:00
2023-09-07 07:00:00+00:00,102.68,10,2023-09-06 22:00:00+00:00,2023-09-07 22:00:00+00:00
2023-09-07 08:00:00+00:00,88.22,11,2023-09-06 22:00:00+00:00,2023-09-07 22:00:00+00:00
2023-09-07 09:00:00+00:00,83.03,12,2023-09-06 22:00:00+00:00,2023-09-07 22:00:00+00:00
2023-09-07 10:00:00+00:00,67.62,13,2023-09-06 22:00:00+00:00,2023-09-07 22:00:00+00:00
2023-09-07 11:00:00+00:00,56.12,14,2023-09-06 22:00:00+00:00,2023-09-07 22:00:00+00:00
2023-09-07 12:00:00+00:00,59.48,15,2023-09-06 22:00:00+00:00,2023-09-07 22:00:00+00:00
2023-09-07 13:00:00+00:00,82.0,16,2023-09-06 22:00:00+00:00,2023-09-07 22:00:00+00:00
2023-09-07 14:00:00+00:00,88.3,17,2023-09-06 22:00:00+00:00,2023-09-07 22:00:00+00:00
2023-09-07 15:00:00+00:00,103.14,18,2023-09-06 22:00:00+00:00,2023-09-07 22:00:00+00:00
2023-09-07 16:00:00+00:00,133.53,19,2023-09-06 22:00:00+00:00,2023-09-07 22:00:00+00:00
2023-09-07 17:00:00+00:00,167.27,20,2023-09-06 22:00:00+00:00,2023-09-07 22:00:00+00:00
2023-09-07 18:00:00+00:00,146.73,21,2023-09-06 22:00:00+00:00,2023-09-07 22:00:00+00:00
2023-09-07 19:00:00+00:00,118.0,22,2023-09-06 22:00:00+00:00,2023-09-07 22:00:00+00:00
2023-09-07 20:00:00+00:00,101.4,23,2023-09-06 22:00:00+00:00,2023-09-07 22:00:00+00:00
2023-09-07 21:00:00+00:00,88.91,24,2023-09-06 22:00:00+00:00,2023-09-07 22:00:00+00:00
2023-09-07 22:00:00+00:00,84.62,1,2023-09-07 22:00:00+00:00,2023-09-08 22:00:00+00:00
2023-09-07 23:00:00+00:00,81.52,2,2023-09-07 22:00:00+00:00,2023-09-08 22:00:00+00:00
2023-09-08 00:00:00+00:00,82.06,3,2023-09-07 22:00:00+00:00,2023-09-08 22:00:00+00:00
2023-09-08 01:00:00+00:00,82.1,4,2023-09-07 22:00:00+00:00,2023-09-08 22:00:00+00:00
2023-09-08 02:00:00+00:00,86.71,5,2023-09-07 22:00:00+00:00,2023-09-08 22:00:00+00:00
2023-09-08 03:00:00+00:00,91.82,6,2023-09-07 22:00:00+00:00,2023-09-08 22:00:00+00:00
2023-09-08 04:00:00+00:00,111.26,7,2023-09-07 22:00:00+00:00,2023-09-08 22:00:00+00:00
2023-09-08 05:00:00+00:00,131.69,8,2023-09-07 22:00:00+00:00,2023-09-08 22:00:00+00:00
2023-09-08 06:00:00+00:00,122.51,9,2023-09-07 22:00:00+00:00,2023-09-08 22:00:00+00:00
2023-09-08 07:00:00+00:00,100.17,10,2023-09-07 22:00:00+00:00,2023-09-08 22:00:00+00:00
2023-09-08 08:00:00+00:00,89.86,11,2023-09-07 22:00:00+00:00,2023-09-08 22:00:00+00:00
2023-09-08 09:00:00+00:00,82.48,12,2023-09-07 22:00:00+00:00,2023-09-08 22:00:00+00:00
2023-09-08 10:00:00+00:00,72.71,13,2023-09-07 22:00:00+00:00,2023-09-08 22:00:00+00:00
2023-09-08 11:00:00+00:00,70.45,14,2023-09-07 22:00:00+00:00,2023-09-08 22:00:00+00:00
2023-09-08 12:00:00+00:00,72.22,15,2023-09-07 22:00:00+00:00,2023-09-08 22:00:00+00:00
2023-09-08 13:00:00+00:00,80.23,16,2023-09-07 22:00:00+00:00,2023-09-08 22:00:00+00:00
2023-09-08 14:00:00+00:00,88.41,17,2023-09-07 22:00:00+00:00,2023-09-08 22:00:00+00:00
2023-09-08 15:00:00+00:00,107.9,18,2023-09-07 22:00:00+00:00,2023-09-08 22:00:00+00:00
2023-09-08 16:00:00+00:00,170.28,19,2023-09-07 22:00:00+00:00,2023-09-08 22:00:00+00:00
2023-09-08 17:00:00+00:00,230.0,20,2023-09-07 22:00:00+00:00,2023-09-08 22:00:00+00:00
2023-09-08 18:00:00+00:00,194.24,21,2023-09-07 22:00:00+00:00,2023-09-08 22:00:00+00:00
2023-09-08 19:00:00+00:00,132.08,22,2023-09-07 22:00:00+00:00,2023-09-08 22:00:00+00:00
2023-09-08 20:00:00+00:00,113.93,23,2023-09-07 22:00:00+00:00,2023-09-08 22:00:00+00:00
2023-09-08 21:00:00+00:00,105.98,24,2023-09-07 22:00:00+00:00,2023-09-08 22:00:00+00:00
2023-09-08 22:00:00+00:00,105.2,1,2023-09-08 22:00:00+00:00,2023-09-09 22:00:00+00:00
2023-09-08 23:00:00+00:00,102.47,2,2023-09-08 22:00:00+00:00,2023-09-09 22:00:00+00:00
2023-09-09 00:00:00+00:00,100.01,3,2023-09-08 22:00:00+00:00,2023-09-09 22:00:00+00:00
2023-09-09 01:00:00+00:00,100.0,4,2023-09-08 22:00:00+00:00,2023-09-09 22:00:00+00:00
2023-09-09 02:00:00+00:00,100.85,5,2023-09-08 22:00:00+00:00,2023-09-09 22:00:00+00:00
2023-09-09 03:00:00+00:00,99.8,6,2023-09-08 22:00:00+00:00,2023-09-09 22:00:00+00:00
2023-09-09 04:00:00+00:00,103.83,7,2023-09-08 22:00:00+00:00,2023-09-09 22:00:00+00:00
2023-09-09 05:00:00+00:00,104.04,8,2023-09-08 22:00:00+00:00,2023-09-09 22:00:00+00:00
2023-09-09 06:00:00+00:00,96.09,9,2023-09-08 22:00:00+00:00,2023-09-09 22:00:00+00:00
2023-09-09 07:00:00+00:00,89.77,10,2023-09-08 22:00:00+00:00,2023-09-09 22:00:00+00:00
2023-09-09 08:00:00+00:00,78.79,11,2023-09-08 22:00:00+00:00,2023-09-09 22:00:00+00:00
2023-09-09 09:00:00+00:00,65.53,12,2023-09-08 22:00:00+00:00,2023-09-09 22:00:00+00:00
2023-09-09 10:00:00+00:00,-2.16,13,2023-09-08 22:00:00+00:00,2023-09-09 22:00:00+00:00
2023-09-09 11:00:00+00:00,-8.09,14,2023-09-08 22:00:00+00:00,2023-09-09 22:00:00+00:00
2023-09-09 12:00:00+00:00,2.15,15,2023-09-08 22:00:00+00:00,2023-09-09 22:00:00+00:00
2023-09-09 13:00:00+00:00,57.89,16,2023-09-08 22:00:00+00:00,2023-09-09 22:00:00+00:00
2023-09-09 14:00:00+00:00,78.8,17,2023-09-08 22:00:00+00:00,2023-09-09 22:00:00+00:00
2023-09-09 15:00:00+00:00,97.38,18,2023-09-08 22:00:00+00:00,2023-09-09 22:00:00+00:00
2023-09-09 16:00:00+00:00,120.59,19,2023-09-08 22:00:00+00:00,2023-09-09 22:00:00+00:00
2023-09-09 17:00:00+00:00,152.0,20,2023-09-08 22:00:00+00:00,2023-09-09 22:00:00+00:00
2023-09-09 18:00:00+00:00,157.49,21,2023-09-08 22:00:00+00:00,2023-09-09 22:00:00+00:00
2023-09-09 19:00:00+00:00,131.78,22,2023-09-08 22:00:00+00:00,2023-09-09 22:00:00+00:00
2023-09-09 20:00:00+00:00,110.9,23,2023-09-08 22:00:00+00:00,2023-09-09 22:00:00+00:00
2023-09-09 21:00:00+00:00,103.16,24,2023-09-08 22:00:00+00:00,2023-09-09 22:00:00+00:00
2023-09-09 22:00:00+00:00,105.85,1,2023-09-09 22:00:00+00:00,2023-09-10 22:00:00+00:00
2023-09-09 23:00:00+00:00,104.56,2,2023-09-09 22:00:00+00:00,2023-09-10 22:00:00+00:00
2023-09-10 00:00:00+00:00,103.7,3,2023-09-09 22:00:00+00:00,2023-09-10 22:00:00+00:00
2023-09-10 01:00:00+00:00,101.42,4,2023-09-09 22:00:00+00:00,2023-09-10 22:00:00+00:00
2023-09-10 02:00:00+00:00,97.63,5,2023-09-09 22:00:00+00:00,2023-09-10 22:00:00+00:00
2023-09-10 03:00:00+00:00,98.72,6,2023-09-09 22:00:00+00:00,2023-09-10 22:00:00+00:00
2023-09-10 04:00:00+00:00,99.35,7,2023-09-09 22:00:00+00:00,2023-09-10 22:00:00+00:00
2023-09-10 05:00:00+00:00,97.98,8,2023-09-09 22:00:00+00:00,2023-09-10 22:00:00+00:00
2023-09-10 06:00:00+00:00,94.11,9,2023-09-09 22:00:00+00:00,2023-09-10 22:00:00+00:00
2023-09-10 07:00:00+00:00,89.13,10,2023-09-09 22:00:00+00:00,2023-09-10 22:00:00+00:00
2023-09-10 08:00:00+00:00,56.04,11,2023-09-09 22:00:00+00:00,2023-09-10 22:00:00+00:00
2023-09-10 09:00:00+00:00,18.0,12,2023-09-09 22:00:00+00:00,2023-09-10 22:00:00+00:00
2023-09-10 10:00:00+00:00,8.28,13,2023-09-09 22:00:00+00:00,2023-09-10 22:00:00+00:00
2023-09-10 11:00:00+00:00,0.03,14,2023-09-09 22:00:00+00:00,2023-09-10 22:00:00+00:00
2023-09-10 12:00:00+00:00,0.0,15,2023-09-09 22:00:00+00:00,2023-09-10 22:00:00+00:00
2023-09-10 13:00:00+00:00,26.33,16,2023-09-09 22:00:00+00:00,2023-09-10 22:00:00+00:00
2023-09-10 14:00:00+00:00,79.0,17,2023-09-09 22:00:00+00:00,2023-09-10 22:00:00+00:00
2023-09-10 15:00:00+00:00,100.24,18,2023-09-09 22:00:00+00:00,2023-09-10 22:00:00+00:00
2023-09-10 16:00:00+00:00,121.19,19,2023-09-09 22:00:00+00:00,2023-09-10 22:00:00+00:00
2023-09-10 17:00:00+00:00,150.6,20,2023-09-09 22:00:00+00:00,2023-09-10 22:00:00+00:00
2023-09-10 18:00:00+00:00,151.9,21,2023-09-09 22:00:00+00:00,2023-09-10 22:00:00+00:00
2023-09-10 19:00:00+00:00,131.57,22,2023-09-09 22:00:00+00:00,2023-09-10 22:00:00+00:00
2023-09-10 20:00:00+00:00,113.93,23,2023-09-09 22:00:00+00:00,2023-09-10 22:00:00+00:00
2023-09-10 21:00:00+00:00,100.86,24,2023-09-09 22:00:00+00:00,2023-09-10 22:00:00+00:00
2023-09-10 22:00:00+00:00,105.0,1,2023-09-10 22:00:00+00:00,2023-09-11 22:00:00+00:00
2023-09-10 23:00:00+00:00,97.22,2,2023-09-10 22:00:00+00:00,2023-09-11 22:00:00+00:00
2023-09-11 00:00:00+00:00,96.03,3,2023-09-10 22:00:00+00:00,2023-09-11 22:00:00+00:00
2023-09-11 01:00:00+00:00,92.07,4,2023-09-10 22:00:00+00:00,2023-09-11 22:00:00+00:00
2023-09-11 02:00:00+00:00,92.34,5,2023-09-10 22:00:00+00:00,2023-09-11 22:00:00+00:00
2023-09-11 03:00:00+00:00,101.82,6,2023-09-10 22:00:00+00:00,2023-09-11 22:00:00+00:00
2023-09-11 04:00:00+00:00,130.26,7,2023-09-10 22:00:00+00:00,2023-09-11 22:00:00+00:00
2023-09-11 05:00:00+00:00,172.8,8,2023-09-10 22:00:00+00:00,2023-09-11 22:00:00+00:00
2023-09-11 06:00:00+00:00,136.44,9,2023-09-10 22:00:00+00:00,2023-09-11 22:00:00+00:00
2023-09-11 07:00:00+00:00,113.0,10,2023-09-10 22:00:00+00:00,2023-09-11 22:00:00+00:00
2023-09-11 08:00:00+00:00,95.16,11,2023-09-10 22:00:00+00:00,2023-09-11 22:00:00+00:00
2023-09-11 09:00:00+00:00,78.26,12,2023-09-10 22:00:00+00:00,2023-09-11 22:00:00+00:00
2023-09-11 10:00:00+00:00,79.97,13,2023-09-10 22:00:00+00:00,2023-09-11 22:00:00+00:00
2023-09-11 11:00:00+00:00,84.7,14,2023-09-10 22:00:00+00:00,2023-09-11 22:00:00+00:00
2023-09-11 12:00:00+00:00,87.86,15,2023-09-10 22:00:00+00:00,2023-09-11 22:00:00+00:00
2023-09-11 13:00:00+00:00,92.53,16,2023-09-10 22:00:00+00:00,2023-09-11 22:00:00+00:00
2023-09-11 14:00:00+00:00,100.18,17,2023-09-10 22:00:00+00:00,2023-09-11 22:00:00+00:00
2023-09-11 15:00:00+00:00,131.45,18,2023-09-10 22:00:00+00:00,2023-09-11 22:00:00+00:00
2023-09-11 16:00:00+00:00,266.71,19,2023-09-10 22:00:00+00:00,2023-09-11 22:00:00+00:00
2023-09-11 17:00:00+00:00,463.77,20,2023-09-10 22:00:00+00:00,2023-09-11 22:00:00+00:00
2023-09-11 18:00:00+00:00,448.13,21,2023-09-10 22:00:00+00:00,2023-09-11 22:00:00+00:00
2023-09-11 19:00:00+00:00,223.11,22,2023-09-10 22:00:00+00:00,2023-09-11 22:00:00+00:00
2023-09-11 20:00:00+00:00,147.83,23,2023-09-10 22:00:00+00:00,2023-09-11 22:00:00+00:00
2023-09-11 21:00:00+00:00,119.94,24,2023-09-10 22:00:00+00:00,2023-09-11 22:00:00+00:00
2023-09-11 22:00:00+00:00,105.76,1,2023-09-11 22:00:00+00:00,2023-09-12 22:00:00+00:00
2023-09-11 23:00:00+00:00,102.32,2,2023-09-11 22:00:00+00:00,2023-09-12 22:00:00+00:00
2023-09-12 00:00:00+00:00,101.41,3,2023-09-11 22:00:00+00:00,2023-09-12 22:00:00+00:00
2023-09-12 01:00:00+00:00,101.58,4,2023-09-11 22:00:00+00:00,2023-09-12 22:00:00+00:00
2023-09-12 02:00:00+00:00,101.82,5,2023-09-11 22:00:00+00:00,2023-09-12 22:00:00+00:00
2023-09-12 03:00:00+00:00,108.36,6,2023-09-11 22:00:00+00:00,2023-09-12 22:00:00+00:00
2023-09-12 04:00:00+00:00,138.76,7,2023-09-11 22:00:00+00:00,2023-09-12 22:00:00+00:00
2023-09-12 05:00:00+00:00,214.13,8,2023-09-11 22:00:00+00:00,2023-09-12 22:00:00+00:00
2023-09-12 06:00:00+00:00,146.41,9,2023-09-11 22:00:00+00:00,2023-09-12 22:00:00+00:00
2023-09-12 07:00:00+00:00,123.22,10,2023-09-11 22:00:00+00:00,2023-09-12 22:00:00+00:00
2023-09-12 08:00:00+00:00,112.25,11,2023-09-11 22:00:00+00:00,2023-09-12 22:00:00+00:00
2023-09-12 09:00:00+00:00,101.59,12,2023-09-11 22:00:00+00:00,2023-09-12 22:00:00+00:00
2023-09-12 10:00:00+00:00,95.6,13,2023-09-11 22:00:00+00:00,2023-09-12 22:00:00+00:00
2023-09-12 11:00:00+00:00,90.0,14,2023-09-11 22:00:00+00:00,2023-09-12 22:00:00+00:00
2023-09-12 12:00:00+00:00,96.89,15,2023-09-11 22:00:00+00:00,2023-09-12 22:00:00+00:00
2023-09-12 13:00:00+00:00,99.9,16,2023-09-11 22:00:00+00:00,2023-09-12 22:00:00+00:00
2023-09-12 14:00:00+00:00,108.96,17,2023-09-11 22:00:00+00:00,2023-09-12 22:00:00+00:00
2023-09-12 15:00:00+00:00,139.57,18,2023-09-11 22:00:00+00:00,2023-09-12 22:00:00+00:00
2023-09-12 16:00:00+00:00,189.37,19,2023-09-11 22:00:00+00:00,2023-09-12 22:00:00+00:00
2023-09-12 17:00:00+00:00,260.0,20,2023-09-11 22:00:00+00:00,2023-09-12 22:00:00+00:00
2023-09-12 18:00:00+00:00,185.62,21,2023-09-11 22:00:00+00:00,2023-09-12 22:00:00+00:00
2023-09-12 19:00:00+00:00,136.62,22,2023-09-11 22:00:00+00:00,2023-09-12 22:00:00+00:00
2023-09-12 20:00:00+00:00,115.55,23,2023-09-11 22:00:00+00:00,2023-09-12 22:00:00+00:00
2023-09-12 21:00:00+00:00,93.77,24,2023-09-11 22:00:00+00:00,2023-09-12 22:00:00+00:00
2023-09-12 22:00:00+00:00,106.45,1,2023-09-12 22:00:00+00:00,2023-09-13 22:00:00+00:00
2023-09-12 23:00:00+00:00,99.9,2,2023-09-12 22:00:00+00:00,2023-09-13 22:00:00+00:00
2023-09-13 00:00:00+00:00,97.74,3,2023-09-12 22:00:00+00:00,2023-09-13 22:00:00+00:00
2023-09-13 01:00:00+00:00,93.44,4,2023-09-12 22:00:00+00:00,2023-09-13 22:00:00+00:00
2023-09-13 02:00:00+00:00,85.22,5,2023-09-12 22:00:00+00:00,2023-09-13 22:00:00+00:00
2023-09-13 03:00:00+00:00,71.58,6,2023-09-12 22:00:00+00:00,2023-09-13 22:00:00+00:00
2023-09-13 04:00:00+00:00,85.0,7,2023-09-12 22:00:00+00:00,2023-09-13 22:00:00+00:00
2023-09-13 05:00:00+00:00,115.08,8,2023-09-12 22:00:00+00:00,2023-09-13 22:00:00+00:00
2023-09-13 06:00:00+00:00,137.72,9,2023-09-12 22:00:00+00:00,2023-09-13 22:00:00+00:00
2023-09-13 07:00:00+00:00,124.91,10,2023-09-12 22:00:00+00:00,2023-09-13 22:00:00+00:00
2023-09-13 08:00:00+00:00,103.21,11,2023-09-12 22:00:00+00:00,2023-09-13 22:00:00+00:00
2023-09-13 09:00:00+00:00,96.86,12,2023-09-12 22:00:00+00:00,2023-09-13 22:00:00+00:00
2023-09-13 10:00:00+00:00,90.9,13,2023-09-12 22:00:00+00:00,2023-09-13 22:00:00+00:00
2023-09-13 11:00:00+00:00,91.5,14,2023-09-12 22:00:00+00:00,2023-09-13 22:00:00+00:00
2023-09-13 12:00:00+00:00,90.81,15,2023-09-12 22:00:00+00:00,2023-09-13 22:00:00+00:00
2023-09-13 13:00:00+00:00,85.21,16,2023-09-12 22:00:00+00:00,2023-09-13 22:00:00+00:00
2023-09-13 14:00:00+00:00,92.7,17,2023-09-12 22:00:00+00:00,2023-09-13 22:00:00+00:00
2023-09-13 15:00:00+00:00,103.55,18,2023-09-12 22:00:00+00:00,2023-09-13 22:00:00+00:00
2023-09-13 16:00:00+00:00,124.83,19,2023-09-12 22:00:00+00:00,2023-09-13 22:00:00+00:00
2023-09-13 17:00:00+00:00,149.9,20,2023-09-12 22:00:00+00:00,2023-09-13 22:00:00+00:00
2023-09-13 18:00:00+00:00,140.94,21,2023-09-12 22:00:00+00:00,2023-09-13 22:00:00+00:00
2023-09-13 19:00:00+00:00,122.79,22,2023-09-12 22:00:00+00:00,2023-09-13 22:00:00+00:00
2023-09-13 20:00:00+00:00,106.41,23,2023-09-12 22:00:00+00:00,2023-09-13 22:00:00+00:00
2023-09-13 21:00:00+00:00,98.07,24,2023-09-12 22:00:00+00:00,2023-09-13 22:00:00+00:00
2023-09-13 22:00:00+00:00,96.3,1,2023-09-13 22:00:00+00:00,2023-09-14 22:00:00+00:00
2023-09-13 23:00:00+00:00,94.62,2,2023-09-13 22:00:00+00:00,2023-09-14 22:00:00+00:00
2023-09-14 00:00:00+00:00,96.4,3,2023-09-13 22:00:00+00:00,2023-09-14 22:00:00+00:00
2023-09-14 01:00:00+00:00,96.37,4,2023-09-13 22:00:00+00:00,2023-09-14 22:00:00+00:00
2023-09-14 02:00:00+00:00,92.59,5,2023-09-13 22:00:00+00:00,2023-09-14 22:00:00+00:00
2023-09-14 03:00:00+00:00,100.5,6,2023-09-13 22:00:00+00:00,2023-09-14 22:00:00+00:00
2023-09-14 04:00:00+00:00,134.42,7,2023-09-13 22:00:00+00:00,2023-09-14 22:00:00+00:00
2023-09-14 05:00:00+00:00,178.7,8,2023-09-13 22:00:00+00:00,2023-09-14 22:00:00+00:00
2023-09-14 06:00:00+00:00,150.58,9,2023-09-13 22:00:00+00:00,2023-09-14 22:00:00+00:00
2023-09-14 07:00:00+00:00,118.02,10,2023-09-13 22:00:00+00:00,2023-09-14 22:00:00+00:00
2023-09-14 08:00:00+00:00,96.82,11,2023-09-13 22:00:00+00:00,2023-09-14 22:00:00+00:00
2023-09-14 09:00:00+00:00,88.81,12,2023-09-13 22:00:00+00:00,2023-09-14 22:00:00+00:00
2023-09-14 10:00:00+00:00,85.13,13,2023-09-13 22:00:00+00:00,2023-09-14 22:00:00+00:00
2023-09-14 11:00:00+00:00,83.14,14,2023-09-13 22:00:00+00:00,2023-09-14 22:00:00+00:00
2023-09-14 12:00:00+00:00,87.42,15,2023-09-13 22:00:00+00:00,2023-09-14 22:00:00+00:00
2023-09-14 13:00:00+00:00,85.0,16,2023-09-13 22:00:00+00:00,2023-09-14 22:00:00+00:00
2023-09-14 14:00:00+00:00,94.16,17,2023-09-13 22:00:00+00:00,2023-09-14 22:00:00+00:00
2023-09-14 15:00:00+00:00,113.0,18,2023-09-13 22:00:00+00:00,2023-09-14 22:00:00+00:00
2023-09-14 16:00:00+00:00,163.77,19,2023-09-13 22:00:00+00:00,2023-09-14 22:00:00+00:00
2023-09-14 17:00:00+00:00,216.96,20,2023-09-13 22:00:00+00:00,2023-09-14 22:00:00+00:00
2023-09-14 18:00:00+00:00,178.62,21,2023-09-13 22:00:00+00:00,2023-09-14 22:00:00+00:00
2023-09-14 19:00:00+00:00,131.89,22,2023-09-13 22:00:00+00:00,2023-09-14 22:00:00+00:00
2023-09-14 20:00:00+00:00,114.13,23,2023-09-13 22:00:00+00:00,2023-09-14 22:00:00+00:00
2023-09-14 21:00:00+00:00,99.37,24,2023-09-13 22:00:00+00:00,2023-09-14 22:00:00+00:00
2023-09-14 22:00:00+00:00,100.89,1,2023-09-14 22:00:00+00:00,2023-09-15 22:00:00+00:00
2023-09-14 23:00:00+00:00,97.01,2,2023-09-14 22:00:00+00:00,2023-09-15 22:00:00+00:00
2023-09-15 00:00:00+00:00,96.4,3,2023-09-14 22:00:00+00:00,2023-09-15 22:00:00+00:00
2023-09-15 01:00:00+00:00,97.64,4,2023-09-14 22:00:00+00:00,2023-09-15 22:00:00+00:00
2023-09-15 02:00:00+00:00,99.2,5,2023-09-14 22:00:00+00:00,2023-09-15 22:00:00+00:00
2023-09-15 03:00:00+00:00,99.43,6,2023-09-14 22:00:00+00:00,2023-09-15 22:00:00+00:00
2023-09-15 04:00:00+00:00,128.81,7,2023-09-14 22:00:00+00:00,2023-09-15 22:00:00+00:00
2023-09-15 05:00:00+00:00,145.93,8,2023-09-14 22:00:00+00:00,2023-09-15 22:00:00+00:00
2023-09-15 06:00:00+00:00,125.07,9,2023-09-14 22:00:00+00:00,2023-09-15 22:00:00+00:00
2023-09-15 07:00:00+00:00,104.38,10,2023-09-14 22:00:00+00:00,2023-09-15 22:00:00+00:00
2023-09-15 08:00:00+00:00,93.58,11,2023-09-14 22:00:00+00:00,2023-09-15 22:00:00+00:00
2023-09-15 09:00:00+00:00,89.46,12,2023-09-14 22:00:00+00:00,2023-09-15 22:00:00+00:00
2023-09-15 10:00:00+00:00,78.57,13,2023-09-14 22:00:00+00:00,2023-09-15 22:00:00+00:00
2023-09-15 11:00:00+00:00,62.9,14,2023-09-14 22:00:00+00:00,2023-09-15 22:00:00+00:00
2023-09-15 12:00:00+00:00,71.2,15,2023-09-14 22:00:00+00:00,2023-09-15 22:00:00+00:00
2023-09-15 13:00:00+00:00,84.3,16,2023-09-14 22:00:00+00:00,2023-09-15 22:00:00+00:00
2023-09-15 14:00:00+00:00,93.35,17,2023-09-14 22:00:00+00:00,2023-09-15 22:00:00+00:00
2023-09-15 15:00:00+00:00,113.6,18,2023-09-14 22:00:00+00:00,2023-09-15 22:00:00+00:00
2023-09-15 16:00:00+00:00,149.2,19,2023-09-14 22:00:00+00:00,2023-09-15 22:00:00+00:00
2023-09-15 17:00:00+00:00,178.78,20,2023-09-14 22:00:00+00:00,2023-09-15 22:00:00+00:00
2023-09-15 18:00:00+00:00,139.68,21,2023-09-14 22:00:00+00:00,2023-09-15 22:00:00+00:00
2023-09-15 19:00:00+00:00,112.66,22,2023-09-14 22:00:00+00:00,2023-09-15 22:00:00+00:00
2023-09-15 20:00:00+00:00,100.98,23,2023-09-14 22:00:00+00:00,2023-09-15 22:00:00+00:00
2023-09-15 21:00:00+00:00,95.77,24,2023-09-14 22:00:00+00:00,2023-09-15 22:00:00+00:00
2023-09-15 22:00:00+00:00,96.24,1,2023-09-15 22:00:00+00:00,2023-09-16 22:00:00+00:00
2023-09-15 23:00:00+00:00,94.02,2,2023-09-15 22:00:00+00:00,2023-09-16 22:00:00+00:00
2023-09-16 00:00:00+00:00,94.42,3,2023-09-15 22:00:00+00:00,2023-09-16 22:00:00+00:00
2023-09-16 01:00:00+00:00,95.09,4,2023-09-15 22:00:00+00:00,2023-09-16 22:00:00+00:00
2023-09-16 02:00:00+00:00,100.52,5,2023-09-15 22:00:00+00:00,2023-09-16 22:00:00+00:00
2023-09-16 03:00:00+00:00,95.27,6,2023-09-15 22:00:00+00:00,2023-09-16 22:00:00+00:00
2023-09-16 04:00:00+00:00,106.53,7,2023-09-15 22:00:00+00:00,2023-09-16 22:00:00+00:00
2023-09-16 05:00:00+00:00,113.16,8,2023-09-15 22:00:00+00:00,2023-09-16 22:00:00+00:00
2023-09-16 06:00:00+00:00,102.0,9,2023-09-15 22:00:00+00:00,2023-09-16 22:00:00+00:00
2023-09-16 07:00:00+00:00,90.79,10,2023-09-15 22:00:00+00:00,2023-09-16 22:00:00+00:00
2023-09-16 08:00:00+00:00,79.0,11,2023-09-15 22:00:00+00:00,2023-09-16 22:00:00+00:00
2023-09-16 09:00:00+00:00,64.97,12,2023-09-15 22:00:00+00:00,2023-09-16 22:00:00+00:00
2023-09-16 10:00:00+00:00,54.48,13,2023-09-15 22:00:00+00:00,2023-09-16 22:00:00+00:00
2023-09-16 11:00:00+00:00,32.44,14,2023-09-15 22:00:00+00:00,2023-09-16 22:00:00+00:00
2023-09-16 12:00:00+00:00,34.4,15,2023-09-15 22:00:00+00:00,2023-09-16 22:00:00+00:00
2023-09-16 13:00:00+00:00,74.46,16,2023-09-15 22:00:00+00:00,2023-09-16 22:00:00+00:00
2023-09-16 14:00:00+00:00,85.26,17,2023-09-15 22:00:00+00:00,2023-09-16 22:00:00+00:00
2023-09-16 15:00:00+00:00,103.16,18,2023-09-15 22:00:00+00:00,2023-09-16 22:00:00+00:00
2023-09-16 16:00:00+00:00,127.7,19,2023-09-15 22:00:00+00:00,2023-09-16 22:00:00+00:00
2023-09-16 17:00:00+00:00,170.93,20,2023-09-15 22:00:00+00:00,2023-09-16 22:00:00+00:00
2023-09-16 18:00:00+00:00,140.05,21,2023-09-15 22:00:00+00:00,2023-09-16 22:00:00+00:00
2023-09-16 19:00:00+00:00,117.35,22,2023-09-15 22:00:00+00:00,2023-09-16 22:00:00+00:00
2023-09-16 20:00:00+00:00,105.03,23,2023-09-15 22:00:00+00:00,2023-09-16 22:00:00+00:00
2023-09-16 21:00:00+00:00,99.9,24,2023-09-15 22:00:00+00:00,2023-09-16 22:00:00+00:00
2023-09-16 22:00:00+00:00,108.99,1,2023-09-16 22:00:00+00:00,2023-09-17 22:00:00+00:00
2023-09-16 23:00:00+00:00,105.35,2,2023-09-16 22:00:00+00:00,2023-09-17 22:00:00+00:00
2023-09-17 00:00:00+00:00,106.54,3,2023-09-16 22:00:00+00:00,2023-09-17 22:00:00+00:00
2023-09-17 01:00:00+00:00,103.63,4,2023-09-16 22:00:00+00:00,2023-09-17 22:00:00+00:00
2023-09-17 02:00:00+00:00,101.7,5,2023-09-16 22:00:00+00:00,2023-09-17 22:00:00+00:00
2023-09-17 03:00:00+00:00,100.1,6,2023-09-16 22:00:00+00:00,2023-09-17 22:00:00+00:00
2023-09-17 04:00:00+00:00,100.0,7,2023-09-16 22:00:00+00:00,2023-09-17 22:00:00+00:00
2023-09-17 05:00:00+00:00,103.33,8,2023-09-16 22:00:00+00:00,2023-09-17 22:00:00+00:00
2023-09-17 06:00:00+00:00,95.38,9,2023-09-16 22:00:00+00:00,2023-09-17 22:00:00+00:00
2023-09-17 07:00:00+00:00,84.5,10,2023-09-16 22:00:00+00:00,2023-09-17 22:00:00+00:00
2023-09-17 08:00:00+00:00,71.58,11,2023-09-16 22:00:00+00:00,2023-09-17 22:00:00+00:00
2023-09-17 09:00:00+00:00,39.51,12,2023-09-16 22:00:00+00:00,2023-09-17 22:00:00+00:00
2023-09-17 10:00:00+00:00,21.21,13,2023-09-16 22:00:00+00:00,2023-09-17 22:00:00+00:00
2023-09-17 11:00:00+00:00,4.08,14,2023-09-16 22:00:00+00:00,2023-09-17 22:00:00+00:00
2023-09-17 12:00:00+00:00,4.3,15,2023-09-16 22:00:00+00:00,2023-09-17 22:00:00+00:00
2023-09-17 13:00:00+00:00,38.7,16,2023-09-16 22:00:00+00:00,2023-09-17 22:00:00+00:00
2023-09-17 14:00:00+00:00,80.68,17,2023-09-16 22:00:00+00:00,2023-09-17 22:00:00+00:00
2023-09-17 15:00:00+00:00,109.9,18,2023-09-16 22:00:00+00:00,2023-09-17 22:00:00+00:00
2023-09-17 16:00:00+00:00,132.0,19,2023-09-16 22:00:00+00:00,2023-09-17 22:00:00+00:00
2023-09-17 17:00:00+00:00,151.9,20,2023-09-16 22:00:00+00:00,2023-09-17 22:00:00+00:00
2023-09-17 18:00:00+00:00,126.96,21,2023-09-16 22:00:00+00:00,2023-09-17 22:00:00+00:00
2023-09-17 19:00:00+00:00,118.25,22,2023-09-16 22:00:00+00:00,2023-09-17 22:00:00+00:00
2023-09-17 20:00:00+00:00,108.91,23,2023-09-16 22:00:00+00:00,2023-09-17 22:00:00+00:00
2023-09-17 21:00:00+00:00,99.18,24,2023-09-16 22:00:00+00:00,2023-09-17 22:00:00+00:00
2023-09-17 22:00:00+00:00,112.2,1,2023-09-17 22:00:00+00:00,2023-09-18 22:00:00+00:00
2023-09-17 23:00:00+00:00,88.96,2,2023-09-17 22:00:00+00:00,2023-09-18 22:00:00+00:00
2023-09-18 00:00:00+00:00,81.73,3,2023-09-17 22:00:00+00:00,2023-09-18 22:00:00+00:00
2023-09-18 01:00:00+00:00,81.8,4,2023-09-17 22:00:00+00:00,2023-09-18 22:00:00+00:00
2023-09-18 02:00:00+00:00,79.85,5,2023-09-17 22:00:00+00:00,2023-09-18 22:00:00+00:00
2023-09-18 03:00:00+00:00,87.42,6,2023-09-17 22:00:00+00:00,2023-09-18 22:00:00+00:00
2023-09-18 04:00:00+00:00,115.4,7,2023-09-17 22:00:00+00:00,2023-09-18 22:00:00+00:00
2023-09-18 05:00:00+00:00,135.76,8,2023-09-17 22:00:00+00:00,2023-09-18 22:00:00+00:00
2023-09-18 06:00:00+00:00,165.0,9,2023-09-17 22:00:00+00:00,2023-09-18 22:00:00+00:00
2023-09-18 07:00:00+00:00,105.85,10,2023-09-17 22:00:00+00:00,2023-09-18 22:00:00+00:00
2023-09-18 08:00:00+00:00,90.65,11,2023-09-17 22:00:00+00:00,2023-09-18 22:00:00+00:00
2023-09-18 09:00:00+00:00,74.3,12,2023-09-17 22:00:00+00:00,2023-09-18 22:00:00+00:00
2023-09-18 10:00:00+00:00,54.16,13,2023-09-17 22:00:00+00:00,2023-09-18 22:00:00+00:00
2023-09-18 11:00:00+00:00,9.57,14,2023-09-17 22:00:00+00:00,2023-09-18 22:00:00+00:00
2023-09-18 12:00:00+00:00,8.88,15,2023-09-17 22:00:00+00:00,2023-09-18 22:00:00+00:00
2023-09-18 13:00:00+00:00,0.1,16,2023-09-17 22:00:00+00:00,2023-09-18 22:00:00+00:00
2023-09-18 14:00:00+00:00,45.0,17,2023-09-17 22:00:00+00:00,2023-09-18 22:00:00+00:00
2023-09-18 15:00:00+00:00,100.0,18,2023-09-17 22:00:00+00:00,2023-09-18 22:00:00+00:00
2023-09-18 16:00:00+00:00,115.0,19,2023-09-17 22:00:00+00:00,2023-09-18 22:00:00+00:00
2023-09-18 17:00:00+00:00,156.4,20,2023-09-17 22:00:00+00:00,2023-09-18 22:00:00+00:00
2023-09-18 18:00:00+00:00,125.65,21,2023-09-17 22:00:00+00:00,2023-09-18 22:00:00+00:00
2023-09-18 19:00:00+00:00,103.97,22,2023-09-17 22:00:00+00:00,2023-09-18 22:00:00+00:00
2023-09-18 20:00:00+00:00,92.4,23,2023-09-17 22:00:00+00:00,2023-09-18 22:00:00+00:00
2023-09-18 21:00:00+00:00,72.28,24,2023-09-17 22:00:00+00:00,2023-09-18 22:00:00+00:00
2023-09-18 22:00:00+00:00,1.02,1,2023-09-18 22:00:00+00:00,2023-09-19 22:00:00+00:00
2023-09-18 23:00:00+00:00,-0.09,2,2023-09-18 22:00:00+00:00,2023-09-19 22:00:00+00:00
2023-09-19 00:00:00+00:00,-0.1,3,2023-09-18 22:00:00+00:00,2023-09-19 22:00:00+00:00
2023-09-19 01:00:00+00:00,-0.13,4,2023-09-18 22:00:00+00:00,2023-09-19 22:00:00+00:00
2023-09-19 02:00:00+00:00,-1.24,5,2023-09-18 22:00:00+00:00,2023-09-19 22:00:00+00:00
2023-09-19 03:00:00+00:00,0.0,6,2023-09-18 22:00:00+00:00,2023-09-19 22:00:00+00:00
2023-09-19 04:00:00+00:00,70.84,7,2023-09-18 22:00:00+00:00,2023-09-19 22:00:00+00:00
2023-09-19 05:00:00+00:00,104.83,8,2023-09-18 22:00:00+00:00,2023-09-19 22:00:00+00:00
2023-09-19 06:00:00+00:00,109.7,9,2023-09-18 22:00:00+00:00,2023-09-19 22:00:00+00:00
2023-09-19 07:00:00+00:00,82.86,10,2023-09-18 22:00:00+00:00,2023-09-19 22:00:00+00:00
2023-09-19 08:00:00+00:00,0.01,11,2023-09-18 22:00:00+00:00,2023-09-19 22:00:00+00:00
2023-09-19 09:00:00+00:00,-0.08,12,2023-09-18 22:00:00+00:00,2023-09-19 22:00:00+00:00
2023-09-19 10:00:00+00:00,-3.5,13,2023-09-18 22:00:00+00:00,2023-09-19 22:00:00+00:00
2023-09-19 11:00:00+00:00,-5.34,14,2023-09-18 22:00:00+00:00,2023-09-19 22:00:00+00:00
2023-09-19 12:00:00+00:00,-4.85,15,2023-09-18 22:00:00+00:00,2023-09-19 22:00:00+00:00
2023-09-19 13:00:00+00:00,-2.95,16,2023-09-18 22:00:00+00:00,2023-09-19 22:00:00+00:00
2023-09-19 14:00:00+00:00,0.0,17,2023-09-18 22:00:00+00:00,2023-09-19 22:00:00+00:00
2023-09-19 15:00:00+00:00,48.17,18,2023-09-18 22:00:00+00:00,2023-09-19 22:00:00+00:00
2023-09-19 16:00:00+00:00,97.51,19,2023-09-18 22:00:00+00:00,2023-09-19 22:00:00+00:00
2023-09-19 17:00:00+00:00,116.48,20,2023-09-18 22:00:00+00:00,2023-09-19 22:00:00+00:00
2023-09-19 18:00:00+00:00,110.23,21,2023-09-18 22:00:00+00:00,2023-09-19 22:00:00+00:00
2023-09-19 19:00:00+00:00,87.16,22,2023-09-18 22:00:00+00:00,2023-09-19 22:00:00+00:00
2023-09-19 20:00:00+00:00,66.81,23,2023-09-18 22:00:00+00:00,2023-09-19 22:00:00+00:00
2023-09-19 21:00:00+00:00,16.35,24,2023-09-18 22:00:00+00:00,2023-09-19 22:00:00+00:00
2023-09-19 22:00:00+00:00,0.79,1,2023-09-19 22:00:00+00:00,2023-09-20 22:00:00+00:00
2023-09-19 23:00:00+00:00,0.0,2,2023-09-19 22:00:00+00:00,2023-09-20 22:00:00+00:00
2023-09-20 00:00:00+00:00,-1.6,3,2023-09-19 22:00:00+00:00,2023-09-20 22:00:00+00:00
2023-09-20 01:00:00+00:00,-2.91,4,2023-09-19 22:00:00+00:00,2023-09-20 22:00:00+00:00
2023-09-20 02:00:00+00:00,-2.67,5,2023-09-19 22:00:00+00:00,2023-09-20 22:00:00+00:00
2023-09-20 03:00:00+00:00,8.7,6,2023-09-19 22:00:00+00:00,2023-09-20 22:00:00+00:00
2023-09-20 04:00:00+00:00,70.64,7,2023-09-19 22:00:00+00:00,2023-09-20 22:00:00+00:00
2023-09-20 05:00:00+00:00,98.64,8,2023-09-19 22:00:00+00:00,2023-09-20 22:00:00+00:00
2023-09-20 06:00:00+00:00,105.64,9,2023-09-19 22:00:00+00:00,2023-09-20 22:00:00+00:00
2023-09-20 07:00:00+00:00,80.88,10,2023-09-19 22:00:00+00:00,2023-09-20 22:00:00+00:00
2023-09-20 08:00:00+00:00,0.06,11,2023-09-19 22:00:00+00:00,2023-09-20 22:00:00+00:00
2023-09-20 09:00:00+00:00,-0.89,12,2023-09-19 22:00:00+00:00,2023-09-20 22:00:00+00:00
2023-09-20 10:00:00+00:00,-3.33,13,2023-09-19 22:00:00+00:00,2023-09-20 22:00:00+00:00
2023-09-20 11:00:00+00:00,-5.34,14,2023-09-19 22:00:00+00:00,2023-09-20 22:00:00+00:00
2023-09-20 12:00:00+00:00,-4.94,15,2023-09-19 22:00:00+00:00,2023-09-20 22:00:00+00:00
2023-09-20 13:00:00+00:00,-1.83,16,2023-09-19 22:00:00+00:00,2023-09-20 22:00:00+00:00
2023-09-20 14:00:00+00:00,0.95,17,2023-09-19 22:00:00+00:00,2023-09-20 22:00:00+00:00
2023-09-20 15:00:00+00:00,82.26,18,2023-09-19 22:00:00+00:00,2023-09-20 22:00:00+00:00
2023-09-20 16:00:00+00:00,123.61,19,2023-09-19 22:00:00+00:00,2023-09-20 22:00:00+00:00
2023-09-20 17:00:00+00:00,169.9,20,2023-09-19 22:00:00+00:00,2023-09-20 22:00:00+00:00
2023-09-20 18:00:00+00:00,122.0,21,2023-09-19 22:00:00+00:00,2023-09-20 22:00:00+00:00
2023-09-20 19:00:00+00:00,95.74,22,2023-09-19 22:00:00+00:00,2023-09-20 22:00:00+00:00
2023-09-20 20:00:00+00:00,86.65,23,2023-09-19 22:00:00+00:00,2023-09-20 22:00:00+00:00
2023-09-20 21:00:00+00:00,76.47,24,2023-09-19 22:00:00+00:00,2023-09-20 22:00:00+00:00
2023-09-20 22:00:00+00:00,74.55,1,2023-09-20 22:00:00+00:00,2023-09-21 22:00:00+00:00
2023-09-20 23:00:00+00:00,65.61,2,2023-09-20 22:00:00+00:00,2023-09-21 22:00:00+00:00
2023-09-21 00:00:00+00:00,48.89,3,2023-09-20 22:00:00+00:00,2023-09-21 22:00:00+00:00
2023-09-21 01:00:00+00:00,26.51,4,2023-09-20 22:00:00+00:00,2023-09-21 22:00:00+00:00
2023-09-21 02:00:00+00:00,42.78,5,2023-09-20 22:00:00+00:00,2023-09-21 22:00:00+00:00
2023-09-21 03:00:00+00:00,66.3,6,2023-09-20 22:00:00+00:00,2023-09-21 22:00:00+00:00
2023-09-21 04:00:00+00:00,94.9,7,2023-09-20 22:00:00+00:00,2023-09-21 22:00:00+00:00
2023-09-21 05:00:00+00:00,116.34,8,2023-09-20 22:00:00+00:00,2023-09-21 22:00:00+00:00
2023-09-21 06:00:00+00:00,115.82,9,2023-09-20 22:00:00+00:00,2023-09-21 22:00:00+00:00
2023-09-21 07:00:00+00:00,102.74,10,2023-09-20 22:00:00+00:00,2023-09-21 22:00:00+00:00
2023-09-21 08:00:00+00:00,97.71,11,2023-09-20 22:00:00+00:00,2023-09-21 22:00:00+00:00
2023-09-21 09:00:00+00:00,101.3,12,2023-09-20 22:00:00+00:00,2023-09-21 22:00:00+00:00
2023-09-21 10:00:00+00:00,96.3,13,2023-09-20 22:00:00+00:00,2023-09-21 22:00:00+00:00
2023-09-21 11:00:00+00:00,95.6,14,2023-09-20 22:00:00+00:00,2023-09-21 22:00:00+00:00
2023-09-21 12:00:00+00:00,100.0,15,2023-09-20 22:00:00+00:00,2023-09-21 22:00:00+00:00
2023-09-21 13:00:00+00:00,93.8,16,2023-09-20 22:00:00+00:00,2023-09-21 22:00:00+00:00
2023-09-21 14:00:00+00:00,105.82,17,2023-09-20 22:00:00+00:00,2023-09-21 22:00:00+00:00
2023-09-21 15:00:00+00:00,124.04,18,2023-09-20 22:00:00+00:00,2023-09-21 22:00:00+00:00
2023-09-21 16:00:00+00:00,179.01,19,2023-09-20 22:00:00+00:00,2023-09-21 22:00:00+00:00
2023-09-21 17:00:00+00:00,245.21,20,2023-09-20 22:00:00+00:00,2023-09-21 22:00:00+00:00
2023-09-21 18:00:00+00:00,148.29,21,2023-09-20 22:00:00+00:00,2023-09-21 22:00:00+00:00
2023-09-21 19:00:00+00:00,114.8,22,2023-09-20 22:00:00+00:00,2023-09-21 22:00:00+00:00
2023-09-21 20:00:00+00:00,100.1,23,2023-09-20 22:00:00+00:00,2023-09-21 22:00:00+00:00
2023-09-21 21:00:00+00:00,94.75,24,2023-09-20 22:00:00+00:00,2023-09-21 22:00:00+00:00
2023-09-21 22:00:00+00:00,90.1,1,2023-09-21 22:00:00+00:00,2023-09-22 22:00:00+00:00
2023-09-21 23:00:00+00:00,87.16,2,2023-09-21 22:00:00+00:00,2023-09-22 22:00:00+00:00
2023-09-22 00:00:00+00:00,91.54,3,2023-09-21 22:00:00+00:00,2023-09-22 22:00:00+00:00
2023-09-22 01:00:00+00:00,95.15,4,2023-09-21 22:00:00+00:00,2023-09-22 22:00:00+00:00
2023-09-22 02:00:00+00:00,99.61,5,2023-09-21 22:00:00+00:00,2023-09-22 22:00:00+00:00
2023-09-22 03:00:00+00:00,95.53,6,2023-09-21 22:00:00+00:00,2023-09-22 22:00:00+00:00
2023-09-22 04:00:00+00:00,110.0,7,2023-09-21 22:00:00+00:00,2023-09-22 22:00:00+00:00
2023-09-22 05:00:00+00:00,139.0,8,2023-09-21 22:00:00+00:00,2023-09-22 22:00:00+00:00
2023-09-22 06:00:00+00:00,134.79,9,2023-09-21 22:00:00+00:00,2023-09-22 22:00:00+00:00
2023-09-22 07:00:00+00:00,118.28,10,2023-09-21 22:00:00+00:00,2023-09-22 22:00:00+00:00
2023-09-22 08:00:00+00:00,99.64,11,2023-09-21 22:00:00+00:00,2023-09-22 22:00:00+00:00
2023-09-22 09:00:00+00:00,90.93,12,2023-09-21 22:00:00+00:00,2023-09-22 22:00:00+00:00
2023-09-22 10:00:00+00:00,85.65,13,2023-09-21 22:00:00+00:00,2023-09-22 22:00:00+00:00
2023-09-22 11:00:00+00:00,76.49,14,2023-09-21 22:00:00+00:00,2023-09-22 22:00:00+00:00
2023-09-22 12:00:00+00:00,70.89,15,2023-09-21 22:00:00+00:00,2023-09-22 22:00:00+00:00
2023-09-22 13:00:00+00:00,73.26,16,2023-09-21 22:00:00+00:00,2023-09-22 22:00:00+00:00
2023-09-22 14:00:00+00:00,85.27,17,2023-09-21 22:00:00+00:00,2023-09-22 22:00:00+00:00
2023-09-22 15:00:00+00:00,99.9,18,2023-09-21 22:00:00+00:00,2023-09-22 22:00:00+00:00
2023-09-22 16:00:00+00:00,130.23,19,2023-09-21 22:00:00+00:00,2023-09-22 22:00:00+00:00
2023-09-22 17:00:00+00:00,152.27,20,2023-09-21 22:00:00+00:00,2023-09-22 22:00:00+00:00
2023-09-22 18:00:00+00:00,133.46,21,2023-09-21 22:00:00+00:00,2023-09-22 22:00:00+00:00
2023-09-22 19:00:00+00:00,114.63,22,2023-09-21 22:00:00+00:00,2023-09-22 22:00:00+00:00
2023-09-22 20:00:00+00:00,105.93,23,2023-09-21 22:00:00+00:00,2023-09-22 22:00:00+00:00
2023-09-22 21:00:00+00:00,103.06,24,2023-09-21 22:00:00+00:00,2023-09-22 22:00:00+00:00
2023-09-22 22:00:00+00:00,109.04,1,2023-09-22 22:00:00+00:00,2023-09-23 22:00:00+00:00
2023-09-22 23:00:00+00:00,101.86,2,2023-09-22 22:00:00+00:00,2023-09-23 22:00:00+00:00
2023-09-23 00:00:00+00:00,97.05,3,2023-09-22 22:00:00+00:00,2023-09-23 22:00:00+00:00
2023-09-23 01:00:00+00:00,91.72,4,2023-09-22 22:00:00+00:00,2023-09-23 22:00:00+00:00
2023-09-23 02:00:00+00:00,89.43,5,2023-09-22 22:00:00+00:00,2023-09-23 22:00:00+00:00
2023-09-23 03:00:00+00:00,91.78,6,2023-09-22 22:00:00+00:00,2023-09-23 22:00:00+00:00
2023-09-23 04:00:00+00:00,98.88,7,2023-09-22 22:00:00+00:00,2023-09-23 22:00:00+00:00
2023-09-23 05:00:00+00:00,107.2,8,2023-09-22 22:00:00+00:00,2023-09-23 22:00:00+00:00
2023-09-23 06:00:00+00:00,109.99,9,2023-09-22 22:00:00+00:00,2023-09-23 22:00:00+00:00
2023-09-23 07:00:00+00:00,104.68,10,2023-09-22 22:00:00+00:00,2023-09-23 22:00:00+00:00
2023-09-23 08:00:00+00:00,90.75,11,2023-09-22 22:00:00+00:00,2023-09-23 22:00:00+00:00
2023-09-23 09:00:00+00:00,84.9,12,2023-09-22 22:00:00+00:00,2023-09-23 22:00:00+00:00
2023-09-23 10:00:00+00:00,79.89,13,2023-09-22 22:00:00+00:00,2023-09-23 22:00:00+00:00
2023-09-23 11:00:00+00:00,70.55,14,2023-09-22 22:00:00+00:00,2023-09-23 22:00:00+00:00
2023-09-23 12:00:00+00:00,53.09,15,2023-09-22 22:00:00+00:00,2023-09-23 22:00:00+00:00
2023-09-23 13:00:00+00:00,71.2,16,2023-09-22 22:00:00+00:00,2023-09-23 22:00:00+00:00
2023-09-23 14:00:00+00:00,78.23,17,2023-09-22 22:00:00+00:00,2023-09-23 22:00:00+00:00
2023-09-23 15:00:00+00:00,99.09,18,2023-09-22 22:00:00+00:00,2023-09-23 22:00:00+00:00
2023-09-23 16:00:00+00:00,130.99,19,2023-09-22 22:00:00+00:00,2023-09-23 22:00:00+00:00
2023-09-23 17:00:00+00:00,156.19,20,2023-09-22 22:00:00+00:00,2023-09-23 22:00:00+00:00
2023-09-23 18:00:00+00:00,145.0,21,2023-09-22 22:00:00+00:00,2023-09-23 22:00:00+00:00
2023-09-23 19:00:00+00:00,117.91,22,2023-09-22 22:00:00+00:00,2023-09-23 22:00:00+00:00
2023-09-23 20:00:00+00:00,106.92,23,2023-09-22 22:00:00+00:00,2023-09-23 22:00:00+00:00
2023-09-23 21:00:00+00:00,110.0,24,2023-09-22 22:00:00+00:00,2023-09-23 22:00:00+00:00
2023-09-23 22:00:00+00:00,98.71,1,2023-09-23 22:00:00+00:00,2023-09-24 22:00:00+00:00
2023-09-23 23:00:00+00:00,87.24,2,2023-09-23 22:00:00+00:00,2023-09-24 22:00:00+00:00
2023-09-24 00:00:00+00:00,77.73,3,2023-09-23 22:00:00+00:00,2023-09-24 22:00:00+00:00
2023-09-24 01:00:00+00:00,74.2,4,2023-09-23 22:00:00+00:00,2023-09-24 22:00:00+00:00
2023-09-24 02:00:00+00:00,78.05,5,2023-09-23 22:00:00+00:00,2023-09-24 22:00:00+00:00
2023-09-24 03:00:00+00:00,82.52,6,2023-09-23 22:00:00+00:00,2023-09-24 22:00:00+00:00
2023-09-24 04:00:00+00:00,87.5,7,2023-09-23 22:00:00+00:00,2023-09-24 22:00:00+00:00
2023-09-24 05:00:00+00:00,91.0,8,2023-09-23 22:00:00+00:00,2023-09-24 22:00:00+00:00
2023-09-24 06:00:00+00:00,81.28,9,2023-09-23 22:00:00+00:00,2023-09-24 22:00:00+00:00
2023-09-24 07:00:00+00:00,59.36,10,2023-09-23 22:00:00+00:00,2023-09-24 22:00:00+00:00
2023-09-24 08:00:00+00:00,1.06,11,2023-09-23 22:00:00+00:00,2023-09-24 22:00:00+00:00
2023-09-24 09:00:00+00:00,0.85,12,2023-09-23 22:00:00+00:00,2023-09-24 22:00:00+00:00
2023-09-24 10:00:00+00:00,-0.03,13,2023-09-23 22:00:00+00:00,2023-09-24 22:00:00+00:00
2023-09-24 11:00:00+00:00,-4.2,14,2023-09-23 22:00:00+00:00,2023-09-24 22:00:00+00:00
2023-09-24 12:00:00+00:00,-3.15,15,2023-09-23 22:00:00+00:00,2023-09-24 22:00:00+00:00
2023-09-24 13:00:00+00:00,-0.22,16,2023-09-23 22:00:00+00:00,2023-09-24 22:00:00+00:00
2023-09-24 14:00:00+00:00,3.2,17,2023-09-23 22:00:00+00:00,2023-09-24 22:00:00+00:00
2023-09-24 15:00:00+00:00,79.65,18,2023-09-23 22:00:00+00:00,2023-09-24 22:00:00+00:00
2023-09-24 16:00:00+00:00,130.0,19,2023-09-23 22:00:00+00:00,2023-09-24 22:00:00+00:00
2023-09-24 17:00:00+00:00,157.09,20,2023-09-23 22:00:00+00:00,2023-09-24 22:00:00+00:00
2023-09-24 18:00:00+00:00,134.98,21,2023-09-23 22:00:00+00:00,2023-09-24 22:00:00+00:00
2023-09-24 19:00:00+00:00,105.0,22,2023-09-23 22:00:00+00:00,2023-09-24 22:00:00+00:00
2023-09-24 20:00:00+00:00,90.19,23,2023-09-23 22:00:00+00:00,2023-09-24 22:00:00+00:00
2023-09-24 21:00:00+00:00,72.19,24,2023-09-23 22:00:00+00:00,2023-09-24 22:00:00+00:00
2023-09-24 22:00:00+00:00,34.63,1,2023-09-24 22:00:00+00:00,2023-09-25 22:00:00+00:00
2023-09-24 23:00:00+00:00,10.0,2,2023-09-24 22:00:00+00:00,2023-09-25 22:00:00+00:00
2023-09-25 00:00:00+00:00,1.09,3,2023-09-24 22:00:00+00:00,2023-09-25 22:00:00+00:00
2023-09-25 01:00:00+00:00,0.0,4,2023-09-24 22:00:00+00:00,2023-09-25 22:00:00+00:00
2023-09-25 02:00:00+00:00,0.49,5,2023-09-24 22:00:00+00:00,2023-09-25 22:00:00+00:00
2023-09-25 03:00:00+00:00,42.25,6,2023-09-24 22:00:00+00:00,2023-09-25 22:00:00+00:00
2023-09-25 04:00:00+00:00,98.9,7,2023-09-24 22:00:00+00:00,2023-09-25 22:00:00+00:00
2023-09-25 05:00:00+00:00,139.15,8,2023-09-24 22:00:00+00:00,2023-09-25 22:00:00+00:00
2023-09-25 06:00:00+00:00,143.0,9,2023-09-24 22:00:00+00:00,2023-09-25 22:00:00+00:00
2023-09-25 07:00:00+00:00,118.32,10,2023-09-24 22:00:00+00:00,2023-09-25 22:00:00+00:00
2023-09-25 08:00:00+00:00,90.33,11,2023-09-24 22:00:00+00:00,2023-09-25 22:00:00+00:00
2023-09-25 09:00:00+00:00,89.01,12,2023-09-24 22:00:00+00:00,2023-09-25 22:00:00+00:00
2023-09-25 10:00:00+00:00,66.51,13,2023-09-24 22:00:00+00:00,2023-09-25 22:00:00+00:00
2023-09-25 11:00:00+00:00,76.11,14,2023-09-24 22:00:00+00:00,2023-09-25 22:00:00+00:00
2023-09-25 12:00:00+00:00,84.09,15,2023-09-24 22:00:00+00:00,2023-09-25 22:00:00+00:00
2023-09-25 13:00:00+00:00,92.06,16,2023-09-24 22:00:00+00:00,2023-09-25 22:00:00+00:00
2023-09-25 14:00:00+00:00,97.46,17,2023-09-24 22:00:00+00:00,2023-09-25 22:00:00+00:00
2023-09-25 15:00:00+00:00,124.22,18,2023-09-24 22:00:00+00:00,2023-09-25 22:00:00+00:00
2023-09-25 16:00:00+00:00,200.09,19,2023-09-24 22:00:00+00:00,2023-09-25 22:00:00+00:00
2023-09-25 17:00:00+00:00,379.59,20,2023-09-24 22:00:00+00:00,2023-09-25 22:00:00+00:00
2023-09-25 18:00:00+00:00,237.48,21,2023-09-24 22:00:00+00:00,2023-09-25 22:00:00+00:00
2023-09-25 19:00:00+00:00,135.97,22,2023-09-24 22:00:00+00:00,2023-09-25 22:00:00+00:00
2023-09-25 20:00:00+00:00,122.16,23,2023-09-24 22:00:00+00:00,2023-09-25 22:00:00+00:00
2023-09-25 21:00:00+00:00,110.13,24,2023-09-24 22:00:00+00:00,2023-09-25 22:00:00+00:00
2023-09-25 22:00:00+00:00,114.13,1,2023-09-25 22:00:00+00:00,2023-09-26 22:00:00+00:00
2023-09-25 23:00:00+00:00,107.99,2,2023-09-25 22:00:00+00:00,2023-09-26 22:00:00+00:00
2023-09-26 00:00:00+00:00,104.93,3,2023-09-25 22:00:00+00:00,2023-09-26 22:00:00+00:00
2023-09-26 01:00:00+00:00,104.58,4,2023-09-25 22:00:00+00:00,2023-09-26 22:00:00+00:00
2023-09-26 02:00:00+00:00,105.0,5,2023-09-25 22:00:00+00:00,2023-09-26 22:00:00+00:00
2023-09-26 03:00:00+00:00,107.99,6,2023-09-25 22:00:00+00:00,2023-09-26 22:00:00+00:00
2023-09-26 04:00:00+00:00,147.8,7,2023-09-25 22:00:00+00:00,2023-09-26 22:00:00+00:00
2023-09-26 05:00:00+00:00,253.63,8,2023-09-25 22:00:00+00:00,2023-09-26 22:00:00+00:00
2023-09-26 06:00:00+00:00,161.95,9,2023-09-25 22:00:00+00:00,2023-09-26 22:00:00+00:00
2023-09-26 07:00:00+00:00,117.83,10,2023-09-25 22:00:00+00:00,2023-09-26 22:00:00+00:00
2023-09-26 08:00:00+00:00,100.59,11,2023-09-25 22:00:00+00:00,2023-09-26 22:00:00+00:00
2023-09-26 09:00:00+00:00,95.52,12,2023-09-25 22:00:00+00:00,2023-09-26 22:00:00+00:00
2023-09-26 10:00:00+00:00,91.28,13,2023-09-25 22:00:00+00:00,2023-09-26 22:00:00+00:00
2023-09-26 11:00:00+00:00,82.95,14,2023-09-25 22:00:00+00:00,2023-09-26 22:00:00+00:00
2023-09-26 12:00:00+00:00,90.0,15,2023-09-25 22:00:00+00:00,2023-09-26 22:00:00+00:00
2023-09-26 13:00:00+00:00,98.02,16,2023-09-25 22:00:00+00:00,2023-09-26 22:00:00+00:00
2023-09-26 14:00:00+00:00,104.51,17,2023-09-25 22:00:00+00:00,2023-09-26 22:00:00+00:00
2023-09-26 15:00:00+00:00,133.0,18,2023-09-25 22:00:00+00:00,2023-09-26 22:00:00+00:00
2023-09-26 16:00:00+00:00,171.24,19,2023-09-25 22:00:00+00:00,2023-09-26 22:00:00+00:00
2023-09-26 17:00:00+00:00,228.02,20,2023-09-25 22:00:00+00:00,2023-09-26 22:00:00+00:00
2023-09-26 18:00:00+00:00,160.34,21,2023-09-25 22:00:00+00:00,2023-09-26 22:00:00+00:00
2023-09-26 19:00:00+00:00,126.27,22,2023-09-25 22:00:00+00:00,2023-09-26 22:00:00+00:00
2023-09-26 20:00:00+00:00,108.06,23,2023-09-25 22:00:00+00:00,2023-09-26 22:00:00+00:00
2023-09-26 21:00:00+00:00,101.28,24,2023-09-25 22:00:00+00:00,2023-09-26 22:00:00+00:00
2023-09-26 22:00:00+00:00,105.51,1,2023-09-26 22:00:00+00:00,2023-09-27 22:00:00+00:00
2023-09-26 23:00:00+00:00,102.0,2,2023-09-26 22:00:00+00:00,2023-09-27 22:00:00+00:00
2023-09-27 00:00:00+00:00,102.52,3,2023-09-26 22:00:00+00:00,2023-09-27 22:00:00+00:00
2023-09-27 01:00:00+00:00,101.89,4,2023-09-26 22:00:00+00:00,2023-09-27 22:00:00+00:00
2023-09-27 02:00:00+00:00,100.43,5,2023-09-26 22:00:00+00:00,2023-09-27 22:00:00+00:00
2023-09-27 03:00:00+00:00,107.79,6,2023-09-26 22:00:00+00:00,2023-09-27 22:00:00+00:00
2023-09-27 04:00:00+00:00,137.57,7,2023-09-26 22:00:00+00:00,2023-09-27 22:00:00+00:00
2023-09-27 05:00:00+00:00,234.9,8,2023-09-26 22:00:00+00:00,2023-09-27 22:00:00+00:00
2023-09-27 06:00:00+00:00,168.88,9,2023-09-26 22:00:00+00:00,2023-09-27 22:00:00+00:00
2023-09-27 07:00:00+00:00,128.7,10,2023-09-26 22:00:00+00:00,2023-09-27 22:00:00+00:00
2023-09-27 08:00:00+00:00,102.33,11,2023-09-26 22:00:00+00:00,2023-09-27 22:00:00+00:00
2023-09-27 09:00:00+00:00,93.26,12,2023-09-26 22:00:00+00:00,2023-09-27 22:00:00+00:00
2023-09-27 10:00:00+00:00,90.2,13,2023-09-26 22:00:00+00:00,2023-09-27 22:00:00+00:00
2023-09-27 11:00:00+00:00,87.34,14,2023-09-26 22:00:00+00:00,2023-09-27 22:00:00+00:00
2023-09-27 12:00:00+00:00,87.8,15,2023-09-26 22:00:00+00:00,2023-09-27 22:00:00+00:00
2023-09-27 13:00:00+00:00,90.9,16,2023-09-26 22:00:00+00:00,2023-09-27 22:00:00+00:00
2023-09-27 14:00:00+00:00,111.58,17,2023-09-26 22:00:00+00:00,2023-09-27 22:00:00+00:00
2023-09-27 15:00:00+00:00,149.91,18,2023-09-26 22:00:00+00:00,2023-09-27 22:00:00+00:00
2023-09-27 16:00:00+00:00,179.9,19,2023-09-26 22:00:00+00:00,2023-09-27 22:00:00+00:00
2023-09-27 17:00:00+00:00,174.44,20,2023-09-26 22:00:00+00:00,2023-09-27 22:00:00+00:00
2023-09-27 18:00:00+00:00,132.66,21,2023-09-26 22:00:00+00:00,2023-09-27 22:00:00+00:00
2023-09-27 19:00:00+00:00,107.07,22,2023-09-26 22:00:00+00:00,2023-09-27 22:00:00+00:00
2023-09-27 20:00:00+00:00,96.38,23,2023-09-26 22:00:00+00:00,2023-09-27 22:00:00+00:00
2023-09-27 21:00:00+00:00,86.61,24,2023-09-26 22:00:00+00:00,2023-09-27 22:00:00+00:00
2023-09-27 22:00:00+00:00,86.67,1,2023-09-27 22:00:00+00:00,2023-09-28 22:00:00+00:00
2023-09-27 23:00:00+00:00,80.47,2,2023-09-27 22:00:00+00:00,2023-09-28 22:00:00+00:00
2023-09-28 00:00:00+00:00,70.0,3,2023-09-27 22:00:00+00:00,2023-09-28 22:00:00+00:00
2023-09-28 01:00:00+00:00,62.0,4,2023-09-27 22:00:00+00:00,2023-09-28 22:00:00+00:00
2023-09-28 02:00:00+00:00,58.47,5,2023-09-27 22:00:00+00:00,2023-09-28 22:00:00+00:00
2023-09-28 03:00:00+00:00,85.84,6,2023-09-27 22:00:00+00:00,2023-09-28 22:00:00+00:00
2023-09-28 04:00:00+00:00,100.94,7,2023-09-27 22:00:00+00:00,2023-09-28 22:00:00+00:00
2023-09-28 05:00:00+00:00,126.25,8,2023-09-27 22:00:00+00:00,2023-09-28 22:00:00+00:00
2023-09-28 06:00:00+00:00,129.56,9,2023-09-27 22:00:00+00:00,2023-09-28 22:00:00+00:00
2023-09-28 07:00:00+00:00,110.85,10,2023-09-27 22:00:00+00:00,2023-09-28 22:00:00+00:00
2023-09-28 08:00:00+00:00,93.36,11,2023-09-27 22:00:00+00:00,2023-09-28 22:00:00+00:00
2023-09-28 09:00:00+00:00,88.56,12,2023-09-27 22:00:00+00:00,2023-09-28 22:00:00+00:00
2023-09-28 10:00:00+00:00,83.46,13,2023-09-27 22:00:00+00:00,2023-09-28 22:00:00+00:00
2023-09-28 11:00:00+00:00,81.99,14,2023-09-27 22:00:00+00:00,2023-09-28 22:00:00+00:00
2023-09-28 12:00:00+00:00,87.7,15,2023-09-27 22:00:00+00:00,2023-09-28 22:00:00+00:00
2023-09-28 13:00:00+00:00,92.02,16,2023-09-27 22:00:00+00:00,2023-09-28 22:00:00+00:00
2023-09-28 14:00:00+00:00,99.89,17,2023-09-27 22:00:00+00:00,2023-09-28 22:00:00+00:00
2023-09-28 15:00:00+00:00,132.63,18,2023-09-27 22:00:00+00:00,2023-09-28 22:00:00+00:00
2023-09-28 16:00:00+00:00,172.0,19,2023-09-27 22:00:00+00:00,2023-09-28 22:00:00+00:00
2023-09-28 17:00:00+00:00,239.75,20,2023-09-27 22:00:00+00:00,2023-09-28 22:00:00+00:00
2023-09-28 18:00:00+00:00,156.51,21,2023-09-27 22:00:00+00:00,2023-09-28 22:00:00+00:00
2023-09-28 19:00:00+00:00,127.57,22,2023-09-27 22:00:00+00:00,2023-09-28 22:00:00+00:00
2023-09-28 20:00:00+00:00,117.82,23,2023-09-27 22:00:00+00:00,2023-09-28 22:00:00+00:00
2023-09-28 21:00:00+00:00,110.4,24,2023-09-27 22:00:00+00:00,2023-09-28 22:00:00+00:00
2023-09-28 22:00:00+00:00,108.5,1,2023-09-28 22:00:00+00:00,2023-09-29 22:00:00+00:00
2023-09-28 23:00:00+00:00,96.34,2,2023-09-28 22:00:00+00:00,2023-09-29 22:00:00+00:00
2023-09-29 00:00:00+00:00,86.59,3,2023-09-28 22:00:00+00:00,2023-09-29 22:00:00+00:00
2023-09-29 01:00:00+00:00,82.17,4,2023-09-28 22:00:00+00:00,2023-09-29 22:00:00+00:00
2023-09-29 02:00:00+00:00,38.99,5,2023-09-28 22:00:00+00:00,2023-09-29 22:00:00+00:00
2023-09-29 03:00:00+00:00,68.11,6,2023-09-28 22:00:00+00:00,2023-09-29 22:00:00+00:00
2023-09-29 04:00:00+00:00,105.26,7,2023-09-28 22:00:00+00:00,2023-09-29 22:00:00+00:00
2023-09-29 05:00:00+00:00,132.92,8,2023-09-28 22:00:00+00:00,2023-09-29 22:00:00+00:00
2023-09-29 06:00:00+00:00,130.05,9,2023-09-28 22:00:00+00:00,2023-09-29 22:00:00+00:00
2023-09-29 07:00:00+00:00,106.82,10,2023-09-28 22:00:00+00:00,2023-09-29 22:00:00+00:00
2023-09-29 08:00:00+00:00,92.07,11,2023-09-28 22:00:00+00:00,2023-09-29 22:00:00+00:00
2023-09-29 09:00:00+00:00,87.37,12,2023-09-28 22:00:00+00:00,2023-09-29 22:00:00+00:00
2023-09-29 10:00:00+00:00,82.05,13,2023-09-28 22:00:00+00:00,2023-09-29 22:00:00+00:00
2023-09-29 11:00:00+00:00,72.44,14,2023-09-28 22:00:00+00:00,2023-09-29 22:00:00+00:00
2023-09-29 12:00:00+00:00,77.04,15,2023-09-28 22:00:00+00:00,2023-09-29 22:00:00+00:00
2023-09-29 13:00:00+00:00,90.7,16,2023-09-28 22:00:00+00:00,2023-09-29 22:00:00+00:00
2023-09-29 14:00:00+00:00,96.22,17,2023-09-28 22:00:00+00:00,2023-09-29 22:00:00+00:00
2023-09-29 15:00:00+00:00,112.12,18,2023-09-28 22:00:00+00:00,2023-09-29 22:00:00+00:00
2023-09-29 16:00:00+00:00,132.9,19,2023-09-28 22:00:00+00:00,2023-09-29 22:00:00+00:00
2023-09-29 17:00:00+00:00,140.58,20,2023-09-28 22:00:00+00:00,2023-09-29 22:00:00+00:00
2023-09-29 18:00:00+00:00,132.96,21,2023-09-28 22:00:00+00:00,2023-09-29 22:00:00+00:00
2023-09-29 19:00:00+00:00,113.4,22,2023-09-28 22:00:00+00:00,2023-09-29 22:00:00+00:00
2023-09-29 20:00:00+00:00,106.57,23,2023-09-28 22:00:00+00:00,2023-09-29 22:00:00+00:00
2023-09-29 21:00:00+00:00,101.07,24,2023-09-28 22:00:00+00:00,2023-09-29 22:00:00+00:00
2023-09-29 22:00:00+00:00,99.91,1,2023-09-29 22:00:00+00:00,2023-09-30 22:00:00+00:00
2023-09-29 23:00:00+00:00,93.64,2,2023-09-29 22:00:00+00:00,2023-09-30 22:00:00+00:00
2023-09-30 00:00:00+00:00,90.0,3,2023-09-29 22:00:00+00:00,2023-09-30 22:00:00+00:00
2023-09-30 01:00:00+00:00,88.72,4,2023-09-29 22:00:00+00:00,2023-09-30 22:00:00+00:00
2023-09-30 02:00:00+00:00,88.28,5,2023-09-29 22:00:00+00:00,2023-09-30 22:00:00+00:00
2023-09-30 03:00:00+00:00,92.1,6,2023-09-29 22:00:00+00:00,2023-09-30 22:00:00+00:00
2023-09-30 04:00:00+00:00,105.3,7,2023-09-29 22:00:00+00:00,2023-09-30 22:00:00+00:00
2023-09-30 05:00:00+00:00,109.46,8,2023-09-29 22:00:00+00:00,2023-09-30 22:00:00+00:00
2023-09-30 06:00:00+00:00,115.0,9,2023-09-29 22:00:00+00:00,2023-09-30 22:00:00+00:00
2023-09-30 07:00:00+00:00,105.25,10,2023-09-29 22:00:00+00:00,2023-09-30 22:00:00+00:00
2023-09-30 08:00:00+00:00,87.51,11,2023-09-29 22:00:00+00:00,2023-09-30 22:00:00+00:00
2023-09-30 09:00:00+00:00,70.53,12,2023-09-29 22:00:00+00:00,2023-09-30 22:00:00+00:00
2023-09-30 10:00:00+00:00,42.76,13,2023-09-29 22:00:00+00:00,2023-09-30 22:00:00+00:00
2023-09-30 11:00:00+00:00,5.0,14,2023-09-29 22:00:00+00:00,2023-09-30 22:00:00+00:00
2023-09-30 12:00:00+00:00,15.04,15,2023-09-29 22:00:00+00:00,2023-09-30 22:00:00+00:00
2023-09-30 13:00:00+00:00,56.0,16,2023-09-29 22:00:00+00:00,2023-09-30 22:00:00+00:00
2023-09-30 14:00:00+00:00,85.01,17,2023-09-29 22:00:00+00:00,2023-09-30 22:00:00+00:00
2023-09-30 15:00:00+00:00,107.24,18,2023-09-29 22:00:00+00:00,2023-09-30 22:00:00+00:00
2023-09-30 16:00:00+00:00,133.73,19,2023-09-29 22:00:00+00:00,2023-09-30 22:00:00+00:00
2023-09-30 17:00:00+00:00,159.08,20,2023-09-29 22:00:00+00:00,2023-09-30 22:00:00+00:00
2023-09-30 18:00:00+00:00,134.1,21,2023-09-29 22:00:00+00:00,2023-09-30 22:00:00+00:00
2023-09-30 19:00:00+00:00,111.81,22,2023-09-29 22:00:00+00:00,2023-09-30 22:00:00+00:00
2023-09-30 20:00:00+00:00,107.4,23,2023-09-29 22:00:00+00:00,2023-09-30 22:00:00+00:00
2023-09-30 21:00:00+00:00,101.04,24,2023-09-29 22:00:00+00:00,2023-09-30 22:00:00+00:00
2023-09-30 22:00:00+00:00,102.73,1,2023-09-30 22:00:00+00:00,2023-10-01 22:00:00+00:00
2023-09-30 22:00:00+00:00,102.73,1,2023-09-30 22:00:00+00:00,2023-10-01 22:00:00+00:00
2023-09-30 23:00:00+00:00,94.14,2,2023-09-30 22:00:00+00:00,2023-10-01 22:00:00+00:00
2023-09-30 23:00:00+00:00,94.14,2,2023-09-30 22:00:00+00:00,2023-10-01 22:00:00+00:00
2023-10-01 00:00:00+00:00,88.6,3,2023-09-30 22:00:00+00:00,2023-10-01 22:00:00+00:00
2023-10-01 00:00:00+00:00,88.6,3,2023-09-30 22:00:00+00:00,2023-10-01 22:00:00+00:00
2023-10-01 01:00:00+00:00,80.42,4,2023-09-30 22:00:00+00:00,2023-10-01 22:00:00+00:00
2023-10-01 01:00:00+00:00,80.42,4,2023-09-30 22:00:00+00:00,2023-10-01 22:00:00+00:00
2023-10-01 02:00:00+00:00,84.89,5,2023-09-30 22:00:00+00:00,2023-10-01 22:00:00+00:00
2023-10-01 02:00:00+00:00,84.89,5,2023-09-30 22:00:00+00:00,2023-10-01 22:00:00+00:00
2023-10-01 03:00:00+00:00,81.54,6,2023-09-30 22:00:00+00:00,2023-10-01 22:00:00+00:00
2023-10-01 03:00:00+00:00,81.54,6,2023-09-30 22:00:00+00:00,2023-10-01 22:00:00+00:00
2023-10-01 04:00:00+00:00,82.12,7,2023-09-30 22:00:00+00:00,2023-10-01 22:00:00+00:00
2023-10-01 04:00:00+00:00,82.12,7,2023-09-30 22:00:00+00:00,2023-10-01 22:00:00+00:00
2023-10-01 05:00:00+00:00,88.08,8,2023-09-30 22:00:00+00:00,2023-10-01 22:00:00+00:00
2023-10-01 05:00:00+00:00,88.08,8,2023-09-30 22:00:00+00:00,2023-10-01 22:00:00+00:00
2023-10-01 06:00:00+00:00,82.1,9,2023-09-30 22:00:00+00:00,2023-10-01 22:00:00+00:00
2023-10-01 06:00:00+00:00,82.1,9,2023-09-30 22:00:00+00:00,2023-10-01 22:00:00+00:00
2023-10-01 07:00:00+00:00,62.73,10,2023-09-30 22:00:00+00:00,2023-10-01 22:00:00+00:00
2023-10-01 07:00:00+00:00,62.73,10,2023-09-30 22:00:00+00:00,2023-10-01 22:00:00+00:00
2023-10-01 08:00:00+00:00,40.0,11,2023-09-30 22:00:00+00:00,2023-10-01 22:00:00+00:00
2023-10-01 08:00:00+00:00,40.0,11,2023-09-30 22:00:00+00:00,2023-10-01 22:00:00+00:00
2023-10-01 09:00:00+00:00,8.99,12,2023-09-30 22:00:00+00:00,2023-10-01 22:00:00+00:00
2023-10-01 09:00:00+00:00,8.99,12,2023-09-30 22:00:00+00:00,2023-10-01 22:00:00+00:00
2023-10-01 10:00:00+00:00,-0.04,13,2023-09-30 22:00:00+00:00,2023-10-01 22:00:00+00:00
2023-10-01 10:00:00+00:00,-0.04,13,2023-09-30 22:00:00+00:00,2023-10-01 22:00:00+00:00
2023-10-01 11:00:00+00:00,-3.1,14,2023-09-30 22:00:00+00:00,2023-10-01 22:00:00+00:00
2023-10-01 11:00:00+00:00,-3.1,14,2023-09-30 22:00:00+00:00,2023-10-01 22:00:00+00:00
2023-10-01 12:00:00+00:00,-1.19,15,2023-09-30 22:00:00+00:00,2023-10-01 22:00:00+00:00
2023-10-01 12:00:00+00:00,-1.19,15,2023-09-30 22:00:00+00:00,2023-10-01 22:00:00+00:00
2023-10-01 13:00:00+00:00,1.53,16,2023-09-30 22:00:00+00:00,2023-10-01 22:00:00+00:00
2023-10-01 13:00:00+00:00,1.53,16,2023-09-30 22:00:00+00:00,2023-10-01 22:00:00+00:00
2023-10-01 14:00:00+00:00,62.73,17,2023-09-30 22:00:00+00:00,2023-10-01 22:00:00+00:00
2023-10-01 14:00:00+00:00,62.73,17,2023-09-30 22:00:00+00:00,2023-10-01 22:00:00+00:00
2023-10-01 15:00:00+00:00,98.03,18,2023-09-30 22:00:00+00:00,2023-10-01 22:00:00+00:00
2023-10-01 15:00:00+00:00,98.03,18,2023-09-30 22:00:00+00:00,2023-10-01 22:00:00+00:00
2023-10-01 16:00:00+00:00,120.06,19,2023-09-30 22:00:00+00:00,2023-10-01 22:00:00+00:00
2023-10-01 16:00:00+00:00,120.06,19,2023-09-30 22:00:00+00:00,2023-10-01 22:00:00+00:00
2023-10-01 17:00:00+00:00,130.0,20,2023-09-30 22:00:00+00:00,2023-10-01 22:00:00+00:00
2023-10-01 17:00:00+00:00,130.0,20,2023-09-30 22:00:00+00:00,2023-10-01 22:00:00+00:00
2023-10-01 19:00:00+00:00,115.16,22,2023-09-30 22:00:00+00:00,2023-10-01 22:00:00+00:00
2023-10-01 19:00:00+00:00,115.16,22,2023-09-30 22:00:00+00:00,2023-10-01 22:00:00+00:00
2023-10-01 20:00:00+00:00,106.62,23,2023-09-30 22:00:00+00:00,2023-10-01 22:00:00+00:00
2023-10-01 20:00:00+00:00,106.62,23,2023-09-30 22:00:00+00:00,2023-10-01 22:00:00+00:00
2023-10-01 21:00:00+00:00,99.97,24,2023-09-30 22:00:00+00:00,2023-10-01 22:00:00+00:00
2023-10-01 21:00:00+00:00,99.97,24,2023-09-30 22:00:00+00:00,2023-10-01 22:00:00+00:00
2023-10-01 22:00:00+00:00,94.9,1,2023-10-01 22:00:00+00:00,2023-10-02 22:00:00+00:00
2023-10-01 23:00:00+00:00,93.17,2,2023-10-01 22:00:00+00:00,2023-10-02 22:00:00+00:00
2023-10-02 00:00:00+00:00,93.4,3,2023-10-01 22:00:00+00:00,2023-10-02 22:00:00+00:00
2023-10-02 01:00:00+00:00,92.02,4,2023-10-01 22:00:00+00:00,2023-10-02 22:00:00+00:00
2023-10-02 02:00:00+00:00,95.68,5,2023-10-01 22:00:00+00:00,2023-10-02 22:00:00+00:00
2023-10-02 03:00:00+00:00,99.33,6,2023-10-01 22:00:00+00:00,2023-10-02 22:00:00+00:00
2023-10-02 04:00:00+00:00,124.78,7,2023-10-01 22:00:00+00:00,2023-10-02 22:00:00+00:00
2023-10-02 05:00:00+00:00,142.65,8,2023-10-01 22:00:00+00:00,2023-10-02 22:00:00+00:00
2023-10-02 06:00:00+00:00,144.5,9,2023-10-01 22:00:00+00:00,2023-10-02 22:00:00+00:00
2023-10-02 07:00:00+00:00,128.0,10,2023-10-01 22:00:00+00:00,2023-10-02 22:00:00+00:00
2023-10-02 08:00:00+00:00,105.35,11,2023-10-01 22:00:00+00:00,2023-10-02 22:00:00+00:00
2023-10-02 09:00:00+00:00,92.39,12,2023-10-01 22:00:00+00:00,2023-10-02 22:00:00+00:00
2023-10-02 10:00:00+00:00,90.34,13,2023-10-01 22:00:00+00:00,2023-10-02 22:00:00+00:00
2023-10-02 11:00:00+00:00,87.92,14,2023-10-01 22:00:00+00:00,2023-10-02 22:00:00+00:00
2023-10-02 12:00:00+00:00,88.15,15,2023-10-01 22:00:00+00:00,2023-10-02 22:00:00+00:00
2023-10-02 13:00:00+00:00,90.5,16,2023-10-01 22:00:00+00:00,2023-10-02 22:00:00+00:00
2023-10-02 14:00:00+00:00,104.6,17,2023-10-01 22:00:00+00:00,2023-10-02 22:00:00+00:00
2023-10-02 15:00:00+00:00,127.79,18,2023-10-01 22:00:00+00:00,2023-10-02 22:00:00+00:00
2023-10-02 16:00:00+00:00,199.48,19,2023-10-01 22:00:00+00:00,2023-10-02 22:00:00+00:00
2023-10-02 17:00:00+00:00,245.05,20,2023-10-01 22:00:00+00:00,2023-10-02 22:00:00+00:00
2023-10-02 18:00:00+00:00,160.07,21,2023-10-01 22:00:00+00:00,2023-10-02 22:00:00+00:00
2023-10-02 19:00:00+00:00,120.0,22,2023-10-01 22:00:00+00:00,2023-10-02 22:00:00+00:00
2023-10-02 20:00:00+00:00,106.42,23,2023-10-01 22:00:00+00:00,2023-10-02 22:00:00+00:00
2023-10-02 21:00:00+00:00,100.0,24,2023-10-01 22:00:00+00:00,2023-10-02 22:00:00+00:00
2023-10-02 22:00:00+00:00,97.58,1,2023-10-02 22:00:00+00:00,2023-10-03 22:00:00+00:00
2023-10-02 23:00:00+00:00,87.85,2,2023-10-02 22:00:00+00:00,2023-10-03 22:00:00+00:00
2023-10-03 00:00:00+00:00,71.94,3,2023-10-02 22:00:00+00:00,2023-10-03 22:00:00+00:00
2023-10-03 01:00:00+00:00,30.91,4,2023-10-02 22:00:00+00:00,2023-10-03 22:00:00+00:00
2023-10-03 02:00:00+00:00,9.83,5,2023-10-02 22:00:00+00:00,2023-10-03 22:00:00+00:00
2023-10-03 03:00:00+00:00,2.02,6,2023-10-02 22:00:00+00:00,2023-10-03 22:00:00+00:00
2023-10-03 04:00:00+00:00,5.29,7,2023-10-02 22:00:00+00:00,2023-10-03 22:00:00+00:00
2023-10-03 05:00:00+00:00,44.74,8,2023-10-02 22:00:00+00:00,2023-10-03 22:00:00+00:00
2023-10-03 06:00:00+00:00,133.2,9,2023-10-02 22:00:00+00:00,2023-10-03 22:00:00+00:00
2023-10-03 07:00:00+00:00,135.3,10,2023-10-02 22:00:00+00:00,2023-10-03 22:00:00+00:00
2023-10-03 08:00:00+00:00,119.92,11,2023-10-02 22:00:00+00:00,2023-10-03 22:00:00+00:00
2023-10-03 09:00:00+00:00,84.2,12,2023-10-02 22:00:00+00:00,2023-10-03 22:00:00+00:00
2023-10-03 10:00:00+00:00,64.89,13,2023-10-02 22:00:00+00:00,2023-10-03 22:00:00+00:00
2023-10-03 11:00:00+00:00,27.8,14,2023-10-02 22:00:00+00:00,2023-10-03 22:00:00+00:00
2023-10-03 12:00:00+00:00,0.07,15,2023-10-02 22:00:00+00:00,2023-10-03 22:00:00+00:00
2023-10-03 13:00:00+00:00,0.0,16,2023-10-02 22:00:00+00:00,2023-10-03 22:00:00+00:00
2023-10-03 15:00:00+00:00,67.5,18,2023-10-02 22:00:00+00:00,2023-10-03 22:00:00+00:00
2023-10-03 16:00:00+00:00,108.0,19,2023-10-02 22:00:00+00:00,2023-10-03 22:00:00+00:00
2023-10-03 17:00:00+00:00,131.1,20,2023-10-02 22:00:00+00:00,2023-10-03 22:00:00+00:00
2023-10-03 18:00:00+00:00,124.0,21,2023-10-02 22:00:00+00:00,2023-10-03 22:00:00+00:00
2023-10-03 19:00:00+00:00,99.9,22,2023-10-02 22:00:00+00:00,2023-10-03 22:00:00+00:00
2023-10-03 20:00:00+00:00,97.4,23,2023-10-02 22:00:00+00:00,2023-10-03 22:00:00+00:00
2023-10-03 21:00:00+00:00,84.89,24,2023-10-02 22:00:00+00:00,2023-10-03 22:00:00+00:00
2023-10-03 22:00:00+00:00,52.2,1,2023-10-03 22:00:00+00:00,2023-10-04 22:00:00+00:00
2023-10-03 23:00:00+00:00,44.0,2,2023-10-03 22:00:00+00:00,2023-10-04 22:00:00+00:00
2023-10-04 01:00:00+00:00,37.64,4,2023-10-03 22:00:00+00:00,2023-10-04 22:00:00+00:00
2023-10-04 02:00:00+00:00,35.07,5,2023-10-03 22:00:00+00:00,2023-10-04 22:00:00+00:00
2023-10-04 03:00:00+00:00,47.97,6,2023-10-03 22:00:00+00:00,2023-10-04 22:00:00+00:00
2023-10-04 04:00:00+00:00,98.56,7,2023-10-03 22:00:00+00:00,2023-10-04 22:00:00+00:00
2023-10-04 05:00:00+00:00,116.86,8,2023-10-03 22:00:00+00:00,2023-10-04 22:00:00+00:00
2023-10-04 06:00:00+00:00,121.22,9,2023-10-03 22:00:00+00:00,2023-10-04 22:00:00+00:00
2023-10-04 07:00:00+00:00,105.87,10,2023-10-03 22:00:00+00:00,2023-10-04 22:00:00+00:00
2023-10-04 08:00:00+00:00,77.66,11,2023-10-03 22:00:00+00:00,2023-10-04 22:00:00+00:00
2023-10-04 09:00:00+00:00,67.0,12,2023-10-03 22:00:00+00:00,2023-10-04 22:00:00+00:00
2023-10-04 10:00:00+00:00,20.72,13,2023-10-03 22:00:00+00:00,2023-10-04 22:00:00+00:00
2023-10-04 11:00:00+00:00,41.81,14,2023-10-03 22:00:00+00:00,2023-10-04 22:00:00+00:00
2023-10-04 12:00:00+00:00,33.17,15,2023-10-03 22:00:00+00:00,2023-10-04 22:00:00+00:00
2023-10-04 13:00:00+00:00,62.2,16,2023-10-03 22:00:00+00:00,2023-10-04 22:00:00+00:00
2023-10-04 14:00:00+00:00,80.77,17,2023-10-03 22:00:00+00:00,2023-10-04 22:00:00+00:00
2023-10-04 15:00:00+00:00,92.0,18,2023-10-03 22:00:00+00:00,2023-10-04 22:00:00+00:00
2023-10-04 16:00:00+00:00,99.4,19,2023-10-03 22:00:00+00:00,2023-10-04 22:00:00+00:00
2023-10-04 17:00:00+00:00,127.78,20,2023-10-03 22:00:00+00:00,2023-10-04 22:00:00+00:00
2023-10-04 18:00:00+00:00,116.1,21,2023-10-03 22:00:00+00:00,2023-10-04 22:00:00+00:00
2023-10-04 19:00:00+00:00,87.81,22,2023-10-03 22:00:00+00:00,2023-10-04 22:00:00+00:00
2023-10-04 20:00:00+00:00,85.59,23,2023-10-03 22:00:00+00:00,2023-10-04 22:00:00+00:00
2023-10-04 21:00:00+00:00,77.86,24,2023-10-03 22:00:00+00:00,2023-10-04 22:00:00+00:00
2023-10-04 22:00:00+00:00,82.7,1,2023-10-04 22:00:00+00:00,2023-10-05 22:00:00+00:00
2023-10-04 23:00:00+00:00,76.88,2,2023-10-04 22:00:00+00:00,2023-10-05 22:00:00+00:00
2023-10-05 00:00:00+00:00,70.3,3,2023-10-04 22:00:00+00:00,2023-10-05 22:00:00+00:00
2023-10-05 01:00:00+00:00,61.2,4,2023-10-04 22:00:00+00:00,2023-10-05 22:00:00+00:00
2023-10-05 02:00:00+00:00,69.0,5,2023-10-04 22:00:00+00:00,2023-10-05 22:00:00+00:00
2023-10-05 03:00:00+00:00,78.22,6,2023-10-04 22:00:00+00:00,2023-10-05 22:00:00+00:00
2023-10-05 04:00:00+00:00,89.52,7,2023-10-04 22:00:00+00:00,2023-10-05 22:00:00+00:00
2023-10-05 05:00:00+00:00,107.58,8,2023-10-04 22:00:00+00:00,2023-10-05 22:00:00+00:00
2023-10-05 06:00:00+00:00,121.83,9,2023-10-04 22:00:00+00:00,2023-10-05 22:00:00+00:00
2023-10-05 07:00:00+00:00,107.11,10,2023-10-04 22:00:00+00:00,2023-10-05 22:00:00+00:00
2023-10-05 08:00:00+00:00,87.33,11,2023-10-04 22:00:00+00:00,2023-10-05 22:00:00+00:00
2023-10-05 09:00:00+00:00,84.61,12,2023-10-04 22:00:00+00:00,2023-10-05 22:00:00+00:00
2023-10-05 10:00:00+00:00,87.61,13,2023-10-04 22:00:00+00:00,2023-10-05 22:00:00+00:00
2023-10-05 11:00:00+00:00,78.33,14,2023-10-04 22:00:00+00:00,2023-10-05 22:00:00+00:00
2023-10-05 12:00:00+00:00,80.03,15,2023-10-04 22:00:00+00:00,2023-10-05 22:00:00+00:00
2023-10-05 13:00:00+00:00,83.62,16,2023-10-04 22:00:00+00:00,2023-10-05 22:00:00+00:00
2023-10-05 14:00:00+00:00,94.23,17,2023-10-04 22:00:00+00:00,2023-10-05 22:00:00+00:00
2023-10-05 15:00:00+00:00,111.16,18,2023-10-04 22:00:00+00:00,2023-10-05 22:00:00+00:00
2023-10-05 16:00:00+00:00,165.07,19,2023-10-04 22:00:00+00:00,2023-10-05 22:00:00+00:00
2023-10-05 17:00:00+00:00,229.82,20,2023-10-04 22:00:00+00:00,2023-10-05 22:00:00+00:00
2023-10-05 18:00:00+00:00,139.4,21,2023-10-04 22:00:00+00:00,2023-10-05 22:00:00+00:00
2023-10-05 19:00:00+00:00,109.93,22,2023-10-04 22:00:00+00:00,2023-10-05 22:00:00+00:00
2023-10-05 20:00:00+00:00,100.98,23,2023-10-04 22:00:00+00:00,2023-10-05 22:00:00+00:00
2023-10-05 21:00:00+00:00,94.58,24,2023-10-04 22:00:00+00:00,2023-10-05 22:00:00+00:00
2023-10-05 22:00:00+00:00,87.39,1,2023-10-05 22:00:00+00:00,2023-10-06 22:00:00+00:00
2023-10-05 23:00:00+00:00,84.86,2,2023-10-05 22:00:00+00:00,2023-10-06 22:00:00+00:00
2023-10-06 00:00:00+00:00,76.0,3,2023-10-05 22:00:00+00:00,2023-10-06 22:00:00+00:00
2023-10-06 01:00:00+00:00,75.06,4,2023-10-05 22:00:00+00:00,2023-10-06 22:00:00+00:00
2023-10-06 02:00:00+00:00,66.92,5,2023-10-05 22:00:00+00:00,2023-10-06 22:00:00+00:00
2023-10-06 03:00:00+00:00,71.78,6,2023-10-05 22:00:00+00:00,2023-10-06 22:00:00+00:00
2023-10-06 04:00:00+00:00,93.62,7,2023-10-05 22:00:00+00:00,2023-10-06 22:00:00+00:00
2023-10-06 05:00:00+00:00,115.51,8,2023-10-05 22:00:00+00:00,2023-10-06 22:00:00+00:00
2023-10-06 06:00:00+00:00,120.66,9,2023-10-05 22:00:00+00:00,2023-10-06 22:00:00+00:00
2023-10-06 07:00:00+00:00,104.39,10,2023-10-05 22:00:00+00:00,2023-10-06 22:00:00+00:00
2023-10-06 08:00:00+00:00,84.0,11,2023-10-05 22:00:00+00:00,2023-10-06 22:00:00+00:00
2023-10-06 09:00:00+00:00,63.07,12,2023-10-05 22:00:00+00:00,2023-10-06 22:00:00+00:00
2023-10-06 10:00:00+00:00,16.22,13,2023-10-05 22:00:00+00:00,2023-10-06 22:00:00+00:00
2023-10-06 11:00:00+00:00,5.04,14,2023-10-05 22:00:00+00:00,2023-10-06 22:00:00+00:00
2023-10-06 12:00:00+00:00,1.47,15,2023-10-05 22:00:00+00:00,2023-10-06 22:00:00+00:00
2023-10-06 13:00:00+00:00,39.0,16,2023-10-05 22:00:00+00:00,2023-10-06 22:00:00+00:00
2023-10-06 14:00:00+00:00,62.24,17,2023-10-05 22:00:00+00:00,2023-10-06 22:00:00+00:00
2023-10-06 15:00:00+00:00,86.55,18,2023-10-05 22:00:00+00:00,2023-10-06 22:00:00+00:00
2023-10-06 16:00:00+00:00,103.44,19,2023-10-05 22:00:00+00:00,2023-10-06 22:00:00+00:00
2023-10-06 17:00:00+00:00,111.8,20,2023-10-05 22:00:00+00:00,2023-10-06 22:00:00+00:00
2023-10-06 18:00:00+00:00,100.72,21,2023-10-05 22:00:00+00:00,2023-10-06 22:00:00+00:00
2023-10-06 19:00:00+00:00,77.64,22,2023-10-05 22:00:00+00:00,2023-10-06 22:00:00+00:00
2023-10-06 20:00:00+00:00,80.0,23,2023-10-05 22:00:00+00:00,2023-10-06 22:00:00+00:00
2023-10-06 21:00:00+00:00,85.1,24,2023-10-05 22:00:00+00:00,2023-10-06 22:00:00+00:00
2023-10-06 22:00:00+00:00,55.0,1,2023-10-06 22:00:00+00:00,2023-10-07 22:00:00+00:00
2023-10-06 23:00:00+00:00,50.79,2,2023-10-06 22:00:00+00:00,2023-10-07 22:00:00+00:00
2023-10-07 00:00:00+00:00,2.43,3,2023-10-06 22:00:00+00:00,2023-10-07 22:00:00+00:00
2023-10-07 01:00:00+00:00,3.26,4,2023-10-06 22:00:00+00:00,2023-10-07 22:00:00+00:00
2023-10-07 02:00:00+00:00,6.24,5,2023-10-06 22:00:00+00:00,2023-10-07 22:00:00+00:00
2023-10-07 03:00:00+00:00,21.45,6,2023-10-06 22:00:00+00:00,2023-10-07 22:00:00+00:00
2023-10-07 04:00:00+00:00,51.92,7,2023-10-06 22:00:00+00:00,2023-10-07 22:00:00+00:00
2023-10-07 05:00:00+00:00,66.66,8,2023-10-06 22:00:00+00:00,2023-10-07 22:00:00+00:00
2023-10-07 06:00:00+00:00,71.07,9,2023-10-06 22:00:00+00:00,2023-10-07 22:00:00+00:00
2023-10-07 07:00:00+00:00,68.66,10,2023-10-06 22:00:00+00:00,2023-10-07 22:00:00+00:00
2023-10-07 08:00:00+00:00,46.81,11,2023-10-06 22:00:00+00:00,2023-10-07 22:00:00+00:00
2023-10-07 09:00:00+00:00,19.62,12,2023-10-06 22:00:00+00:00,2023-10-07 22:00:00+00:00
2023-10-07 10:00:00+00:00,10.38,13,2023-10-06 22:00:00+00:00,2023-10-07 22:00:00+00:00
2023-10-07 11:00:00+00:00,0.22,14,2023-10-06 22:00:00+00:00,2023-10-07 22:00:00+00:00
2023-10-07 12:00:00+00:00,1.0,15,2023-10-06 22:00:00+00:00,2023-10-07 22:00:00+00:00
2023-10-07 13:00:00+00:00,22.01,16,2023-10-06 22:00:00+00:00,2023-10-07 22:00:00+00:00
2023-10-07 14:00:00+00:00,61.59,17,2023-10-06 22:00:00+00:00,2023-10-07 22:00:00+00:00
2023-10-07 15:00:00+00:00,86.44,18,2023-10-06 22:00:00+00:00,2023-10-07 22:00:00+00:00
2023-10-07 16:00:00+00:00,102.28,19,2023-10-06 22:00:00+00:00,2023-10-07 22:00:00+00:00
2023-10-07 17:00:00+00:00,108.91,20,2023-10-06 22:00:00+00:00,2023-10-07 22:00:00+00:00
2023-10-07 18:00:00+00:00,100.0,21,2023-10-06 22:00:00+00:00,2023-10-07 22:00:00+00:00
2023-10-07 19:00:00+00:00,83.99,22,2023-10-06 22:00:00+00:00,2023-10-07 22:00:00+00:00
2023-10-07 20:00:00+00:00,76.19,23,2023-10-06 22:00:00+00:00,2023-10-07 22:00:00+00:00
2023-10-07 21:00:00+00:00,72.0,24,2023-10-06 22:00:00+00:00,2023-10-07 22:00:00+00:00
2023-10-07 22:00:00+00:00,103.94,1,2023-10-07 22:00:00+00:00,2023-10-08 22:00:00+00:00
2023-10-07 23:00:00+00:00,89.6,2,2023-10-07 22:00:00+00:00,2023-10-08 22:00:00+00:00
2023-10-08 00:00:00+00:00,84.89,3,2023-10-07 22:00:00+00:00,2023-10-08 22:00:00+00:00
2023-10-08 01:00:00+00:00,78.0,4,2023-10-07 22:00:00+00:00,2023-10-08 22:00:00+00:00
2023-10-08 02:00:00+00:00,71.81,5,2023-10-07 22:00:00+00:00,2023-10-08 22:00:00+00:00
2023-10-08 03:00:00+00:00,77.09,6,2023-10-07 22:00:00+00:00,2023-10-08 22:00:00+00:00
2023-10-08 04:00:00+00:00,83.51,7,2023-10-07 22:00:00+00:00,2023-10-08 22:00:00+00:00
2023-10-08 05:00:00+00:00,100.0,8,2023-10-07 22:00:00+00:00,2023-10-08 22:00:00+00:00
2023-10-08 06:00:00+00:00,102.08,9,2023-10-07 22:00:00+00:00,2023-10-08 22:00:00+00:00
2023-10-08 07:00:00+00:00,100.9,10,2023-10-07 22:00:00+00:00,2023-10-08 22:00:00+00:00
2023-10-08 08:00:00+00:00,86.94,11,2023-10-07 22:00:00+00:00,2023-10-08 22:00:00+00:00
2023-10-08 09:00:00+00:00,76.56,12,2023-10-07 22:00:00+00:00,2023-10-08 22:00:00+00:00
2023-10-08 10:00:00+00:00,70.56,13,2023-10-07 22:00:00+00:00,2023-10-08 22:00:00+00:00
2023-10-08 11:00:00+00:00,55.15,14,2023-10-07 22:00:00+00:00,2023-10-08 22:00:00+00:00
2023-10-08 12:00:00+00:00,54.62,15,2023-10-07 22:00:00+00:00,2023-10-08 22:00:00+00:00
2023-10-08 13:00:00+00:00,70.8,16,2023-10-07 22:00:00+00:00,2023-10-08 22:00:00+00:00
2023-10-08 14:00:00+00:00,89.15,17,2023-10-07 22:00:00+00:00,2023-10-08 22:00:00+00:00
2023-10-08 15:00:00+00:00,108.28,18,2023-10-07 22:00:00+00:00,2023-10-08 22:00:00+00:00
2023-10-08 16:00:00+00:00,132.32,19,2023-10-07 22:00:00+00:00,2023-10-08 22:00:00+00:00
2023-10-08 17:00:00+00:00,158.42,20,2023-10-07 22:00:00+00:00,2023-10-08 22:00:00+00:00
2023-10-08 18:00:00+00:00,131.85,21,2023-10-07 22:00:00+00:00,2023-10-08 22:00:00+00:00
2023-10-08 19:00:00+00:00,110.2,22,2023-10-07 22:00:00+00:00,2023-10-08 22:00:00+00:00
2023-10-08 20:00:00+00:00,104.42,23,2023-10-07 22:00:00+00:00,2023-10-08 22:00:00+00:00
2023-10-08 21:00:00+00:00,96.34,24,2023-10-07 22:00:00+00:00,2023-10-08 22:00:00+00:00
2023-10-08 22:00:00+00:00,91.11,1,2023-10-08 22:00:00+00:00,2023-10-09 22:00:00+00:00
2023-10-08 23:00:00+00:00,87.45,2,2023-10-08 22:00:00+00:00,2023-10-09 22:00:00+00:00
2023-10-09 00:00:00+00:00,82.44,3,2023-10-08 22:00:00+00:00,2023-10-09 22:00:00+00:00
2023-10-09 01:00:00+00:00,77.4,4,2023-10-08 22:00:00+00:00,2023-10-09 22:00:00+00:00
2023-10-09 02:00:00+00:00,75.0,5,2023-10-08 22:00:00+00:00,2023-10-09 22:00:00+00:00
2023-10-09 03:00:00+00:00,79.05,6,2023-10-08 22:00:00+00:00,2023-10-09 22:00:00+00:00
2023-10-09 04:00:00+00:00,96.5,7,2023-10-08 22:00:00+00:00,2023-10-09 22:00:00+00:00
2023-10-09 05:00:00+00:00,111.8,8,2023-10-08 22:00:00+00:00,2023-10-09 22:00:00+00:00
2023-10-09 06:00:00+00:00,127.02,9,2023-10-08 22:00:00+00:00,2023-10-09 22:00:00+00:00
2023-10-09 07:00:00+00:00,121.44,10,2023-10-08 22:00:00+00:00,2023-10-09 22:00:00+00:00
2023-10-09 08:00:00+00:00,111.57,11,2023-10-08 22:00:00+00:00,2023-10-09 22:00:00+00:00
2023-10-09 09:00:00+00:00,105.36,12,2023-10-08 22:00:00+00:00,2023-10-09 22:00:00+00:00
2023-10-09 10:00:00+00:00,98.55,13,2023-10-08 22:00:00+00:00,2023-10-09 22:00:00+00:00
2023-10-09 11:00:00+00:00,95.24,14,2023-10-08 22:00:00+00:00,2023-10-09 22:00:00+00:00
2023-10-09 12:00:00+00:00,97.41,15,2023-10-08 22:00:00+00:00,2023-10-09 22:00:00+00:00
2023-10-09 13:00:00+00:00,79.4,16,2023-10-08 22:00:00+00:00,2023-10-09 22:00:00+00:00
2023-10-09 14:00:00+00:00,108.2,17,2023-10-08 22:00:00+00:00,2023-10-09 22:00:00+00:00
2023-10-09 15:00:00+00:00,129.58,18,2023-10-08 22:00:00+00:00,2023-10-09 22:00:00+00:00
2023-10-09 16:00:00+00:00,189.22,19,2023-10-08 22:00:00+00:00,2023-10-09 22:00:00+00:00
2023-10-09 17:00:00+00:00,221.7,20,2023-10-08 22:00:00+00:00,2023-10-09 22:00:00+00:00
2023-10-09 18:00:00+00:00,184.5,21,2023-10-08 22:00:00+00:00,2023-10-09 22:00:00+00:00
2023-10-09 19:00:00+00:00,132.86,22,2023-10-08 22:00:00+00:00,2023-10-09 22:00:00+00:00
2023-10-09 20:00:00+00:00,120.0,23,2023-10-08 22:00:00+00:00,2023-10-09 22:00:00+00:00
2023-10-09 21:00:00+00:00,112.7,24,2023-10-08 22:00:00+00:00,2023-10-09 22:00:00+00:00
2023-10-09 22:00:00+00:00,104.0,1,2023-10-09 22:00:00+00:00,2023-10-10 22:00:00+00:00
2023-10-09 23:00:00+00:00,100.6,2,2023-10-09 22:00:00+00:00,2023-10-10 22:00:00+00:00
2023-10-10 00:00:00+00:00,99.9,3,2023-10-09 22:00:00+00:00,2023-10-10 22:00:00+00:00
2023-10-10 01:00:00+00:00,99.52,4,2023-10-09 22:00:00+00:00,2023-10-10 22:00:00+00:00
2023-10-10 02:00:00+00:00,97.37,5,2023-10-09 22:00:00+00:00,2023-10-10 22:00:00+00:00
2023-10-10 03:00:00+00:00,104.22,6,2023-10-09 22:00:00+00:00,2023-10-10 22:00:00+00:00
2023-10-10 04:00:00+00:00,128.7,7,2023-10-09 22:00:00+00:00,2023-10-10 22:00:00+00:00
2023-10-10 05:00:00+00:00,174.71,8,2023-10-09 22:00:00+00:00,2023-10-10 22:00:00+00:00
2023-10-10 06:00:00+00:00,177.75,9,2023-10-09 22:00:00+00:00,2023-10-10 22:00:00+00:00
2023-10-10 07:00:00+00:00,132.1,10,2023-10-09 22:00:00+00:00,2023-10-10 22:00:00+00:00
2023-10-10 08:00:00+00:00,113.97,11,2023-10-09 22:00:00+00:00,2023-10-10 22:00:00+00:00
2023-10-10 09:00:00+00:00,103.95,12,2023-10-09 22:00:00+00:00,2023-10-10 22:00:00+00:00
2023-10-10 10:00:00+00:00,94.55,13,2023-10-09 22:00:00+00:00,2023-10-10 22:00:00+00:00
2023-10-10 11:00:00+00:00,79.33,14,2023-10-09 22:00:00+00:00,2023-10-10 22:00:00+00:00
2023-10-10 12:00:00+00:00,78.0,15,2023-10-09 22:00:00+00:00,2023-10-10 22:00:00+00:00
2023-10-10 13:00:00+00:00,74.25,16,2023-10-09 22:00:00+00:00,2023-10-10 22:00:00+00:00
2023-10-10 14:00:00+00:00,86.6,17,2023-10-09 22:00:00+00:00,2023-10-10 22:00:00+00:00
2023-10-10 15:00:00+00:00,99.89,18,2023-10-09 22:00:00+00:00,2023-10-10 22:00:00+00:00
2023-10-10 16:00:00+00:00,128.85,19,2023-10-09 22:00:00+00:00,2023-10-10 22:00:00+00:00
2023-10-10 17:00:00+00:00,139.72,20,2023-10-09 22:00:00+00:00,2023-10-10 22:00:00+00:00
2023-10-10 18:00:00+00:00,104.58,21,2023-10-09 22:00:00+00:00,2023-10-10 22:00:00+00:00
2023-10-10 19:00:00+00:00,86.3,22,2023-10-09 22:00:00+00:00,2023-10-10 22:00:00+00:00
2023-10-10 20:00:00+00:00,88.59,23,2023-10-09 22:00:00+00:00,2023-10-10 22:00:00+00:00
2023-10-10 21:00:00+00:00,68.14,24,2023-10-09 22:00:00+00:00,2023-10-10 22:00:00+00:00
2023-10-10 22:00:00+00:00,62.75,1,2023-10-10 22:00:00+00:00,2023-10-11 22:00:00+00:00
2023-10-10 23:00:00+00:00,24.6,2,2023-10-10 22:00:00+00:00,2023-10-11 22:00:00+00:00
2023-10-11 00:00:00+00:00,5.82,3,2023-10-10 22:00:00+00:00,2023-10-11 22:00:00+00:00
2023-10-11 01:00:00+00:00,0.06,4,2023-10-10 22:00:00+00:00,2023-10-11 22:00:00+00:00
2023-10-11 02:00:00+00:00,0.0,5,2023-10-10 22:00:00+00:00,2023-10-11 22:00:00+00:00
2023-10-11 03:00:00+00:00,7.07,6,2023-10-10 22:00:00+00:00,2023-10-11 22:00:00+00:00
2023-10-11 04:00:00+00:00,78.84,7,2023-10-10 22:00:00+00:00,2023-10-11 22:00:00+00:00
2023-10-11 05:00:00+00:00,127.13,8,2023-10-10 22:00:00+00:00,2023-10-11 22:00:00+00:00
2023-10-11 06:00:00+00:00,134.63,9,2023-10-10 22:00:00+00:00,2023-10-11 22:00:00+00:00
2023-10-11 07:00:00+00:00,111.76,10,2023-10-10 22:00:00+00:00,2023-10-11 22:00:00+00:00
2023-10-11 08:00:00+00:00,59.58,11,2023-10-10 22:00:00+00:00,2023-10-11 22:00:00+00:00
2023-10-11 09:00:00+00:00,1.05,12,2023-10-10 22:00:00+00:00,2023-10-11 22:00:00+00:00
2023-10-11 10:00:00+00:00,0.0,13,2023-10-10 22:00:00+00:00,2023-10-11 22:00:00+00:00
2023-10-11 11:00:00+00:00,-0.06,14,2023-10-10 22:00:00+00:00,2023-10-11 22:00:00+00:00
2023-10-11 12:00:00+00:00,-0.04,15,2023-10-10 22:00:00+00:00,2023-10-11 22:00:00+00:00
2023-10-11 13:00:00+00:00,0.06,16,2023-10-10 22:00:00+00:00,2023-10-11 22:00:00+00:00
2023-10-11 14:00:00+00:00,60.42,17,2023-10-10 22:00:00+00:00,2023-10-11 22:00:00+00:00
2023-10-11 15:00:00+00:00,104.33,18,2023-10-10 22:00:00+00:00,2023-10-11 22:00:00+00:00
2023-10-11 16:00:00+00:00,128.24,19,2023-10-10 22:00:00+00:00,2023-10-11 22:00:00+00:00
2023-10-11 17:00:00+00:00,152.0,20,2023-10-10 22:00:00+00:00,2023-10-11 22:00:00+00:00
2023-10-11 18:00:00+00:00,142.0,21,2023-10-10 22:00:00+00:00,2023-10-11 22:00:00+00:00
2023-10-11 19:00:00+00:00,120.1,22,2023-10-10 22:00:00+00:00,2023-10-11 22:00:00+00:00
2023-10-11 20:00:00+00:00,112.96,23,2023-10-10 22:00:00+00:00,2023-10-11 22:00:00+00:00
2023-10-11 21:00:00+00:00,116.16,24,2023-10-10 22:00:00+00:00,2023-10-11 22:00:00+00:00
2023-10-11 22:00:00+00:00,128.76,1,2023-10-11 22:00:00+00:00,2023-10-12 22:00:00+00:00
2023-10-11 23:00:00+00:00,122.71,2,2023-10-11 22:00:00+00:00,2023-10-12 22:00:00+00:00
2023-10-12 00:00:00+00:00,138.12,3,2023-10-11 22:00:00+00:00,2023-10-12 22:00:00+00:00
2023-10-12 01:00:00+00:00,115.0,4,2023-10-11 22:00:00+00:00,2023-10-12 22:00:00+00:00
2023-10-12 02:00:00+00:00,89.04,5,2023-10-11 22:00:00+00:00,2023-10-12 22:00:00+00:00
2023-10-12 03:00:00+00:00,102.6,6,2023-10-11 22:00:00+00:00,2023-10-12 22:00:00+00:00
2023-10-12 04:00:00+00:00,126.5,7,2023-10-11 22:00:00+00:00,2023-10-12 22:00:00+00:00
2023-10-12 05:00:00+00:00,133.39,8,2023-10-11 22:00:00+00:00,2023-10-12 22:00:00+00:00
2023-10-12 06:00:00+00:00,148.39,9,2023-10-11 22:00:00+00:00,2023-10-12 22:00:00+00:00
2023-10-12 07:00:00+00:00,169.28,10,2023-10-11 22:00:00+00:00,2023-10-12 22:00:00+00:00
2023-10-12 08:00:00+00:00,131.72,11,2023-10-11 22:00:00+00:00,2023-10-12 22:00:00+00:00
2023-10-12 09:00:00+00:00,125.0,12,2023-10-11 22:00:00+00:00,2023-10-12 22:00:00+00:00
2023-10-12 10:00:00+00:00,111.08,13,2023-10-11 22:00:00+00:00,2023-10-12 22:00:00+00:00
2023-10-12 11:00:00+00:00,104.29,14,2023-10-11 22:00:00+00:00,2023-10-12 22:00:00+00:00
2023-10-12 12:00:00+00:00,108.38,15,2023-10-11 22:00:00+00:00,2023-10-12 22:00:00+00:00
2023-10-12 13:00:00+00:00,120.0,16,2023-10-11 22:00:00+00:00,2023-10-12 22:00:00+00:00
2023-10-12 14:00:00+00:00,123.58,17,2023-10-11 22:00:00+00:00,2023-10-12 22:00:00+00:00
2023-10-12 15:00:00+00:00,145.29,18,2023-10-11 22:00:00+00:00,2023-10-12 22:00:00+00:00
2023-10-12 16:00:00+00:00,170.29,19,2023-10-11 22:00:00+00:00,2023-10-12 22:00:00+00:00
2023-10-12 17:00:00+00:00,221.09,20,2023-10-11 22:00:00+00:00,2023-10-12 22:00:00+00:00
2023-10-12 18:00:00+00:00,151.61,21,2023-10-11 22:00:00+00:00,2023-10-12 22:00:00+00:00
2023-10-12 19:00:00+00:00,129.36,22,2023-10-11 22:00:00+00:00,2023-10-12 22:00:00+00:00
2023-10-12 20:00:00+00:00,123.5,23,2023-10-11 22:00:00+00:00,2023-10-12 22:00:00+00:00
2023-10-12 21:00:00+00:00,109.84,24,2023-10-11 22:00:00+00:00,2023-10-12 22:00:00+00:00
2023-10-12 22:00:00+00:00,123.99,1,2023-10-12 22:00:00+00:00,2023-10-13 22:00:00+00:00
2023-10-12 23:00:00+00:00,115.0,2,2023-10-12 22:00:00+00:00,2023-10-13 22:00:00+00:00
2023-10-13 00:00:00+00:00,107.14,3,2023-10-12 22:00:00+00:00,2023-10-13 22:00:00+00:00
2023-10-13 01:00:00+00:00,101.4,4,2023-10-12 22:00:00+00:00,2023-10-13 22:00:00+00:00
2023-10-13 02:00:00+00:00,99.9,5,2023-10-12 22:00:00+00:00,2023-10-13 22:00:00+00:00
2023-10-13 03:00:00+00:00,85.75,6,2023-10-12 22:00:00+00:00,2023-10-13 22:00:00+00:00
2023-10-13 04:00:00+00:00,104.2,7,2023-10-12 22:00:00+00:00,2023-10-13 22:00:00+00:00
2023-10-13 05:00:00+00:00,140.76,8,2023-10-12 22:00:00+00:00,2023-10-13 22:00:00+00:00
2023-10-13 06:00:00+00:00,144.92,9,2023-10-12 22:00:00+00:00,2023-10-13 22:00:00+00:00
2023-10-13 07:00:00+00:00,132.05,10,2023-10-12 22:00:00+00:00,2023-10-13 22:00:00+00:00
2023-10-13 08:00:00+00:00,99.0,11,2023-10-12 22:00:00+00:00,2023-10-13 22:00:00+00:00
2023-10-13 09:00:00+00:00,72.02,12,2023-10-12 22:00:00+00:00,2023-10-13 22:00:00+00:00
2023-10-13 10:00:00+00:00,34.45,13,2023-10-12 22:00:00+00:00,2023-10-13 22:00:00+00:00
2023-10-13 11:00:00+00:00,7.3,14,2023-10-12 22:00:00+00:00,2023-10-13 22:00:00+00:00
2023-10-13 12:00:00+00:00,4.31,15,2023-10-12 22:00:00+00:00,2023-10-13 22:00:00+00:00
2023-10-13 13:00:00+00:00,4.24,16,2023-10-12 22:00:00+00:00,2023-10-13 22:00:00+00:00
2023-10-13 14:00:00+00:00,10.17,17,2023-10-12 22:00:00+00:00,2023-10-13 22:00:00+00:00
2023-10-13 15:00:00+00:00,50.1,18,2023-10-12 22:00:00+00:00,2023-10-13 22:00:00+00:00
2023-10-13 16:00:00+00:00,79.91,19,2023-10-12 22:00:00+00:00,2023-10-13 22:00:00+00:00
2023-10-13 17:00:00+00:00,100.0,20,2023-10-12 22:00:00+00:00,2023-10-13 22:00:00+00:00
2023-10-13 18:00:00+00:00,74.0,21,2023-10-12 22:00:00+00:00,2023-10-13 22:00:00+00:00
2023-10-13 19:00:00+00:00,8.0,22,2023-10-12 22:00:00+00:00,2023-10-13 22:00:00+00:00
2023-10-13 20:00:00+00:00,0.21,23,2023-10-12 22:00:00+00:00,2023-10-13 22:00:00+00:00
2023-10-13 21:00:00+00:00,-0.81,24,2023-10-12 22:00:00+00:00,2023-10-13 22:00:00+00:00
2023-10-13 22:00:00+00:00,-0.09,1,2023-10-13 22:00:00+00:00,2023-10-14 22:00:00+00:00
2023-10-13 23:00:00+00:00,-2.57,2,2023-10-13 22:00:00+00:00,2023-10-14 22:00:00+00:00
2023-10-14 00:00:00+00:00,-0.9,3,2023-10-13 22:00:00+00:00,2023-10-14 22:00:00+00:00
2023-10-14 01:00:00+00:00,-1.03,4,2023-10-13 22:00:00+00:00,2023-10-14 22:00:00+00:00
2023-10-14 02:00:00+00:00,-1.39,5,2023-10-13 22:00:00+00:00,2023-10-14 22:00:00+00:00
2023-10-14 03:00:00+00:00,-1.27,6,2023-10-13 22:00:00+00:00,2023-10-14 22:00:00+00:00
2023-10-14 04:00:00+00:00,-0.3,7,2023-10-13 22:00:00+00:00,2023-10-14 22:00:00+00:00
2023-10-14 05:00:00+00:00,1.65,8,2023-10-13 22:00:00+00:00,2023-10-14 22:00:00+00:00
2023-10-14 06:00:00+00:00,34.21,9,2023-10-13 22:00:00+00:00,2023-10-14 22:00:00+00:00
2023-10-14 07:00:00+00:00,32.06,10,2023-10-13 22:00:00+00:00,2023-10-14 22:00:00+00:00
2023-10-14 08:00:00+00:00,3.82,11,2023-10-13 22:00:00+00:00,2023-10-14 22:00:00+00:00
2023-10-14 09:00:00+00:00,-0.01,12,2023-10-13 22:00:00+00:00,2023-10-14 22:00:00+00:00
2023-10-14 10:00:00+00:00,-2.9,13,2023-10-13 22:00:00+00:00,2023-10-14 22:00:00+00:00
2023-10-14 11:00:00+00:00,-2.62,14,2023-10-13 22:00:00+00:00,2023-10-14 22:00:00+00:00
2023-10-14 12:00:00+00:00,-2.11,15,2023-10-13 22:00:00+00:00,2023-10-14 22:00:00+00:00
2023-10-14 13:00:00+00:00,-0.08,16,2023-10-13 22:00:00+00:00,2023-10-14 22:00:00+00:00
2023-10-14 14:00:00+00:00,0.6,17,2023-10-13 22:00:00+00:00,2023-10-14 22:00:00+00:00
2023-10-14 15:00:00+00:00,68.13,18,2023-10-13 22:00:00+00:00,2023-10-14 22:00:00+00:00
2023-10-14 16:00:00+00:00,120.0,19,2023-10-13 22:00:00+00:00,2023-10-14 22:00:00+00:00
2023-10-14 17:00:00+00:00,166.0,20,2023-10-13 22:00:00+00:00,2023-10-14 22:00:00+00:00
2023-10-14 18:00:00+00:00,179.89,21,2023-10-13 22:00:00+00:00,2023-10-14 22:00:00+00:00
2023-10-14 19:00:00+00:00,128.0,22,2023-10-13 22:00:00+00:00,2023-10-14 22:00:00+00:00
2023-10-14 20:00:00+00:00,117.8,23,2023-10-13 22:00:00+00:00,2023-10-14 22:00:00+00:00
2023-10-14 21:00:00+00:00,111.0,24,2023-10-13 22:00:00+00:00,2023-10-14 22:00:00+00:00
2023-10-14 22:00:00+00:00,69.0,1,2023-10-14 22:00:00+00:00,2023-10-15 22:00:00+00:00
2023-10-14 23:00:00+00:00,34.0,2,2023-10-14 22:00:00+00:00,2023-10-15 22:00:00+00:00
2023-10-15 00:00:00+00:00,5.83,3,2023-10-14 22:00:00+00:00,2023-10-15 22:00:00+00:00
2023-10-15 01:00:00+00:00,9.11,4,2023-10-14 22:00:00+00:00,2023-10-15 22:00:00+00:00
2023-10-15 02:00:00+00:00,5.76,5,2023-10-14 22:00:00+00:00,2023-10-15 22:00:00+00:00
2023-10-15 03:00:00+00:00,7.67,6,2023-10-14 22:00:00+00:00,2023-10-15 22:00:00+00:00
2023-10-15 04:00:00+00:00,5.79,7,2023-10-14 22:00:00+00:00,2023-10-15 22:00:00+00:00
2023-10-15 05:00:00+00:00,46.83,8,2023-10-14 22:00:00+00:00,2023-10-15 22:00:00+00:00
2023-10-15 06:00:00+00:00,69.04,9,2023-10-14 22:00:00+00:00,2023-10-15 22:00:00+00:00
2023-10-15 07:00:00+00:00,78.0,10,2023-10-14 22:00:00+00:00,2023-10-15 22:00:00+00:00
2023-10-15 08:00:00+00:00,41.11,11,2023-10-14 22:00:00+00:00,2023-10-15 22:00:00+00:00
2023-10-15 09:00:00+00:00,-1.01,12,2023-10-14 22:00:00+00:00,2023-10-15 22:00:00+00:00
2023-10-15 10:00:00+00:00,-4.39,13,2023-10-14 22:00:00+00:00,2023-10-15 22:00:00+00:00
2023-10-15 11:00:00+00:00,-1.03,14,2023-10-14 22:00:00+00:00,2023-10-15 22:00:00+00:00
2023-10-15 12:00:00+00:00,-7.1,15,2023-10-14 22:00:00+00:00,2023-10-15 22:00:00+00:00
2023-10-15 13:00:00+00:00,4.86,16,2023-10-14 22:00:00+00:00,2023-10-15 22:00:00+00:00
2023-10-15 14:00:00+00:00,33.64,17,2023-10-14 22:00:00+00:00,2023-10-15 22:00:00+00:00
2023-10-15 15:00:00+00:00,111.6,18,2023-10-14 22:00:00+00:00,2023-10-15 22:00:00+00:00
2023-10-15 16:00:00+00:00,160.83,19,2023-10-14 22:00:00+00:00,2023-10-15 22:00:00+00:00
2023-10-15 17:00:00+00:00,187.63,20,2023-10-14 22:00:00+00:00,2023-10-15 22:00:00+00:00
2023-10-15 18:00:00+00:00,194.0,21,2023-10-14 22:00:00+00:00,2023-10-15 22:00:00+00:00
2023-10-15 19:00:00+00:00,145.0,22,2023-10-14 22:00:00+00:00,2023-10-15 22:00:00+00:00
2023-10-15 20:00:00+00:00,136.8,23,2023-10-14 22:00:00+00:00,2023-10-15 22:00:00+00:00
2023-10-15 21:00:00+00:00,135.6,24,2023-10-14 22:00:00+00:00,2023-10-15 22:00:00+00:00
2023-10-15 22:00:00+00:00,120.2,1,2023-10-15 22:00:00+00:00,2023-10-16 22:00:00+00:00
2023-10-15 23:00:00+00:00,116.6,2,2023-10-15 22:00:00+00:00,2023-10-16 22:00:00+00:00
2023-10-16 00:00:00+00:00,110.7,3,2023-10-15 22:00:00+00:00,2023-10-16 22:00:00+00:00
2023-10-16 01:00:00+00:00,110.1,4,2023-10-15 22:00:00+00:00,2023-10-16 22:00:00+00:00
2023-10-16 02:00:00+00:00,107.0,5,2023-10-15 22:00:00+00:00,2023-10-16 22:00:00+00:00
2023-10-16 03:00:00+00:00,110.0,6,2023-10-15 22:00:00+00:00,2023-10-16 22:00:00+00:00
2023-10-16 04:00:00+00:00,139.56,7,2023-10-15 22:00:00+00:00,2023-10-16 22:00:00+00:00
2023-10-16 05:00:00+00:00,159.37,8,2023-10-15 22:00:00+00:00,2023-10-16 22:00:00+00:00
2023-10-16 06:00:00+00:00,204.0,9,2023-10-15 22:00:00+00:00,2023-10-16 22:00:00+00:00
2023-10-16 07:00:00+00:00,164.3,10,2023-10-15 22:00:00+00:00,2023-10-16 22:00:00+00:00
2023-10-16 08:00:00+00:00,167.99,11,2023-10-15 22:00:00+00:00,2023-10-16 22:00:00+00:00
2023-10-16 09:00:00+00:00,120.3,12,2023-10-15 22:00:00+00:00,2023-10-16 22:00:00+00:00
2023-10-16 10:00:00+00:00,113.76,13,2023-10-15 22:00:00+00:00,2023-10-16 22:00:00+00:00
2023-10-16 11:00:00+00:00,106.26,14,2023-10-15 22:00:00+00:00,2023-10-16 22:00:00+00:00
2023-10-16 12:00:00+00:00,109.49,15,2023-10-15 22:00:00+00:00,2023-10-16 22:00:00+00:00
2023-10-16 13:00:00+00:00,116.75,16,2023-10-15 22:00:00+00:00,2023-10-16 22:00:00+00:00
2023-10-16 14:00:00+00:00,138.96,17,2023-10-15 22:00:00+00:00,2023-10-16 22:00:00+00:00
2023-10-16 15:00:00+00:00,170.23,18,2023-10-15 22:00:00+00:00,2023-10-16 22:00:00+00:00
2023-10-16 16:00:00+00:00,214.4,19,2023-10-15 22:00:00+00:00,2023-10-16 22:00:00+00:00
2023-10-16 17:00:00+00:00,240.0,20,2023-10-15 22:00:00+00:00,2023-10-16 22:00:00+00:00
2023-10-16 18:00:00+00:00,160.64,21,2023-10-15 22:00:00+00:00,2023-10-16 22:00:00+00:00
2023-10-16 19:00:00+00:00,145.44,22,2023-10-15 22:00:00+00:00,2023-10-16 22:00:00+00:00
2023-10-16 20:00:00+00:00,135.2,23,2023-10-15 22:00:00+00:00,2023-10-16 22:00:00+00:00
2023-10-16 21:00:00+00:00,119.22,24,2023-10-15 22:00:00+00:00,2023-10-16 22:00:00+00:00
2023-10-16 22:00:00+00:00,127.58,1,2023-10-16 22:00:00+00:00,2023-10-17 22:00:00+00:00
2023-10-16 23:00:00+00:00,114.04,2,2023-10-16 22:00:00+00:00,2023-10-17 22:00:00+00:00
2023-10-17 00:00:00+00:00,108.4,3,2023-10-16 22:00:00+00:00,2023-10-17 22:00:00+00:00
2023-10-17 01:00:00+00:00,106.57,4,2023-10-16 22:00:00+00:00,2023-10-17 22:00:00+00:00
2023-10-17 02:00:00+00:00,105.44,5,2023-10-16 22:00:00+00:00,2023-10-17 22:00:00+00:00
2023-10-17 03:00:00+00:00,113.85,6,2023-10-16 22:00:00+00:00,2023-10-17 22:00:00+00:00
2023-10-17 04:00:00+00:00,133.0,7,2023-10-16 22:00:00+00:00,2023-10-17 22:00:00+00:00
2023-10-17 05:00:00+00:00,161.78,8,2023-10-16 22:00:00+00:00,2023-10-17 22:00:00+00:00
2023-10-17 06:00:00+00:00,187.33,9,2023-10-16 22:00:00+00:00,2023-10-17 22:00:00+00:00
2023-10-17 07:00:00+00:00,159.45,10,2023-10-16 22:00:00+00:00,2023-10-17 22:00:00+00:00
2023-10-17 08:00:00+00:00,134.98,11,2023-10-16 22:00:00+00:00,2023-10-17 22:00:00+00:00
2023-10-17 09:00:00+00:00,113.67,12,2023-10-16 22:00:00+00:00,2023-10-17 22:00:00+00:00
2023-10-17 10:00:00+00:00,105.61,13,2023-10-16 22:00:00+00:00,2023-10-17 22:00:00+00:00
2023-10-17 11:00:00+00:00,88.61,14,2023-10-16 22:00:00+00:00,2023-10-17 22:00:00+00:00
2023-10-17 12:00:00+00:00,80.98,15,2023-10-16 22:00:00+00:00,2023-10-17 22:00:00+00:00
2023-10-17 13:00:00+00:00,97.25,16,2023-10-16 22:00:00+00:00,2023-10-17 22:00:00+00:00
2023-10-17 14:00:00+00:00,119.0,17,2023-10-16 22:00:00+00:00,2023-10-17 22:00:00+00:00
2023-10-17 15:00:00+00:00,139.89,18,2023-10-16 22:00:00+00:00,2023-10-17 22:00:00+00:00
2023-10-17 16:00:00+00:00,159.8,19,2023-10-16 22:00:00+00:00,2023-10-17 22:00:00+00:00
2023-10-17 17:00:00+00:00,161.69,20,2023-10-16 22:00:00+00:00,2023-10-17 22:00:00+00:00
2023-10-17 18:00:00+00:00,128.48,21,2023-10-16 22:00:00+00:00,2023-10-17 22:00:00+00:00
2023-10-17 19:00:00+00:00,119.72,22,2023-10-16 22:00:00+00:00,2023-10-17 22:00:00+00:00
2023-10-17 20:00:00+00:00,108.48,23,2023-10-16 22:00:00+00:00,2023-10-17 22:00:00+00:00
2023-10-17 21:00:00+00:00,95.14,24,2023-10-16 22:00:00+00:00,2023-10-17 22:00:00+00:00
2023-10-17 22:00:00+00:00,76.18,1,2023-10-17 22:00:00+00:00,2023-10-18 22:00:00+00:00
2023-10-17 23:00:00+00:00,63.35,2,2023-10-17 22:00:00+00:00,2023-10-18 22:00:00+00:00
2023-10-18 00:00:00+00:00,57.73,3,2023-10-17 22:00:00+00:00,2023-10-18 22:00:00+00:00
2023-10-18 01:00:00+00:00,49.56,4,2023-10-17 22:00:00+00:00,2023-10-18 22:00:00+00:00
2023-10-18 02:00:00+00:00,42.54,5,2023-10-17 22:00:00+00:00,2023-10-18 22:00:00+00:00
2023-10-18 03:00:00+00:00,48.42,6,2023-10-17 22:00:00+00:00,2023-10-18 22:00:00+00:00
2023-10-18 04:00:00+00:00,86.65,7,2023-10-17 22:00:00+00:00,2023-10-18 22:00:00+00:00
2023-10-18 05:00:00+00:00,119.28,8,2023-10-17 22:00:00+00:00,2023-10-18 22:00:00+00:00
2023-10-18 06:00:00+00:00,148.45,9,2023-10-17 22:00:00+00:00,2023-10-18 22:00:00+00:00
2023-10-18 07:00:00+00:00,119.13,10,2023-10-17 22:00:00+00:00,2023-10-18 22:00:00+00:00
2023-10-18 08:00:00+00:00,89.99,11,2023-10-17 22:00:00+00:00,2023-10-18 22:00:00+00:00
2023-10-18 09:00:00+00:00,76.92,12,2023-10-17 22:00:00+00:00,2023-10-18 22:00:00+00:00
2023-10-18 10:00:00+00:00,70.09,13,2023-10-17 22:00:00+00:00,2023-10-18 22:00:00+00:00
2023-10-18 11:00:00+00:00,64.0,14,2023-10-17 22:00:00+00:00,2023-10-18 22:00:00+00:00
2023-10-18 12:00:00+00:00,65.87,15,2023-10-17 22:00:00+00:00,2023-10-18 22:00:00+00:00
2023-10-18 13:00:00+00:00,66.73,16,2023-10-17 22:00:00+00:00,2023-10-18 22:00:00+00:00
2023-10-18 14:00:00+00:00,74.9,17,2023-10-17 22:00:00+00:00,2023-10-18 22:00:00+00:00
2023-10-18 15:00:00+00:00,102.55,18,2023-10-17 22:00:00+00:00,2023-10-18 22:00:00+00:00
2023-10-18 16:00:00+00:00,105.5,19,2023-10-17 22:00:00+00:00,2023-10-18 22:00:00+00:00
2023-10-18 17:00:00+00:00,106.78,20,2023-10-17 22:00:00+00:00,2023-10-18 22:00:00+00:00
2023-10-18 18:00:00+00:00,96.85,21,2023-10-17 22:00:00+00:00,2023-10-18 22:00:00+00:00
2023-10-18 19:00:00+00:00,85.54,22,2023-10-17 22:00:00+00:00,2023-10-18 22:00:00+00:00
2023-10-18 20:00:00+00:00,65.79,23,2023-10-17 22:00:00+00:00,2023-10-18 22:00:00+00:00
2023-10-18 21:00:00+00:00,34.8,24,2023-10-17 22:00:00+00:00,2023-10-18 22:00:00+00:00
2023-10-18 22:00:00+00:00,5.17,1,2023-10-18 22:00:00+00:00,2023-10-19 22:00:00+00:00
2023-10-18 23:00:00+00:00,-3.7,2,2023-10-18 22:00:00+00:00,2023-10-19 22:00:00+00:00
2023-10-19 00:00:00+00:00,-4.4,3,2023-10-18 22:00:00+00:00,2023-10-19 22:00:00+00:00
2023-10-19 01:00:00+00:00,0.0,4,2023-10-18 22:00:00+00:00,2023-10-19 22:00:00+00:00
2023-10-19 02:00:00+00:00,-2.57,5,2023-10-18 22:00:00+00:00,2023-10-19 22:00:00+00:00
2023-10-19 03:00:00+00:00,15.27,6,2023-10-18 22:00:00+00:00,2023-10-19 22:00:00+00:00
2023-10-19 04:00:00+00:00,80.06,7,2023-10-18 22:00:00+00:00,2023-10-19 22:00:00+00:00
2023-10-19 05:00:00+00:00,103.12,8,2023-10-18 22:00:00+00:00,2023-10-19 22:00:00+00:00
2023-10-19 06:00:00+00:00,122.39,9,2023-10-18 22:00:00+00:00,2023-10-19 22:00:00+00:00
2023-10-19 07:00:00+00:00,127.0,10,2023-10-18 22:00:00+00:00,2023-10-19 22:00:00+00:00
2023-10-19 08:00:00+00:00,123.7,11,2023-10-18 22:00:00+00:00,2023-10-19 22:00:00+00:00
2023-10-19 09:00:00+00:00,126.07,12,2023-10-18 22:00:00+00:00,2023-10-19 22:00:00+00:00
2023-10-19 10:00:00+00:00,125.45,13,2023-10-18 22:00:00+00:00,2023-10-19 22:00:00+00:00
2023-10-19 11:00:00+00:00,122.0,14,2023-10-18 22:00:00+00:00,2023-10-19 22:00:00+00:00
2023-10-19 12:00:00+00:00,120.34,15,2023-10-18 22:00:00+00:00,2023-10-19 22:00:00+00:00
2023-10-19 13:00:00+00:00,120.64,16,2023-10-18 22:00:00+00:00,2023-10-19 22:00:00+00:00
2023-10-19 14:00:00+00:00,126.0,17,2023-10-18 22:00:00+00:00,2023-10-19 22:00:00+00:00
2023-10-19 15:00:00+00:00,147.92,18,2023-10-18 22:00:00+00:00,2023-10-19 22:00:00+00:00
2023-10-19 16:00:00+00:00,160.0,19,2023-10-18 22:00:00+00:00,2023-10-19 22:00:00+00:00
2023-10-19 17:00:00+00:00,155.0,20,2023-10-18 22:00:00+00:00,2023-10-19 22:00:00+00:00
2023-10-19 18:00:00+00:00,116.8,21,2023-10-18 22:00:00+00:00,2023-10-19 22:00:00+00:00
2023-10-19 19:00:00+00:00,99.9,22,2023-10-18 22:00:00+00:00,2023-10-19 22:00:00+00:00
2023-10-19 20:00:00+00:00,106.0,23,2023-10-18 22:00:00+00:00,2023-10-19 22:00:00+00:00
2023-10-19 21:00:00+00:00,95.2,24,2023-10-18 22:00:00+00:00,2023-10-19 22:00:00+00:00
2023-10-19 22:00:00+00:00,77.59,1,2023-10-19 22:00:00+00:00,2023-10-20 22:00:00+00:00
2023-10-19 23:00:00+00:00,60.82,2,2023-10-19 22:00:00+00:00,2023-10-20 22:00:00+00:00
2023-10-20 00:00:00+00:00,41.36,3,2023-10-19 22:00:00+00:00,2023-10-20 22:00:00+00:00
2023-10-20 01:00:00+00:00,23.19,4,2023-10-19 22:00:00+00:00,2023-10-20 22:00:00+00:00
2023-10-20 02:00:00+00:00,5.41,5,2023-10-19 22:00:00+00:00,2023-10-20 22:00:00+00:00
2023-10-20 03:00:00+00:00,32.61,6,2023-10-19 22:00:00+00:00,2023-10-20 22:00:00+00:00
2023-10-20 04:00:00+00:00,73.02,7,2023-10-19 22:00:00+00:00,2023-10-20 22:00:00+00:00
2023-10-20 05:00:00+00:00,108.12,8,2023-10-19 22:00:00+00:00,2023-10-20 22:00:00+00:00
2023-10-20 06:00:00+00:00,119.61,9,2023-10-19 22:00:00+00:00,2023-10-20 22:00:00+00:00
2023-10-20 07:00:00+00:00,124.76,10,2023-10-19 22:00:00+00:00,2023-10-20 22:00:00+00:00
2023-10-20 08:00:00+00:00,124.92,11,2023-10-19 22:00:00+00:00,2023-10-20 22:00:00+00:00
2023-10-20 09:00:00+00:00,118.32,12,2023-10-19 22:00:00+00:00,2023-10-20 22:00:00+00:00
2023-10-20 10:00:00+00:00,111.8,13,2023-10-19 22:00:00+00:00,2023-10-20 22:00:00+00:00
2023-10-20 11:00:00+00:00,114.1,14,2023-10-19 22:00:00+00:00,2023-10-20 22:00:00+00:00
2023-10-20 12:00:00+00:00,103.7,15,2023-10-19 22:00:00+00:00,2023-10-20 22:00:00+00:00
2023-10-20 13:00:00+00:00,98.34,16,2023-10-19 22:00:00+00:00,2023-10-20 22:00:00+00:00
2023-10-20 14:00:00+00:00,99.66,17,2023-10-19 22:00:00+00:00,2023-10-20 22:00:00+00:00
2023-10-20 15:00:00+00:00,122.8,18,2023-10-19 22:00:00+00:00,2023-10-20 22:00:00+00:00
2023-10-20 16:00:00+00:00,135.97,19,2023-10-19 22:00:00+00:00,2023-10-20 22:00:00+00:00
2023-10-20 17:00:00+00:00,144.6,20,2023-10-19 22:00:00+00:00,2023-10-20 22:00:00+00:00
2023-10-20 18:00:00+00:00,117.5,21,2023-10-19 22:00:00+00:00,2023-10-20 22:00:00+00:00
2023-10-20 19:00:00+00:00,94.88,22,2023-10-19 22:00:00+00:00,2023-10-20 22:00:00+00:00
2023-10-20 20:00:00+00:00,91.0,23,2023-10-19 22:00:00+00:00,2023-10-20 22:00:00+00:00
2023-10-20 21:00:00+00:00,68.0,24,2023-10-19 22:00:00+00:00,2023-10-20 22:00:00+00:00
2023-10-20 22:00:00+00:00,53.1,1,2023-10-20 22:00:00+00:00,2023-10-21 22:00:00+00:00
2023-10-20 23:00:00+00:00,37.27,2,2023-10-20 22:00:00+00:00,2023-10-21 22:00:00+00:00
2023-10-21 00:00:00+00:00,39.74,3,2023-10-20 22:00:00+00:00,2023-10-21 22:00:00+00:00
2023-10-21 01:00:00+00:00,34.62,4,2023-10-20 22:00:00+00:00,2023-10-21 22:00:00+00:00
2023-10-21 02:00:00+00:00,40.46,5,2023-10-20 22:00:00+00:00,2023-10-21 22:00:00+00:00
2023-10-21 03:00:00+00:00,35.52,6,2023-10-20 22:00:00+00:00,2023-10-21 22:00:00+00:00
2023-10-21 04:00:00+00:00,41.62,7,2023-10-20 22:00:00+00:00,2023-10-21 22:00:00+00:00
2023-10-21 05:00:00+00:00,63.83,8,2023-10-20 22:00:00+00:00,2023-10-21 22:00:00+00:00
2023-10-21 06:00:00+00:00,74.71,9,2023-10-20 22:00:00+00:00,2023-10-21 22:00:00+00:00
2023-10-21 07:00:00+00:00,59.0,10,2023-10-20 22:00:00+00:00,2023-10-21 22:00:00+00:00
2023-10-21 08:00:00+00:00,44.83,11,2023-10-20 22:00:00+00:00,2023-10-21 22:00:00+00:00
2023-10-21 09:00:00+00:00,31.1,12,2023-10-20 22:00:00+00:00,2023-10-21 22:00:00+00:00
2023-10-21 10:00:00+00:00,20.8,13,2023-10-20 22:00:00+00:00,2023-10-21 22:00:00+00:00
2023-10-21 11:00:00+00:00,10.0,14,2023-10-20 22:00:00+00:00,2023-10-21 22:00:00+00:00
2023-10-21 12:00:00+00:00,13.21,15,2023-10-20 22:00:00+00:00,2023-10-21 22:00:00+00:00
2023-10-21 13:00:00+00:00,26.65,16,2023-10-20 22:00:00+00:00,2023-10-21 22:00:00+00:00
2023-10-21 14:00:00+00:00,61.59,17,2023-10-20 22:00:00+00:00,2023-10-21 22:00:00+00:00
2023-10-21 15:00:00+00:00,92.85,18,2023-10-20 22:00:00+00:00,2023-10-21 22:00:00+00:00
2023-10-21 16:00:00+00:00,114.82,19,2023-10-20 22:00:00+00:00,2023-10-21 22:00:00+00:00
2023-10-21 17:00:00+00:00,114.75,20,2023-10-20 22:00:00+00:00,2023-10-21 22:00:00+00:00
2023-10-21 18:00:00+00:00,90.0,21,2023-10-20 22:00:00+00:00,2023-10-21 22:00:00+00:00
2023-10-21 19:00:00+00:00,52.65,22,2023-10-20 22:00:00+00:00,2023-10-21 22:00:00+00:00
2023-10-21 20:00:00+00:00,48.93,23,2023-10-20 22:00:00+00:00,2023-10-21 22:00:00+00:00
2023-10-21 21:00:00+00:00,40.15,24,2023-10-20 22:00:00+00:00,2023-10-21 22:00:00+00:00
2023-10-21 22:00:00+00:00,39.37,1,2023-10-21 22:00:00+00:00,2023-10-22 22:00:00+00:00
2023-10-21 23:00:00+00:00,30.36,2,2023-10-21 22:00:00+00:00,2023-10-22 22:00:00+00:00
2023-10-22 00:00:00+00:00,18.59,3,2023-10-21 22:00:00+00:00,2023-10-22 22:00:00+00:00
2023-10-22 01:00:00+00:00,15.63,4,2023-10-21 22:00:00+00:00,2023-10-22 22:00:00+00:00
2023-10-22 02:00:00+00:00,18.35,5,2023-10-21 22:00:00+00:00,2023-10-22 22:00:00+00:00
2023-10-22 03:00:00+00:00,34.32,6,2023-10-21 22:00:00+00:00,2023-10-22 22:00:00+00:00
2023-10-22 04:00:00+00:00,30.26,7,2023-10-21 22:00:00+00:00,2023-10-22 22:00:00+00:00
2023-10-22 05:00:00+00:00,58.2,8,2023-10-21 22:00:00+00:00,2023-10-22 22:00:00+00:00
2023-10-22 06:00:00+00:00,54.89,9,2023-10-21 22:00:00+00:00,2023-10-22 22:00:00+00:00
2023-10-22 07:00:00+00:00,64.9,10,2023-10-21 22:00:00+00:00,2023-10-22 22:00:00+00:00
2023-10-22 08:00:00+00:00,51.94,11,2023-10-21 22:00:00+00:00,2023-10-22 22:00:00+00:00
2023-10-22 09:00:00+00:00,48.84,12,2023-10-21 22:00:00+00:00,2023-10-22 22:00:00+00:00
2023-10-22 10:00:00+00:00,44.99,13,2023-10-21 22:00:00+00:00,2023-10-22 22:00:00+00:00
2023-10-22 11:00:00+00:00,29.19,14,2023-10-21 22:00:00+00:00,2023-10-22 22:00:00+00:00
2023-10-22 12:00:00+00:00,30.84,15,2023-10-21 22:00:00+00:00,2023-10-22 22:00:00+00:00
2023-10-22 13:00:00+00:00,51.54,16,2023-10-21 22:00:00+00:00,2023-10-22 22:00:00+00:00
2023-10-22 14:00:00+00:00,75.93,17,2023-10-21 22:00:00+00:00,2023-10-22 22:00:00+00:00
2023-10-22 15:00:00+00:00,129.45,18,2023-10-21 22:00:00+00:00,2023-10-22 22:00:00+00:00
2023-10-22 16:00:00+00:00,149.9,19,2023-10-21 22:00:00+00:00,2023-10-22 22:00:00+00:00
2023-10-22 17:00:00+00:00,149.94,20,2023-10-21 22:00:00+00:00,2023-10-22 22:00:00+00:00
2023-10-22 18:00:00+00:00,139.89,21,2023-10-21 22:00:00+00:00,2023-10-22 22:00:00+00:00
2023-10-22 19:00:00+00:00,112.47,22,2023-10-21 22:00:00+00:00,2023-10-22 22:00:00+00:00
2023-10-22 20:00:00+00:00,102.18,23,2023-10-21 22:00:00+00:00,2023-10-22 22:00:00+00:00
2023-10-22 21:00:00+00:00,101.09,24,2023-10-21 22:00:00+00:00,2023-10-22 22:00:00+00:00
2023-10-22 22:00:00+00:00,115.02,1,2023-10-22 22:00:00+00:00,2023-10-23 22:00:00+00:00
2023-10-22 23:00:00+00:00,101.0,2,2023-10-22 22:00:00+00:00,2023-10-23 22:00:00+00:00
2023-10-23 00:00:00+00:00,101.28,3,2023-10-22 22:00:00+00:00,2023-10-23 22:00:00+00:00
2023-10-23 01:00:00+00:00,100.22,4,2023-10-22 22:00:00+00:00,2023-10-23 22:00:00+00:00
2023-10-23 02:00:00+00:00,98.94,5,2023-10-22 22:00:00+00:00,2023-10-23 22:00:00+00:00
2023-10-23 03:00:00+00:00,105.98,6,2023-10-22 22:00:00+00:00,2023-10-23 22:00:00+00:00
2023-10-23 04:00:00+00:00,135.53,7,2023-10-22 22:00:00+00:00,2023-10-23 22:00:00+00:00
2023-10-23 05:00:00+00:00,173.6,8,2023-10-22 22:00:00+00:00,2023-10-23 22:00:00+00:00
2023-10-23 06:00:00+00:00,198.39,9,2023-10-22 22:00:00+00:00,2023-10-23 22:00:00+00:00
2023-10-23 07:00:00+00:00,151.81,10,2023-10-22 22:00:00+00:00,2023-10-23 22:00:00+00:00
2023-10-23 08:00:00+00:00,128.07,11,2023-10-22 22:00:00+00:00,2023-10-23 22:00:00+00:00
2023-10-23 09:00:00+00:00,109.03,12,2023-10-22 22:00:00+00:00,2023-10-23 22:00:00+00:00
2023-10-23 10:00:00+00:00,102.26,13,2023-10-22 22:00:00+00:00,2023-10-23 22:00:00+00:00
2023-10-23 11:00:00+00:00,103.22,14,2023-10-22 22:00:00+00:00,2023-10-23 22:00:00+00:00
2023-10-23 12:00:00+00:00,107.0,15,2023-10-22 22:00:00+00:00,2023-10-23 22:00:00+00:00
2023-10-23 13:00:00+00:00,125.07,16,2023-10-22 22:00:00+00:00,2023-10-23 22:00:00+00:00
2023-10-23 14:00:00+00:00,132.44,17,2023-10-22 22:00:00+00:00,2023-10-23 22:00:00+00:00
2023-10-23 15:00:00+00:00,147.25,18,2023-10-22 22:00:00+00:00,2023-10-23 22:00:00+00:00
2023-10-23 16:00:00+00:00,158.68,19,2023-10-22 22:00:00+00:00,2023-10-23 22:00:00+00:00
2023-10-23 17:00:00+00:00,154.7,20,2023-10-22 22:00:00+00:00,2023-10-23 22:00:00+00:00
2023-10-23 18:00:00+00:00,124.7,21,2023-10-22 22:00:00+00:00,2023-10-23 22:00:00+00:00
2023-10-23 19:00:00+00:00,103.82,22,2023-10-22 22:00:00+00:00,2023-10-23 22:00:00+00:00
2023-10-23 20:00:00+00:00,108.0,23,2023-10-22 22:00:00+00:00,2023-10-23 22:00:00+00:00
2023-10-23 21:00:00+00:00,92.76,24,2023-10-22 22:00:00+00:00,2023-10-23 22:00:00+00:00
2023-10-23 22:00:00+00:00,101.33,1,2023-10-23 22:00:00+00:00,2023-10-24 22:00:00+00:00
2023-10-23 23:00:00+00:00,97.21,2,2023-10-23 22:00:00+00:00,2023-10-24 22:00:00+00:00
2023-10-24 00:00:00+00:00,94.54,3,2023-10-23 22:00:00+00:00,2023-10-24 22:00:00+00:00
2023-10-24 01:00:00+00:00,89.46,4,2023-10-23 22:00:00+00:00,2023-10-24 22:00:00+00:00
2023-10-24 02:00:00+00:00,90.27,5,2023-10-23 22:00:00+00:00,2023-10-24 22:00:00+00:00
2023-10-24 03:00:00+00:00,94.45,6,2023-10-23 22:00:00+00:00,2023-10-24 22:00:00+00:00
2023-10-24 04:00:00+00:00,101.12,7,2023-10-23 22:00:00+00:00,2023-10-24 22:00:00+00:00
2023-10-24 05:00:00+00:00,119.67,8,2023-10-23 22:00:00+00:00,2023-10-24 22:00:00+00:00
2023-10-24 06:00:00+00:00,130.31,9,2023-10-23 22:00:00+00:00,2023-10-24 22:00:00+00:00
2023-10-24 07:00:00+00:00,136.35,10,2023-10-23 22:00:00+00:00,2023-10-24 22:00:00+00:00
2023-10-24 08:00:00+00:00,128.37,11,2023-10-23 22:00:00+00:00,2023-10-24 22:00:00+00:00
2023-10-24 09:00:00+00:00,125.0,12,2023-10-23 22:00:00+00:00,2023-10-24 22:00:00+00:00
2023-10-24 10:00:00+00:00,118.99,13,2023-10-23 22:00:00+00:00,2023-10-24 22:00:00+00:00
2023-10-24 11:00:00+00:00,112.54,14,2023-10-23 22:00:00+00:00,2023-10-24 22:00:00+00:00
2023-10-24 12:00:00+00:00,105.9,15,2023-10-23 22:00:00+00:00,2023-10-24 22:00:00+00:00
2023-10-24 13:00:00+00:00,100.1,16,2023-10-23 22:00:00+00:00,2023-10-24 22:00:00+00:00
2023-10-24 14:00:00+00:00,109.9,17,2023-10-23 22:00:00+00:00,2023-10-24 22:00:00+00:00
2023-10-24 15:00:00+00:00,137.94,18,2023-10-23 22:00:00+00:00,2023-10-24 22:00:00+00:00
2023-10-24 16:00:00+00:00,149.9,19,2023-10-23 22:00:00+00:00,2023-10-24 22:00:00+00:00
2023-10-24 17:00:00+00:00,154.15,20,2023-10-23 22:00:00+00:00,2023-10-24 22:00:00+00:00
2023-10-24 18:00:00+00:00,133.45,21,2023-10-23 22:00:00+00:00,2023-10-24 22:00:00+00:00
2023-10-24 19:00:00+00:00,119.31,22,2023-10-23 22:00:00+00:00,2023-10-24 22:00:00+00:00
2023-10-24 20:00:00+00:00,114.1,23,2023-10-23 22:00:00+00:00,2023-10-24 22:00:00+00:00
2023-10-24 21:00:00+00:00,102.78,24,2023-10-23 22:00:00+00:00,2023-10-24 22:00:00+00:00
2023-10-24 22:00:00+00:00,99.07,1,2023-10-24 22:00:00+00:00,2023-10-25 22:00:00+00:00
2023-10-24 23:00:00+00:00,94.56,2,2023-10-24 22:00:00+00:00,2023-10-25 22:00:00+00:00
2023-10-25 00:00:00+00:00,91.0,3,2023-10-24 22:00:00+00:00,2023-10-25 22:00:00+00:00
2023-10-25 01:00:00+00:00,91.68,4,2023-10-24 22:00:00+00:00,2023-10-25 22:00:00+00:00
2023-10-25 02:00:00+00:00,96.35,5,2023-10-24 22:00:00+00:00,2023-10-25 22:00:00+00:00
2023-10-25 03:00:00+00:00,100.01,6,2023-10-24 22:00:00+00:00,2023-10-25 22:00:00+00:00
2023-10-25 04:00:00+00:00,118.96,7,2023-10-24 22:00:00+00:00,2023-10-25 22:00:00+00:00
2023-10-25 05:00:00+00:00,142.74,8,2023-10-24 22:00:00+00:00,2023-10-25 22:00:00+00:00
2023-10-25 06:00:00+00:00,150.5,9,2023-10-24 22:00:00+00:00,2023-10-25 22:00:00+00:00
2023-10-25 07:00:00+00:00,140.52,10,2023-10-24 22:00:00+00:00,2023-10-25 22:00:00+00:00
2023-10-25 08:00:00+00:00,129.57,11,2023-10-24 22:00:00+00:00,2023-10-25 22:00:00+00:00
2023-10-25 09:00:00+00:00,124.61,12,2023-10-24 22:00:00+00:00,2023-10-25 22:00:00+00:00
2023-10-25 10:00:00+00:00,117.39,13,2023-10-24 22:00:00+00:00,2023-10-25 22:00:00+00:00
2023-10-25 11:00:00+00:00,115.7,14,2023-10-24 22:00:00+00:00,2023-10-25 22:00:00+00:00
2023-10-25 12:00:00+00:00,124.47,15,2023-10-24 22:00:00+00:00,2023-10-25 22:00:00+00:00
2023-10-25 13:00:00+00:00,130.98,16,2023-10-24 22:00:00+00:00,2023-10-25 22:00:00+00:00
2023-10-25 14:00:00+00:00,144.35,17,2023-10-24 22:00:00+00:00,2023-10-25 22:00:00+00:00
2023-10-25 15:00:00+00:00,152.71,18,2023-10-24 22:00:00+00:00,2023-10-25 22:00:00+00:00
2023-10-25 16:00:00+00:00,153.73,19,2023-10-24 22:00:00+00:00,2023-10-25 22:00:00+00:00
2023-10-25 17:00:00+00:00,157.9,20,2023-10-24 22:00:00+00:00,2023-10-25 22:00:00+00:00
2023-10-25 18:00:00+00:00,137.18,21,2023-10-24 22:00:00+00:00,2023-10-25 22:00:00+00:00
2023-10-25 19:00:00+00:00,123.66,22,2023-10-24 22:00:00+00:00,2023-10-25 22:00:00+00:00
2023-10-25 20:00:00+00:00,120.06,23,2023-10-24 22:00:00+00:00,2023-10-25 22:00:00+00:00
2023-10-25 21:00:00+00:00,112.8,24,2023-10-24 22:00:00+00:00,2023-10-25 22:00:00+00:00
2023-10-25 22:00:00+00:00,104.4,1,2023-10-25 22:00:00+00:00,2023-10-26 22:00:00+00:00
2023-10-25 23:00:00+00:00,106.0,2,2023-10-25 22:00:00+00:00,2023-10-26 22:00:00+00:00
2023-10-26 00:00:00+00:00,109.0,3,2023-10-25 22:00:00+00:00,2023-10-26 22:00:00+00:00
2023-10-26 01:00:00+00:00,99.96,4,2023-10-25 22:00:00+00:00,2023-10-26 22:00:00+00:00
2023-10-26 02:00:00+00:00,100.0,5,2023-10-25 22:00:00+00:00,2023-10-26 22:00:00+00:00
2023-10-26 04:00:00+00:00,117.32,7,2023-10-25 22:00:00+00:00,2023-10-26 22:00:00+00:00
2023-10-26 05:00:00+00:00,133.79,8,2023-10-25 22:00:00+00:00,2023-10-26 22:00:00+00:00
2023-10-26 06:00:00+00:00,144.05,9,2023-10-25 22:00:00+00:00,2023-10-26 22:00:00+00:00
2023-10-26 07:00:00+00:00,149.0,10,2023-10-25 22:00:00+00:00,2023-10-26 22:00:00+00:00
2023-10-26 08:00:00+00:00,146.37,11,2023-10-25 22:00:00+00:00,2023-10-26 22:00:00+00:00
2023-10-26 09:00:00+00:00,140.0,12,2023-10-25 22:00:00+00:00,2023-10-26 22:00:00+00:00
2023-10-26 10:00:00+00:00,131.11,13,2023-10-25 22:00:00+00:00,2023-10-26 22:00:00+00:00
2023-10-26 11:00:00+00:00,120.09,14,2023-10-25 22:00:00+00:00,2023-10-26 22:00:00+00:00
2023-10-26 12:00:00+00:00,119.6,15,2023-10-25 22:00:00+00:00,2023-10-26 22:00:00+00:00
2023-10-26 13:00:00+00:00,118.21,16,2023-10-25 22:00:00+00:00,2023-10-26 22:00:00+00:00
2023-10-26 14:00:00+00:00,126.0,17,2023-10-25 22:00:00+00:00,2023-10-26 22:00:00+00:00
2023-10-26 15:00:00+00:00,137.98,18,2023-10-25 22:00:00+00:00,2023-10-26 22:00:00+00:00
2023-10-26 16:00:00+00:00,151.05,19,2023-10-25 22:00:00+00:00,2023-10-26 22:00:00+00:00
2023-10-26 17:00:00+00:00,151.08,20,2023-10-25 22:00:00+00:00,2023-10-26 22:00:00+00:00
2023-10-26 18:00:00+00:00,130.85,21,2023-10-25 22:00:00+00:00,2023-10-26 22:00:00+00:00
2023-10-26 19:00:00+00:00,119.07,22,2023-10-25 22:00:00+00:00,2023-10-26 22:00:00+00:00
2023-10-26 20:00:00+00:00,117.06,23,2023-10-25 22:00:00+00:00,2023-10-26 22:00:00+00:00
2023-10-26 21:00:00+00:00,104.85,24,2023-10-25 22:00:00+00:00,2023-10-26 22:00:00+00:00
2023-10-26 22:00:00+00:00,104.56,1,2023-10-26 22:00:00+00:00,2023-10-27 22:00:00+00:00
2023-10-26 23:00:00+00:00,97.61,2,2023-10-26 22:00:00+00:00,2023-10-27 22:00:00+00:00
2023-10-27 00:00:00+00:00,97.26,3,2023-10-26 22:00:00+00:00,2023-10-27 22:00:00+00:00
2023-10-27 01:00:00+00:00,98.9,4,2023-10-26 22:00:00+00:00,2023-10-27 22:00:00+00:00
2023-10-27 02:00:00+00:00,105.92,5,2023-10-26 22:00:00+00:00,2023-10-27 22:00:00+00:00
2023-10-27 03:00:00+00:00,108.84,6,2023-10-26 22:00:00+00:00,2023-10-27 22:00:00+00:00
2023-10-27 04:00:00+00:00,122.4,7,2023-10-26 22:00:00+00:00,2023-10-27 22:00:00+00:00
2023-10-27 05:00:00+00:00,139.4,8,2023-10-26 22:00:00+00:00,2023-10-27 22:00:00+00:00
2023-10-27 06:00:00+00:00,154.55,9,2023-10-26 22:00:00+00:00,2023-10-27 22:00:00+00:00
2023-10-27 07:00:00+00:00,152.7,10,2023-10-26 22:00:00+00:00,2023-10-27 22:00:00+00:00
2023-10-27 08:00:00+00:00,147.77,11,2023-10-26 22:00:00+00:00,2023-10-27 22:00:00+00:00
2023-10-27 09:00:00+00:00,142.53,12,2023-10-26 22:00:00+00:00,2023-10-27 22:00:00+00:00
2023-10-27 10:00:00+00:00,125.79,13,2023-10-26 22:00:00+00:00,2023-10-27 22:00:00+00:00
2023-10-27 11:00:00+00:00,112.19,14,2023-10-26 22:00:00+00:00,2023-10-27 22:00:00+00:00
2023-10-27 12:00:00+00:00,105.98,15,2023-10-26 22:00:00+00:00,2023-10-27 22:00:00+00:00
2023-10-27 13:00:00+00:00,102.79,16,2023-10-26 22:00:00+00:00,2023-10-27 22:00:00+00:00
2023-10-27 14:00:00+00:00,113.16,17,2023-10-26 22:00:00+00:00,2023-10-27 22:00:00+00:00
2023-10-27 15:00:00+00:00,125.88,18,2023-10-26 22:00:00+00:00,2023-10-27 22:00:00+00:00
2023-10-27 16:00:00+00:00,139.9,19,2023-10-26 22:00:00+00:00,2023-10-27 22:00:00+00:00
2023-10-27 17:00:00+00:00,140.6,20,2023-10-26 22:00:00+00:00,2023-10-27 22:00:00+00:00
2023-10-27 18:00:00+00:00,121.05,21,2023-10-26 22:00:00+00:00,2023-10-27 22:00:00+00:00
2023-10-27 19:00:00+00:00,100.13,22,2023-10-26 22:00:00+00:00,2023-10-27 22:00:00+00:00
2023-10-27 20:00:00+00:00,96.87,23,2023-10-26 22:00:00+00:00,2023-10-27 22:00:00+00:00
2023-10-27 21:00:00+00:00,93.7,24,2023-10-26 22:00:00+00:00,2023-10-27 22:00:00+00:00
2023-10-27 22:00:00+00:00,84.6,1,2023-10-27 22:00:00+00:00,2023-10-28 22:00:00+00:00
2023-10-27 23:00:00+00:00,68.61,2,2023-10-27 22:00:00+00:00,2023-10-28 22:00:00+00:00
2023-10-28 00:00:00+00:00,64.59,3,2023-10-27 22:00:00+00:00,2023-10-28 22:00:00+00:00
2023-10-28 01:00:00+00:00,55.0,4,2023-10-27 22:00:00+00:00,2023-10-28 22:00:00+00:00
2023-10-28 02:00:00+00:00,56.85,5,2023-10-27 22:00:00+00:00,2023-10-28 22:00:00+00:00
2023-10-28 03:00:00+00:00,60.26,6,2023-10-27 22:00:00+00:00,2023-10-28 22:00:00+00:00
2023-10-28 04:00:00+00:00,64.82,7,2023-10-27 22:00:00+00:00,2023-10-28 22:00:00+00:00
2023-10-28 05:00:00+00:00,74.0,8,2023-10-27 22:00:00+00:00,2023-10-28 22:00:00+00:00
2023-10-28 06:00:00+00:00,89.35,9,2023-10-27 22:00:00+00:00,2023-10-28 22:00:00+00:00
2023-10-28 07:00:00+00:00,89.74,10,2023-10-27 22:00:00+00:00,2023-10-28 22:00:00+00:00
2023-10-28 08:00:00+00:00,87.01,11,2023-10-27 22:00:00+00:00,2023-10-28 22:00:00+00:00
2023-10-28 09:00:00+00:00,69.54,12,2023-10-27 22:00:00+00:00,2023-10-28 22:00:00+00:00
2023-10-28 10:00:00+00:00,57.37,13,2023-10-27 22:00:00+00:00,2023-10-28 22:00:00+00:00
2023-10-28 11:00:00+00:00,52.56,14,2023-10-27 22:00:00+00:00,2023-10-28 22:00:00+00:00
2023-10-28 12:00:00+00:00,51.22,15,2023-10-27 22:00:00+00:00,2023-10-28 22:00:00+00:00
2023-10-28 13:00:00+00:00,72.93,16,2023-10-27 22:00:00+00:00,2023-10-28 22:00:00+00:00
2023-10-28 14:00:00+00:00,87.66,17,2023-10-27 22:00:00+00:00,2023-10-28 22:00:00+00:00
2023-10-28 15:00:00+00:00,115.2,18,2023-10-27 22:00:00+00:00,2023-10-28 22:00:00+00:00
2023-10-28 16:00:00+00:00,132.0,19,2023-10-27 22:00:00+00:00,2023-10-28 22:00:00+00:00
2023-10-28 17:00:00+00:00,105.76,20,2023-10-27 22:00:00+00:00,2023-10-28 22:00:00+00:00
2023-10-28 18:00:00+00:00,79.86,21,2023-10-27 22:00:00+00:00,2023-10-28 22:00:00+00:00
2023-10-28 19:00:00+00:00,50.84,22,2023-10-27 22:00:00+00:00,2023-10-28 22:00:00+00:00
2023-10-28 20:00:00+00:00,37.83,23,2023-10-27 22:00:00+00:00,2023-10-28 22:00:00+00:00
2023-10-28 21:00:00+00:00,17.62,24,2023-10-27 22:00:00+00:00,2023-10-28 22:00:00+00:00
2023-10-28 22:00:00+00:00,5.34,1,2023-10-28 22:00:00+00:00,2023-10-29 23:00:00+00:00
2023-10-28 23:00:00+00:00,-2.76,2,2023-10-28 22:00:00+00:00,2023-10-29 23:00:00+00:00
2023-10-29 00:00:00+00:00,-1.93,3,2023-10-28 22:00:00+00:00,2023-10-29 23:00:00+00:00
2023-10-29 01:00:00+00:00,-1.59,4,2023-10-28 22:00:00+00:00,2023-10-29 23:00:00+00:00
2023-10-29 02:00:00+00:00,-1.54,5,2023-10-28 22:00:00+00:00,2023-10-29 23:00:00+00:00
2023-10-29 03:00:00+00:00,-1.67,6,2023-10-28 22:00:00+00:00,2023-10-29 23:00:00+00:00
2023-10-29 04:00:00+00:00,-1.84,7,2023-10-28 22:00:00+00:00,2023-10-29 23:00:00+00:00
2023-10-29 05:00:00+00:00,-1.0,8,2023-10-28 22:00:00+00:00,2023-10-29 23:00:00+00:00
2023-10-29 06:00:00+00:00,-1.05,9,2023-10-28 22:00:00+00:00,2023-10-29 23:00:00+00:00
2023-10-29 07:00:00+00:00,-0.82,10,2023-10-28 22:00:00+00:00,2023-10-29 23:00:00+00:00
2023-10-29 08:00:00+00:00,-0.81,11,2023-10-28 22:00:00+00:00,2023-10-29 23:00:00+00:00
2023-10-29 09:00:00+00:00,-0.8,12,2023-10-28 22:00:00+00:00,2023-10-29 23:00:00+00:00
2023-10-29 10:00:00+00:00,-0.58,13,2023-10-28 22:00:00+00:00,2023-10-29 23:00:00+00:00
2023-10-29 11:00:00+00:00,0.0,14,2023-10-28 22:00:00+00:00,2023-10-29 23:00:00+00:00
2023-10-29 13:00:00+00:00,9.59,16,2023-10-28 22:00:00+00:00,2023-10-29 23:00:00+00:00
2023-10-29 14:00:00+00:00,34.82,17,2023-10-28 22:00:00+00:00,2023-10-29 23:00:00+00:00
2023-10-29 15:00:00+00:00,84.89,18,2023-10-28 22:00:00+00:00,2023-10-29 23:00:00+00:00
2023-10-29 16:00:00+00:00,109.89,19,2023-10-28 22:00:00+00:00,2023-10-29 23:00:00+00:00
2023-10-29 17:00:00+00:00,102.7,20,2023-10-28 22:00:00+00:00,2023-10-29 23:00:00+00:00
2023-10-29 18:00:00+00:00,75.0,21,2023-10-28 22:00:00+00:00,2023-10-29 23:00:00+00:00
2023-10-29 19:00:00+00:00,62.41,22,2023-10-28 22:00:00+00:00,2023-10-29 23:00:00+00:00
2023-10-29 20:00:00+00:00,54.27,23,2023-10-28 22:00:00+00:00,2023-10-29 23:00:00+00:00
2023-10-29 21:00:00+00:00,52.0,24,2023-10-28 22:00:00+00:00,2023-10-29 23:00:00+00:00
2023-10-29 22:00:00+00:00,38.47,25,2023-10-28 22:00:00+00:00,2023-10-29 23:00:00+00:00
2023-10-29 23:00:00+00:00,8.0,1,2023-10-29 23:00:00+00:00,2023-10-30 23:00:00+00:00
2023-10-30 00:00:00+00:00,8.13,2,2023-10-29 23:00:00+00:00,2023-10-30 23:00:00+00:00
2023-10-30 01:00:00+00:00,8.36,3,2023-10-29 23:00:00+00:00,2023-10-30 23:00:00+00:00
2023-10-30 02:00:00+00:00,10.02,4,2023-10-29 23:00:00+00:00,2023-10-30 23:00:00+00:00
2023-10-30 03:00:00+00:00,13.9,5,2023-10-29 23:00:00+00:00,2023-10-30 23:00:00+00:00
2023-10-30 04:00:00+00:00,23.27,6,2023-10-29 23:00:00+00:00,2023-10-30 23:00:00+00:00
2023-10-30 05:00:00+00:00,79.2,7,2023-10-29 23:00:00+00:00,2023-10-30 23:00:00+00:00
2023-10-30 06:00:00+00:00,105.91,8,2023-10-29 23:00:00+00:00,2023-10-30 23:00:00+00:00
2023-10-30 07:00:00+00:00,111.0,9,2023-10-29 23:00:00+00:00,2023-10-30 23:00:00+00:00
2023-10-30 08:00:00+00:00,103.0,10,2023-10-29 23:00:00+00:00,2023-10-30 23:00:00+00:00
2023-10-30 09:00:00+00:00,90.0,11,2023-10-29 23:00:00+00:00,2023-10-30 23:00:00+00:00
2023-10-30 10:00:00+00:00,96.17,12,2023-10-29 23:00:00+00:00,2023-10-30 23:00:00+00:00
2023-10-30 11:00:00+00:00,102.54,13,2023-10-29 23:00:00+00:00,2023-10-30 23:00:00+00:00
2023-10-30 12:00:00+00:00,114.62,14,2023-10-29 23:00:00+00:00,2023-10-30 23:00:00+00:00
2023-10-30 13:00:00+00:00,123.98,15,2023-10-29 23:00:00+00:00,2023-10-30 23:00:00+00:00
2023-10-30 14:00:00+00:00,139.45,16,2023-10-29 23:00:00+00:00,2023-10-30 23:00:00+00:00
2023-10-30 15:00:00+00:00,145.4,17,2023-10-29 23:00:00+00:00,2023-10-30 23:00:00+00:00
2023-10-30 16:00:00+00:00,165.84,18,2023-10-29 23:00:00+00:00,2023-10-30 23:00:00+00:00
2023-10-30 17:00:00+00:00,171.0,19,2023-10-29 23:00:00+00:00,2023-10-30 23:00:00+00:00
2023-10-30 18:00:00+00:00,151.13,20,2023-10-29 23:00:00+00:00,2023-10-30 23:00:00+00:00
2023-10-30 19:00:00+00:00,129.03,21,2023-10-29 23:00:00+00:00,2023-10-30 23:00:00+00:00
2023-10-30 20:00:00+00:00,114.88,22,2023-10-29 23:00:00+00:00,2023-10-30 23:00:00+00:00
2023-10-30 21:00:00+00:00,128.0,23,2023-10-29 23:00:00+00:00,2023-10-30 23:00:00+00:00
2023-10-30 22:00:00+00:00,114.26,24,2023-10-29 23:00:00+00:00,2023-10-30 23:00:00+00:00
2023-10-30 23:00:00+00:00,86.05,1,2023-10-30 23:00:00+00:00,2023-10-31 23:00:00+00:00
2023-10-31 00:00:00+00:00,79.2,2,2023-10-30 23:00:00+00:00,2023-10-31 23:00:00+00:00
2023-10-31 01:00:00+00:00,71.96,3,2023-10-30 23:00:00+00:00,2023-10-31 23:00:00+00:00
2023-10-31 02:00:00+00:00,64.8,4,2023-10-30 23:00:00+00:00,2023-10-31 23:00:00+00:00
2023-10-31 03:00:00+00:00,76.0,5,2023-10-30 23:00:00+00:00,2023-10-31 23:00:00+00:00
2023-10-31 04:00:00+00:00,92.26,6,2023-10-30 23:00:00+00:00,2023-10-31 23:00:00+00:00
2023-10-31 05:00:00+00:00,107.14,7,2023-10-30 23:00:00+00:00,2023-10-31 23:00:00+00:00
2023-10-31 06:00:00+00:00,130.1,8,2023-10-30 23:00:00+00:00,2023-10-31 23:00:00+00:00
2023-10-31 07:00:00+00:00,171.8,9,2023-10-30 23:00:00+00:00,2023-10-31 23:00:00+00:00
2023-10-31 08:00:00+00:00,156.14,10,2023-10-30 23:00:00+00:00,2023-10-31 23:00:00+00:00
2023-10-31 09:00:00+00:00,129.35,11,2023-10-30 23:00:00+00:00,2023-10-31 23:00:00+00:00
2023-10-31 10:00:00+00:00,111.6,12,2023-10-30 23:00:00+00:00,2023-10-31 23:00:00+00:00
2023-10-31 11:00:00+00:00,106.0,13,2023-10-30 23:00:00+00:00,2023-10-31 23:00:00+00:00
2023-10-31 12:00:00+00:00,113.65,14,2023-10-30 23:00:00+00:00,2023-10-31 23:00:00+00:00
2023-10-31 13:00:00+00:00,120.66,15,2023-10-30 23:00:00+00:00,2023-10-31 23:00:00+00:00
2023-10-31 14:00:00+00:00,122.4,16,2023-10-30 23:00:00+00:00,2023-10-31 23:00:00+00:00
2023-10-31 15:00:00+00:00,135.11,17,2023-10-30 23:00:00+00:00,2023-10-31 23:00:00+00:00
2023-10-31 16:00:00+00:00,161.81,18,2023-10-30 23:00:00+00:00,2023-10-31 23:00:00+00:00
2023-10-31 17:00:00+00:00,172.04,19,2023-10-30 23:00:00+00:00,2023-10-31 23:00:00+00:00
2023-10-31 18:00:00+00:00,152.92,20,2023-10-30 23:00:00+00:00,2023-10-31 23:00:00+00:00
2023-10-31 19:00:00+00:00,125.88,21,2023-10-30 23:00:00+00:00,2023-10-31 23:00:00+00:00
2023-10-31 20:00:00+00:00,115.92,22,2023-10-30 23:00:00+00:00,2023-10-31 23:00:00+00:00
2023-10-31 21:00:00+00:00,122.2,23,2023-10-30 23:00:00+00:00,2023-10-31 23:00:00+00:00
2023-10-31 22:00:00+00:00,106.5,24,2023-10-30 23:00:00+00:00,2023-10-31 23:00:00+00:00
2023-10-31 23:00:00+00:00,65.45,1,2023-10-31 23:00:00+00:00,2023-11-01 23:00:00+00:00
2023-10-31 23:00:00+00:00,65.45,1,2023-10-31 23:00:00+00:00,2023-11-01 23:00:00+00:00
2023-11-01 00:00:00+00:00,67.31,2,2023-10-31 23:00:00+00:00,2023-11-01 23:00:00+00:00
2023-11-01 00:00:00+00:00,67.31,2,2023-10-31 23:00:00+00:00,2023-11-01 23:00:00+00:00
2023-11-01 01:00:00+00:00,58.84,3,2023-10-31 23:00:00+00:00,2023-11-01 23:00:00+00:00
2023-11-01 01:00:00+00:00,58.84,3,2023-10-31 23:00:00+00:00,2023-11-01 23:00:00+00:00
2023-11-01 02:00:00+00:00,48.7,4,2023-10-31 23:00:00+00:00,2023-11-01 23:00:00+00:00
2023-11-01 02:00:00+00:00,48.7,4,2023-10-31 23:00:00+00:00,2023-11-01 23:00:00+00:00
2023-11-01 03:00:00+00:00,46.65,5,2023-10-31 23:00:00+00:00,2023-11-01 23:00:00+00:00
2023-11-01 03:00:00+00:00,46.65,5,2023-10-31 23:00:00+00:00,2023-11-01 23:00:00+00:00
2023-11-01 04:00:00+00:00,54.67,6,2023-10-31 23:00:00+00:00,2023-11-01 23:00:00+00:00
2023-11-01 04:00:00+00:00,54.67,6,2023-10-31 23:00:00+00:00,2023-11-01 23:00:00+00:00
2023-11-01 05:00:00+00:00,67.35,7,2023-10-31 23:00:00+00:00,2023-11-01 23:00:00+00:00
2023-11-01 05:00:00+00:00,67.35,7,2023-10-31 23:00:00+00:00,2023-11-01 23:00:00+00:00
2023-11-01 06:00:00+00:00,78.65,8,2023-10-31 23:00:00+00:00,2023-11-01 23:00:00+00:00
2023-11-01 06:00:00+00:00,78.65,8,2023-10-31 23:00:00+00:00,2023-11-01 23:00:00+00:00
2023-11-01 07:00:00+00:00,80.22,9,2023-10-31 23:00:00+00:00,2023-11-01 23:00:00+00:00
2023-11-01 07:00:00+00:00,80.22,9,2023-10-31 23:00:00+00:00,2023-11-01 23:00:00+00:00
2023-11-01 08:00:00+00:00,69.23,10,2023-10-31 23:00:00+00:00,2023-11-01 23:00:00+00:00
2023-11-01 08:00:00+00:00,69.23,10,2023-10-31 23:00:00+00:00,2023-11-01 23:00:00+00:00
2023-11-01 09:00:00+00:00,55.64,11,2023-10-31 23:00:00+00:00,2023-11-01 23:00:00+00:00
2023-11-01 09:00:00+00:00,55.64,11,2023-10-31 23:00:00+00:00,2023-11-01 23:00:00+00:00
2023-11-01 10:00:00+00:00,49.16,12,2023-10-31 23:00:00+00:00,2023-11-01 23:00:00+00:00
2023-11-01 10:00:00+00:00,49.16,12,2023-10-31 23:00:00+00:00,2023-11-01 23:00:00+00:00
2023-11-01 11:00:00+00:00,47.64,13,2023-10-31 23:00:00+00:00,2023-11-01 23:00:00+00:00
2023-11-01 11:00:00+00:00,47.64,13,2023-10-31 23:00:00+00:00,2023-11-01 23:00:00+00:00
2023-11-01 12:00:00+00:00,55.0,14,2023-10-31 23:00:00+00:00,2023-11-01 23:00:00+00:00
2023-11-01 12:00:00+00:00,55.0,14,2023-10-31 23:00:00+00:00,2023-11-01 23:00:00+00:00
2023-11-01 13:00:00+00:00,53.33,15,2023-10-31 23:00:00+00:00,2023-11-01 23:00:00+00:00
2023-11-01 13:00:00+00:00,53.33,15,2023-10-31 23:00:00+00:00,2023-11-01 23:00:00+00:00
2023-11-01 14:00:00+00:00,63.51,16,2023-10-31 23:00:00+00:00,2023-11-01 23:00:00+00:00
2023-11-01 14:00:00+00:00,63.51,16,2023-10-31 23:00:00+00:00,2023-11-01 23:00:00+00:00
2023-11-01 15:00:00+00:00,69.85,17,2023-10-31 23:00:00+00:00,2023-11-01 23:00:00+00:00
2023-11-01 15:00:00+00:00,69.85,17,2023-10-31 23:00:00+00:00,2023-11-01 23:00:00+00:00
2023-11-01 16:00:00+00:00,87.71,18,2023-10-31 23:00:00+00:00,2023-11-01 23:00:00+00:00
2023-11-01 16:00:00+00:00,87.71,18,2023-10-31 23:00:00+00:00,2023-11-01 23:00:00+00:00
2023-11-01 17:00:00+00:00,79.94,19,2023-10-31 23:00:00+00:00,2023-11-01 23:00:00+00:00
2023-11-01 17:00:00+00:00,79.94,19,2023-10-31 23:00:00+00:00,2023-11-01 23:00:00+00:00
2023-11-01 18:00:00+00:00,74.97,20,2023-10-31 23:00:00+00:00,2023-11-01 23:00:00+00:00
2023-11-01 18:00:00+00:00,74.97,20,2023-10-31 23:00:00+00:00,2023-11-01 23:00:00+00:00
2023-11-01 19:00:00+00:00,61.18,21,2023-10-31 23:00:00+00:00,2023-11-01 23:00:00+00:00
2023-11-01 19:00:00+00:00,61.18,21,2023-10-31 23:00:00+00:00,2023-11-01 23:00:00+00:00
2023-11-01 20:00:00+00:00,39.83,22,2023-10-31 23:00:00+00:00,2023-11-01 23:00:00+00:00
2023-11-01 20:00:00+00:00,39.83,22,2023-10-31 23:00:00+00:00,2023-11-01 23:00:00+00:00
2023-11-01 21:00:00+00:00,48.4,23,2023-10-31 23:00:00+00:00,2023-11-01 23:00:00+00:00
2023-11-01 21:00:00+00:00,48.4,23,2023-10-31 23:00:00+00:00,2023-11-01 23:00:00+00:00
2023-11-01 22:00:00+00:00,28.2,24,2023-10-31 23:00:00+00:00,2023-11-01 23:00:00+00:00
2023-11-01 22:00:00+00:00,28.2,24,2023-10-31 23:00:00+00:00,2023-11-01 23:00:00+00:00
2023-11-01 23:00:00+00:00,19.72,1,2023-11-01 23:00:00+00:00,2023-11-02 23:00:00+00:00
2023-11-02 00:00:00+00:00,11.44,2,2023-11-01 23:00:00+00:00,2023-11-02 23:00:00+00:00
2023-11-02 01:00:00+00:00,9.14,3,2023-11-01 23:00:00+00:00,2023-11-02 23:00:00+00:00
2023-11-02 02:00:00+00:00,6.67,4,2023-11-01 23:00:00+00:00,2023-11-02 23:00:00+00:00
2023-11-02 03:00:00+00:00,7.0,5,2023-11-01 23:00:00+00:00,2023-11-02 23:00:00+00:00
2023-11-02 04:00:00+00:00,7.86,6,2023-11-01 23:00:00+00:00,2023-11-02 23:00:00+00:00
2023-11-02 05:00:00+00:00,38.8,7,2023-11-01 23:00:00+00:00,2023-11-02 23:00:00+00:00
2023-11-02 06:00:00+00:00,74.79,8,2023-11-01 23:00:00+00:00,2023-11-02 23:00:00+00:00
2023-11-02 07:00:00+00:00,102.32,9,2023-11-01 23:00:00+00:00,2023-11-02 23:00:00+00:00
2023-11-02 08:00:00+00:00,77.39,10,2023-11-01 23:00:00+00:00,2023-11-02 23:00:00+00:00
2023-11-02 09:00:00+00:00,60.9,11,2023-11-01 23:00:00+00:00,2023-11-02 23:00:00+00:00
2023-11-02 10:00:00+00:00,63.2,12,2023-11-01 23:00:00+00:00,2023-11-02 23:00:00+00:00
2023-11-02 11:00:00+00:00,63.7,13,2023-11-01 23:00:00+00:00,2023-11-02 23:00:00+00:00
2023-11-02 12:00:00+00:00,64.3,14,2023-11-01 23:00:00+00:00,2023-11-02 23:00:00+00:00
2023-11-02 13:00:00+00:00,85.95,15,2023-11-01 23:00:00+00:00,2023-11-02 23:00:00+00:00
2023-11-02 14:00:00+00:00,124.0,16,2023-11-01 23:00:00+00:00,2023-11-02 23:00:00+00:00
2023-11-02 15:00:00+00:00,129.89,17,2023-11-01 23:00:00+00:00,2023-11-02 23:00:00+00:00
2023-11-02 16:00:00+00:00,141.39,18,2023-11-01 23:00:00+00:00,2023-11-02 23:00:00+00:00
2023-11-02 17:00:00+00:00,144.0,19,2023-11-01 23:00:00+00:00,2023-11-02 23:00:00+00:00
2023-11-02 18:00:00+00:00,99.89,20,2023-11-01 23:00:00+00:00,2023-11-02 23:00:00+00:00
2023-11-02 19:00:00+00:00,87.83,21,2023-11-01 23:00:00+00:00,2023-11-02 23:00:00+00:00
2023-11-02 20:00:00+00:00,75.99,22,2023-11-01 23:00:00+00:00,2023-11-02 23:00:00+00:00
2023-11-02 21:00:00+00:00,72.27,23,2023-11-01 23:00:00+00:00,2023-11-02 23:00:00+00:00
2023-11-02 22:00:00+00:00,57.04,24,2023-11-01 23:00:00+00:00,2023-11-02 23:00:00+00:00
2023-11-02 23:00:00+00:00,15.17,1,2023-11-02 23:00:00+00:00,2023-11-03 23:00:00+00:00
2023-11-03 00:00:00+00:00,11.47,2,2023-11-02 23:00:00+00:00,2023-11-03 23:00:00+00:00
2023-11-03 01:00:00+00:00,10.0,3,2023-11-02 23:00:00+00:00,2023-11-03 23:00:00+00:00
2023-11-03 02:00:00+00:00,5.73,4,2023-11-02 23:00:00+00:00,2023-11-03 23:00:00+00:00
2023-11-03 03:00:00+00:00,9.73,5,2023-11-02 23:00:00+00:00,2023-11-03 23:00:00+00:00
2023-11-03 04:00:00+00:00,23.6,6,2023-11-02 23:00:00+00:00,2023-11-03 23:00:00+00:00
2023-11-03 05:00:00+00:00,61.64,7,2023-11-02 23:00:00+00:00,2023-11-03 23:00:00+00:00
2023-11-03 06:00:00+00:00,90.28,8,2023-11-02 23:00:00+00:00,2023-11-03 23:00:00+00:00
2023-11-03 07:00:00+00:00,95.05,9,2023-11-02 23:00:00+00:00,2023-11-03 23:00:00+00:00
2023-11-03 08:00:00+00:00,89.59,10,2023-11-02 23:00:00+00:00,2023-11-03 23:00:00+00:00
2023-11-03 09:00:00+00:00,82.9,11,2023-11-02 23:00:00+00:00,2023-11-03 23:00:00+00:00
2023-11-03 10:00:00+00:00,74.7,12,2023-11-02 23:00:00+00:00,2023-11-03 23:00:00+00:00
2023-11-03 11:00:00+00:00,61.81,13,2023-11-02 23:00:00+00:00,2023-11-03 23:00:00+00:00
2023-11-03 12:00:00+00:00,60.85,14,2023-11-02 23:00:00+00:00,2023-11-03 23:00:00+00:00
2023-11-03 13:00:00+00:00,64.89,15,2023-11-02 23:00:00+00:00,2023-11-03 23:00:00+00:00
2023-11-03 14:00:00+00:00,69.89,16,2023-11-02 23:00:00+00:00,2023-11-03 23:00:00+00:00
2023-11-03 15:00:00+00:00,82.7,17,2023-11-02 23:00:00+00:00,2023-11-03 23:00:00+00:00
2023-11-03 16:00:00+00:00,110.1,18,2023-11-02 23:00:00+00:00,2023-11-03 23:00:00+00:00
2023-11-03 17:00:00+00:00,107.8,19,2023-11-02 23:00:00+00:00,2023-11-03 23:00:00+00:00
2023-11-03 18:00:00+00:00,91.5,20,2023-11-02 23:00:00+00:00,2023-11-03 23:00:00+00:00
2023-11-03 19:00:00+00:00,70.5,21,2023-11-02 23:00:00+00:00,2023-11-03 23:00:00+00:00
2023-11-03 20:00:00+00:00,54.89,22,2023-11-02 23:00:00+00:00,2023-11-03 23:00:00+00:00
2023-11-03 21:00:00+00:00,45.53,23,2023-11-02 23:00:00+00:00,2023-11-03 23:00:00+00:00
2023-11-03 22:00:00+00:00,30.0,24,2023-11-02 23:00:00+00:00,2023-11-03 23:00:00+00:00
2023-11-03 23:00:00+00:00,45.72,1,2023-11-03 23:00:00+00:00,2023-11-04 23:00:00+00:00
2023-11-04 00:00:00+00:00,32.06,2,2023-11-03 23:00:00+00:00,2023-11-04 23:00:00+00:00
2023-11-04 01:00:00+00:00,30.0,3,2023-11-03 23:00:00+00:00,2023-11-04 23:00:00+00:00
2023-11-04 02:00:00+00:00,22.01,4,2023-11-03 23:00:00+00:00,2023-11-04 23:00:00+00:00
2023-11-04 03:00:00+00:00,19.19,5,2023-11-03 23:00:00+00:00,2023-11-04 23:00:00+00:00
2023-11-04 04:00:00+00:00,15.4,6,2023-11-03 23:00:00+00:00,2023-11-04 23:00:00+00:00
2023-11-04 05:00:00+00:00,16.13,7,2023-11-03 23:00:00+00:00,2023-11-04 23:00:00+00:00
2023-11-04 06:00:00+00:00,25.08,8,2023-11-03 23:00:00+00:00,2023-11-04 23:00:00+00:00
2023-11-04 07:00:00+00:00,25.85,9,2023-11-03 23:00:00+00:00,2023-11-04 23:00:00+00:00
2023-11-04 08:00:00+00:00,20.0,10,2023-11-03 23:00:00+00:00,2023-11-04 23:00:00+00:00
2023-11-04 09:00:00+00:00,13.95,11,2023-11-03 23:00:00+00:00,2023-11-04 23:00:00+00:00
2023-11-04 10:00:00+00:00,15.2,12,2023-11-03 23:00:00+00:00,2023-11-04 23:00:00+00:00
2023-11-04 11:00:00+00:00,20.0,13,2023-11-03 23:00:00+00:00,2023-11-04 23:00:00+00:00
2023-11-04 12:00:00+00:00,21.14,14,2023-11-03 23:00:00+00:00,2023-11-04 23:00:00+00:00
2023-11-04 13:00:00+00:00,30.79,15,2023-11-03 23:00:00+00:00,2023-11-04 23:00:00+00:00
2023-11-04 14:00:00+00:00,42.69,16,2023-11-03 23:00:00+00:00,2023-11-04 23:00:00+00:00
2023-11-04 15:00:00+00:00,40.0,17,2023-11-03 23:00:00+00:00,2023-11-04 23:00:00+00:00
2023-11-04 16:00:00+00:00,59.0,18,2023-11-03 23:00:00+00:00,2023-11-04 23:00:00+00:00
2023-11-04 17:00:00+00:00,57.81,19,2023-11-03 23:00:00+00:00,2023-11-04 23:00:00+00:00
2023-11-04 18:00:00+00:00,53.3,20,2023-11-03 23:00:00+00:00,2023-11-04 23:00:00+00:00
2023-11-04 19:00:00+00:00,50.0,21,2023-11-03 23:00:00+00:00,2023-11-04 23:00:00+00:00
2023-11-04 20:00:00+00:00,34.09,22,2023-11-03 23:00:00+00:00,2023-11-04 23:00:00+00:00
2023-11-04 21:00:00+00:00,11.73,23,2023-11-03 23:00:00+00:00,2023-11-04 23:00:00+00:00
2023-11-04 22:00:00+00:00,7.05,24,2023-11-03 23:00:00+00:00,2023-11-04 23:00:00+00:00
2023-11-04 23:00:00+00:00,8.71,1,2023-11-04 23:00:00+00:00,2023-11-05 23:00:00+00:00
2023-11-05 00:00:00+00:00,6.59,2,2023-11-04 23:00:00+00:00,2023-11-05 23:00:00+00:00
2023-11-05 01:00:00+00:00,5.18,3,2023-11-04 23:00:00+00:00,2023-11-05 23:00:00+00:00
2023-11-05 02:00:00+00:00,2.98,4,2023-11-04 23:00:00+00:00,2023-11-05 23:00:00+00:00
2023-11-05 03:00:00+00:00,4.24,5,2023-11-04 23:00:00+00:00,2023-11-05 23:00:00+00:00
2023-11-05 04:00:00+00:00,7.99,6,2023-11-04 23:00:00+00:00,2023-11-05 23:00:00+00:00
2023-11-05 05:00:00+00:00,16.49,7,2023-11-04 23:00:00+00:00,2023-11-05 23:00:00+00:00
2023-11-05 06:00:00+00:00,55.1,8,2023-11-04 23:00:00+00:00,2023-11-05 23:00:00+00:00
2023-11-05 07:00:00+00:00,60.0,9,2023-11-04 23:00:00+00:00,2023-11-05 23:00:00+00:00
2023-11-05 08:00:00+00:00,51.47,10,2023-11-04 23:00:00+00:00,2023-11-05 23:00:00+00:00
2023-11-05 09:00:00+00:00,42.83,11,2023-11-04 23:00:00+00:00,2023-11-05 23:00:00+00:00
2023-11-05 10:00:00+00:00,43.45,12,2023-11-04 23:00:00+00:00,2023-11-05 23:00:00+00:00
2023-11-05 11:00:00+00:00,39.88,13,2023-11-04 23:00:00+00:00,2023-11-05 23:00:00+00:00
2023-11-05 12:00:00+00:00,26.39,14,2023-11-04 23:00:00+00:00,2023-11-05 23:00:00+00:00
2023-11-05 13:00:00+00:00,33.37,15,2023-11-04 23:00:00+00:00,2023-11-05 23:00:00+00:00
2023-11-05 14:00:00+00:00,51.29,16,2023-11-04 23:00:00+00:00,2023-11-05 23:00:00+00:00
2023-11-05 15:00:00+00:00,63.09,17,2023-11-04 23:00:00+00:00,2023-11-05 23:00:00+00:00
2023-11-05 16:00:00+00:00,74.91,18,2023-11-04 23:00:00+00:00,2023-11-05 23:00:00+00:00
2023-11-05 17:00:00+00:00,72.71,19,2023-11-04 23:00:00+00:00,2023-11-05 23:00:00+00:00
2023-11-05 18:00:00+00:00,59.21,20,2023-11-04 23:00:00+00:00,2023-11-05 23:00:00+00:00
2023-11-05 19:00:00+00:00,50.1,21,2023-11-04 23:00:00+00:00,2023-11-05 23:00:00+00:00
2023-11-05 20:00:00+00:00,51.55,22,2023-11-04 23:00:00+00:00,2023-11-05 23:00:00+00:00
2023-11-05 21:00:00+00:00,50.1,23,2023-11-04 23:00:00+00:00,2023-11-05 23:00:00+00:00
2023-11-05 22:00:00+00:00,45.89,24,2023-11-04 23:00:00+00:00,2023-11-05 23:00:00+00:00
2023-11-05 23:00:00+00:00,47.24,1,2023-11-05 23:00:00+00:00,2023-11-06 23:00:00+00:00
2023-11-06 00:00:00+00:00,31.89,2,2023-11-05 23:00:00+00:00,2023-11-06 23:00:00+00:00
2023-11-06 01:00:00+00:00,16.75,3,2023-11-05 23:00:00+00:00,2023-11-06 23:00:00+00:00
2023-11-06 02:00:00+00:00,6.78,4,2023-11-05 23:00:00+00:00,2023-11-06 23:00:00+00:00
2023-11-06 03:00:00+00:00,4.3,5,2023-11-05 23:00:00+00:00,2023-11-06 23:00:00+00:00
2023-11-06 04:00:00+00:00,16.93,6,2023-11-05 23:00:00+00:00,2023-11-06 23:00:00+00:00
2023-11-06 05:00:00+00:00,72.75,7,2023-11-05 23:00:00+00:00,2023-11-06 23:00:00+00:00
2023-11-06 06:00:00+00:00,96.21,8,2023-11-05 23:00:00+00:00,2023-11-06 23:00:00+00:00
2023-11-06 07:00:00+00:00,104.47,9,2023-11-05 23:00:00+00:00,2023-11-06 23:00:00+00:00
2023-11-06 08:00:00+00:00,86.0,10,2023-11-05 23:00:00+00:00,2023-11-06 23:00:00+00:00
2023-11-06 09:00:00+00:00,63.99,11,2023-11-05 23:00:00+00:00,2023-11-06 23:00:00+00:00
2023-11-06 10:00:00+00:00,60.15,12,2023-11-05 23:00:00+00:00,2023-11-06 23:00:00+00:00
2023-11-06 11:00:00+00:00,58.05,13,2023-11-05 23:00:00+00:00,2023-11-06 23:00:00+00:00
2023-11-06 12:00:00+00:00,66.98,14,2023-11-05 23:00:00+00:00,2023-11-06 23:00:00+00:00
2023-11-06 13:00:00+00:00,80.34,15,2023-11-05 23:00:00+00:00,2023-11-06 23:00:00+00:00
2023-11-06 14:00:00+00:00,100.0,16,2023-11-05 23:00:00+00:00,2023-11-06 23:00:00+00:00
2023-11-06 15:00:00+00:00,112.46,17,2023-11-05 23:00:00+00:00,2023-11-06 23:00:00+00:00
2023-11-06 16:00:00+00:00,138.0,18,2023-11-05 23:00:00+00:00,2023-11-06 23:00:00+00:00
2023-11-06 17:00:00+00:00,151.19,19,2023-11-05 23:00:00+00:00,2023-11-06 23:00:00+00:00
2023-11-06 18:00:00+00:00,139.77,20,2023-11-05 23:00:00+00:00,2023-11-06 23:00:00+00:00
2023-11-06 19:00:00+00:00,111.49,21,2023-11-05 23:00:00+00:00,2023-11-06 23:00:00+00:00
2023-11-06 20:00:00+00:00,105.92,22,2023-11-05 23:00:00+00:00,2023-11-06 23:00:00+00:00
2023-11-06 21:00:00+00:00,99.27,23,2023-11-05 23:00:00+00:00,2023-11-06 23:00:00+00:00
2023-11-06 22:00:00+00:00,92.0,24,2023-11-05 23:00:00+00:00,2023-11-06 23:00:00+00:00
2023-11-06 23:00:00+00:00,92.07,1,2023-11-06 23:00:00+00:00,2023-11-07 23:00:00+00:00
2023-11-07 00:00:00+00:00,76.38,2,2023-11-06 23:00:00+00:00,2023-11-07 23:00:00+00:00
2023-11-07 01:00:00+00:00,71.18,3,2023-11-06 23:00:00+00:00,2023-11-07 23:00:00+00:00
2023-11-07 02:00:00+00:00,68.01,4,2023-11-06 23:00:00+00:00,2023-11-07 23:00:00+00:00
2023-11-07 03:00:00+00:00,70.25,5,2023-11-06 23:00:00+00:00,2023-11-07 23:00:00+00:00
2023-11-07 04:00:00+00:00,83.41,6,2023-11-06 23:00:00+00:00,2023-11-07 23:00:00+00:00
2023-11-07 05:00:00+00:00,101.49,7,2023-11-06 23:00:00+00:00,2023-11-07 23:00:00+00:00
2023-11-07 06:00:00+00:00,132.93,8,2023-11-06 23:00:00+00:00,2023-11-07 23:00:00+00:00
2023-11-07 07:00:00+00:00,136.45,9,2023-11-06 23:00:00+00:00,2023-11-07 23:00:00+00:00
2023-11-07 08:00:00+00:00,127.0,10,2023-11-06 23:00:00+00:00,2023-11-07 23:00:00+00:00
2023-11-07 09:00:00+00:00,99.55,11,2023-11-06 23:00:00+00:00,2023-11-07 23:00:00+00:00
2023-11-07 10:00:00+00:00,89.03,12,2023-11-06 23:00:00+00:00,2023-11-07 23:00:00+00:00
2023-11-07 11:00:00+00:00,86.21,13,2023-11-06 23:00:00+00:00,2023-11-07 23:00:00+00:00
2023-11-07 12:00:00+00:00,88.79,14,2023-11-06 23:00:00+00:00,2023-11-07 23:00:00+00:00
2023-11-07 13:00:00+00:00,97.9,15,2023-11-06 23:00:00+00:00,2023-11-07 23:00:00+00:00
2023-11-07 14:00:00+00:00,108.4,16,2023-11-06 23:00:00+00:00,2023-11-07 23:00:00+00:00
2023-11-07 15:00:00+00:00,113.24,17,2023-11-06 23:00:00+00:00,2023-11-07 23:00:00+00:00
2023-11-07 16:00:00+00:00,137.18,18,2023-11-06 23:00:00+00:00,2023-11-07 23:00:00+00:00
2023-11-07 17:00:00+00:00,149.7,19,2023-11-06 23:00:00+00:00,2023-11-07 23:00:00+00:00
2023-11-07 18:00:00+00:00,132.8,20,2023-11-06 23:00:00+00:00,2023-11-07 23:00:00+00:00
2023-11-07 19:00:00+00:00,105.1,21,2023-11-06 23:00:00+00:00,2023-11-07 23:00:00+00:00
2023-11-07 20:00:00+00:00,92.98,22,2023-11-06 23:00:00+00:00,2023-11-07 23:00:00+00:00
2023-11-07 21:00:00+00:00,99.59,23,2023-11-06 23:00:00+00:00,2023-11-07 23:00:00+00:00
2023-11-07 22:00:00+00:00,98.46,24,2023-11-06 23:00:00+00:00,2023-11-07 23:00:00+00:00
2023-11-07 23:00:00+00:00,94.0,1,2023-11-07 23:00:00+00:00,2023-11-08 23:00:00+00:00
2023-11-08 00:00:00+00:00,86.56,2,2023-11-07 23:00:00+00:00,2023-11-08 23:00:00+00:00
2023-11-08 01:00:00+00:00,70.95,3,2023-11-07 23:00:00+00:00,2023-11-08 23:00:00+00:00
2023-11-08 02:00:00+00:00,64.47,4,2023-11-07 23:00:00+00:00,2023-11-08 23:00:00+00:00
2023-11-08 03:00:00+00:00,66.76,5,2023-11-07 23:00:00+00:00,2023-11-08 23:00:00+00:00
2023-11-08 04:00:00+00:00,75.01,6,2023-11-07 23:00:00+00:00,2023-11-08 23:00:00+00:00
2023-11-08 05:00:00+00:00,84.61,7,2023-11-07 23:00:00+00:00,2023-11-08 23:00:00+00:00
2023-11-08 06:00:00+00:00,107.68,8,2023-11-07 23:00:00+00:00,2023-11-08 23:00:00+00:00
2023-11-08 07:00:00+00:00,111.47,9,2023-11-07 23:00:00+00:00,2023-11-08 23:00:00+00:00
2023-11-08 08:00:00+00:00,93.73,10,2023-11-07 23:00:00+00:00,2023-11-08 23:00:00+00:00
2023-11-08 09:00:00+00:00,85.1,11,2023-11-07 23:00:00+00:00,2023-11-08 23:00:00+00:00
2023-11-08 10:00:00+00:00,78.85,12,2023-11-07 23:00:00+00:00,2023-11-08 23:00:00+00:00
2023-11-08 11:00:00+00:00,76.0,13,2023-11-07 23:00:00+00:00,2023-11-08 23:00:00+00:00
2023-11-08 12:00:00+00:00,76.28,14,2023-11-07 23:00:00+00:00,2023-11-08 23:00:00+00:00
2023-11-08 13:00:00+00:00,83.23,15,2023-11-07 23:00:00+00:00,2023-11-08 23:00:00+00:00
2023-11-08 14:00:00+00:00,104.7,16,2023-11-07 23:00:00+00:00,2023-11-08 23:00:00+00:00
2023-11-08 15:00:00+00:00,113.54,17,2023-11-07 23:00:00+00:00,2023-11-08 23:00:00+00:00
2023-11-08 16:00:00+00:00,119.14,18,2023-11-07 23:00:00+00:00,2023-11-08 23:00:00+00:00
2023-11-08 17:00:00+00:00,127.14,19,2023-11-07 23:00:00+00:00,2023-11-08 23:00:00+00:00
2023-11-08 18:00:00+00:00,121.0,20,2023-11-07 23:00:00+00:00,2023-11-08 23:00:00+00:00
2023-11-08 19:00:00+00:00,109.9,21,2023-11-07 23:00:00+00:00,2023-11-08 23:00:00+00:00
2023-11-08 20:00:00+00:00,107.0,22,2023-11-07 23:00:00+00:00,2023-11-08 23:00:00+00:00
2023-11-08 21:00:00+00:00,104.0,23,2023-11-07 23:00:00+00:00,2023-11-08 23:00:00+00:00
2023-11-08 22:00:00+00:00,101.65,24,2023-11-07 23:00:00+00:00,2023-11-08 23:00:00+00:00
2023-11-08 23:00:00+00:00,89.2,1,2023-11-08 23:00:00+00:00,2023-11-09 23:00:00+00:00
2023-11-09 00:00:00+00:00,99.03,2,2023-11-08 23:00:00+00:00,2023-11-09 23:00:00+00:00
2023-11-09 01:00:00+00:00,93.01,3,2023-11-08 23:00:00+00:00,2023-11-09 23:00:00+00:00
2023-11-09 02:00:00+00:00,90.0,4,2023-11-08 23:00:00+00:00,2023-11-09 23:00:00+00:00
2023-11-09 03:00:00+00:00,91.19,5,2023-11-08 23:00:00+00:00,2023-11-09 23:00:00+00:00
2023-11-09 04:00:00+00:00,88.3,6,2023-11-08 23:00:00+00:00,2023-11-09 23:00:00+00:00
2023-11-09 05:00:00+00:00,109.61,7,2023-11-08 23:00:00+00:00,2023-11-09 23:00:00+00:00
2023-11-09 06:00:00+00:00,120.06,8,2023-11-08 23:00:00+00:00,2023-11-09 23:00:00+00:00
2023-11-09 07:00:00+00:00,139.97,9,2023-11-08 23:00:00+00:00,2023-11-09 23:00:00+00:00
2023-11-09 08:00:00+00:00,130.0,10,2023-11-08 23:00:00+00:00,2023-11-09 23:00:00+00:00
2023-11-09 09:00:00+00:00,100.08,11,2023-11-08 23:00:00+00:00,2023-11-09 23:00:00+00:00
2023-11-09 10:00:00+00:00,95.0,12,2023-11-08 23:00:00+00:00,2023-11-09 23:00:00+00:00
2023-11-09 11:00:00+00:00,90.16,13,2023-11-08 23:00:00+00:00,2023-11-09 23:00:00+00:00
2023-11-09 12:00:00+00:00,92.32,14,2023-11-08 23:00:00+00:00,2023-11-09 23:00:00+00:00
2023-11-09 13:00:00+00:00,100.61,15,2023-11-08 23:00:00+00:00,2023-11-09 23:00:00+00:00
2023-11-09 14:00:00+00:00,116.18,16,2023-11-08 23:00:00+00:00,2023-11-09 23:00:00+00:00
2023-11-09 15:00:00+00:00,120.25,17,2023-11-08 23:00:00+00:00,2023-11-09 23:00:00+00:00
2023-11-09 16:00:00+00:00,131.88,18,2023-11-08 23:00:00+00:00,2023-11-09 23:00:00+00:00
2023-11-09 17:00:00+00:00,128.6,19,2023-11-08 23:00:00+00:00,2023-11-09 23:00:00+00:00
2023-11-09 18:00:00+00:00,112.14,20,2023-11-08 23:00:00+00:00,2023-11-09 23:00:00+00:00
2023-11-09 19:00:00+00:00,100.0,21,2023-11-08 23:00:00+00:00,2023-11-09 23:00:00+00:00
2023-11-09 20:00:00+00:00,88.0,22,2023-11-08 23:00:00+00:00,2023-11-09 23:00:00+00:00
2023-11-09 21:00:00+00:00,84.04,23,2023-11-08 23:00:00+00:00,2023-11-09 23:00:00+00:00
2023-11-09 22:00:00+00:00,74.36,24,2023-11-08 23:00:00+00:00,2023-11-09 23:00:00+00:00
2023-11-09 23:00:00+00:00,64.08,1,2023-11-09 23:00:00+00:00,2023-11-10 23:00:00+00:00
2023-11-10 00:00:00+00:00,59.73,2,2023-11-09 23:00:00+00:00,2023-11-10 23:00:00+00:00
2023-11-10 01:00:00+00:00,53.74,3,2023-11-09 23:00:00+00:00,2023-11-10 23:00:00+00:00
2023-11-10 02:00:00+00:00,48.36,4,2023-11-09 23:00:00+00:00,2023-11-10 23:00:00+00:00
2023-11-10 03:00:00+00:00,50.0,5,2023-11-09 23:00:00+00:00,2023-11-10 23:00:00+00:00
2023-11-10 04:00:00+00:00,66.98,6,2023-11-09 23:00:00+00:00,2023-11-10 23:00:00+00:00
2023-11-10 05:00:00+00:00,84.25,7,2023-11-09 23:00:00+00:00,2023-11-10 23:00:00+00:00
2023-11-10 06:00:00+00:00,106.73,8,2023-11-09 23:00:00+00:00,2023-11-10 23:00:00+00:00
2023-11-10 07:00:00+00:00,113.0,9,2023-11-09 23:00:00+00:00,2023-11-10 23:00:00+00:00
2023-11-10 08:00:00+00:00,116.37,10,2023-11-09 23:00:00+00:00,2023-11-10 23:00:00+00:00
2023-11-10 09:00:00+00:00,105.8,11,2023-11-09 23:00:00+00:00,2023-11-10 23:00:00+00:00
2023-11-10 10:00:00+00:00,98.0,12,2023-11-09 23:00:00+00:00,2023-11-10 23:00:00+00:00
2023-11-10 11:00:00+00:00,91.8,13,2023-11-09 23:00:00+00:00,2023-11-10 23:00:00+00:00
2023-11-10 12:00:00+00:00,100.0,14,2023-11-09 23:00:00+00:00,2023-11-10 23:00:00+00:00
2023-11-10 13:00:00+00:00,96.24,15,2023-11-09 23:00:00+00:00,2023-11-10 23:00:00+00:00
2023-11-10 14:00:00+00:00,110.67,16,2023-11-09 23:00:00+00:00,2023-11-10 23:00:00+00:00
2023-11-10 15:00:00+00:00,121.07,17,2023-11-09 23:00:00+00:00,2023-11-10 23:00:00+00:00
2023-11-10 16:00:00+00:00,135.15,18,2023-11-09 23:00:00+00:00,2023-11-10 23:00:00+00:00
2023-11-10 17:00:00+00:00,135.1,19,2023-11-09 23:00:00+00:00,2023-11-10 23:00:00+00:00
2023-11-10 18:00:00+00:00,123.58,20,2023-11-09 23:00:00+00:00,2023-11-10 23:00:00+00:00
2023-11-10 19:00:00+00:00,112.93,21,2023-11-09 23:00:00+00:00,2023-11-10 23:00:00+00:00
2023-11-10 20:00:00+00:00,105.1,22,2023-11-09 23:00:00+00:00,2023-11-10 23:00:00+00:00
2023-11-10 21:00:00+00:00,103.97,23,2023-11-09 23:00:00+00:00,2023-11-10 23:00:00+00:00
2023-11-10 22:00:00+00:00,93.2,24,2023-11-09 23:00:00+00:00,2023-11-10 23:00:00+00:00
2023-11-10 23:00:00+00:00,87.3,1,2023-11-10 23:00:00+00:00,2023-11-11 23:00:00+00:00
2023-11-11 00:00:00+00:00,85.89,2,2023-11-10 23:00:00+00:00,2023-11-11 23:00:00+00:00
2023-11-11 01:00:00+00:00,85.88,3,2023-11-10 23:00:00+00:00,2023-11-11 23:00:00+00:00
2023-11-11 02:00:00+00:00,83.21,4,2023-11-10 23:00:00+00:00,2023-11-11 23:00:00+00:00
2023-11-11 03:00:00+00:00,82.71,5,2023-11-10 23:00:00+00:00,2023-11-11 23:00:00+00:00
2023-11-11 04:00:00+00:00,85.44,6,2023-11-10 23:00:00+00:00,2023-11-11 23:00:00+00:00
2023-11-11 05:00:00+00:00,86.3,7,2023-11-10 23:00:00+00:00,2023-11-11 23:00:00+00:00
2023-11-11 06:00:00+00:00,88.0,8,2023-11-10 23:00:00+00:00,2023-11-11 23:00:00+00:00
2023-11-11 07:00:00+00:00,92.0,9,2023-11-10 23:00:00+00:00,2023-11-11 23:00:00+00:00
2023-11-11 08:00:00+00:00,94.89,10,2023-11-10 23:00:00+00:00,2023-11-11 23:00:00+00:00
2023-11-11 09:00:00+00:00,91.28,11,2023-11-10 23:00:00+00:00,2023-11-11 23:00:00+00:00
2023-11-11 10:00:00+00:00,90.22,12,2023-11-10 23:00:00+00:00,2023-11-11 23:00:00+00:00
2023-11-11 11:00:00+00:00,87.94,13,2023-11-10 23:00:00+00:00,2023-11-11 23:00:00+00:00
2023-11-11 12:00:00+00:00,87.8,14,2023-11-10 23:00:00+00:00,2023-11-11 23:00:00+00:00
2023-11-11 13:00:00+00:00,91.5,15,2023-11-10 23:00:00+00:00,2023-11-11 23:00:00+00:00
2023-11-11 14:00:00+00:00,102.87,16,2023-11-10 23:00:00+00:00,2023-11-11 23:00:00+00:00
2023-11-11 15:00:00+00:00,115.74,17,2023-11-10 23:00:00+00:00,2023-11-11 23:00:00+00:00
2023-11-11 16:00:00+00:00,127.98,18,2023-11-10 23:00:00+00:00,2023-11-11 23:00:00+00:00
2023-11-11 17:00:00+00:00,135.76,19,2023-11-10 23:00:00+00:00,2023-11-11 23:00:00+00:00
2023-11-11 18:00:00+00:00,124.47,20,2023-11-10 23:00:00+00:00,2023-11-11 23:00:00+00:00
2023-11-11 19:00:00+00:00,113.51,21,2023-11-10 23:00:00+00:00,2023-11-11 23:00:00+00:00
2023-11-11 20:00:00+00:00,102.58,22,2023-11-10 23:00:00+00:00,2023-11-11 23:00:00+00:00
2023-11-11 21:00:00+00:00,92.38,23,2023-11-10 23:00:00+00:00,2023-11-11 23:00:00+00:00
2023-11-11 22:00:00+00:00,87.41,24,2023-11-10 23:00:00+00:00,2023-11-11 23:00:00+00:00
2023-11-11 23:00:00+00:00,89.58,1,2023-11-11 23:00:00+00:00,2023-11-12 23:00:00+00:00
2023-11-12 00:00:00+00:00,85.36,2,2023-11-11 23:00:00+00:00,2023-11-12 23:00:00+00:00
2023-11-12 01:00:00+00:00,85.37,3,2023-11-11 23:00:00+00:00,2023-11-12 23:00:00+00:00
2023-11-12 02:00:00+00:00,84.4,4,2023-11-11 23:00:00+00:00,2023-11-12 23:00:00+00:00
2023-11-12 03:00:00+00:00,86.76,5,2023-11-11 23:00:00+00:00,2023-11-12 23:00:00+00:00
2023-11-12 04:00:00+00:00,88.32,6,2023-11-11 23:00:00+00:00,2023-11-12 23:00:00+00:00
2023-11-12 05:00:00+00:00,87.25,7,2023-11-11 23:00:00+00:00,2023-11-12 23:00:00+00:00
2023-11-12 06:00:00+00:00,87.28,8,2023-11-11 23:00:00+00:00,2023-11-12 23:00:00+00:00
2023-11-12 07:00:00+00:00,88.04,9,2023-11-11 23:00:00+00:00,2023-11-12 23:00:00+00:00
2023-11-12 08:00:00+00:00,89.75,10,2023-11-11 23:00:00+00:00,2023-11-12 23:00:00+00:00
2023-11-12 09:00:00+00:00,88.66,11,2023-11-11 23:00:00+00:00,2023-11-12 23:00:00+00:00
2023-11-12 10:00:00+00:00,86.62,12,2023-11-11 23:00:00+00:00,2023-11-12 23:00:00+00:00
2023-11-12 11:00:00+00:00,88.09,13,2023-11-11 23:00:00+00:00,2023-11-12 23:00:00+00:00
2023-11-12 12:00:00+00:00,90.0,14,2023-11-11 23:00:00+00:00,2023-11-12 23:00:00+00:00
2023-11-12 13:00:00+00:00,94.97,15,2023-11-11 23:00:00+00:00,2023-11-12 23:00:00+00:00
2023-11-12 14:00:00+00:00,110.38,16,2023-11-11 23:00:00+00:00,2023-11-12 23:00:00+00:00
2023-11-12 15:00:00+00:00,122.51,17,2023-11-11 23:00:00+00:00,2023-11-12 23:00:00+00:00
2023-11-12 16:00:00+00:00,141.96,18,2023-11-11 23:00:00+00:00,2023-11-12 23:00:00+00:00
2023-11-12 17:00:00+00:00,130.49,19,2023-11-11 23:00:00+00:00,2023-11-12 23:00:00+00:00
2023-11-12 18:00:00+00:00,126.0,20,2023-11-11 23:00:00+00:00,2023-11-12 23:00:00+00:00
2023-11-12 19:00:00+00:00,116.8,21,2023-11-11 23:00:00+00:00,2023-11-12 23:00:00+00:00
2023-11-12 20:00:00+00:00,107.33,22,2023-11-11 23:00:00+00:00,2023-11-12 23:00:00+00:00
2023-11-12 21:00:00+00:00,100.14,23,2023-11-11 23:00:00+00:00,2023-11-12 23:00:00+00:00
2023-11-12 22:00:00+00:00,88.02,24,2023-11-11 23:00:00+00:00,2023-11-12 23:00:00+00:00
2023-11-12 23:00:00+00:00,91.26,1,2023-11-12 23:00:00+00:00,2023-11-13 23:00:00+00:00
2023-11-13 00:00:00+00:00,86.82,2,2023-11-12 23:00:00+00:00,2023-11-13 23:00:00+00:00
2023-11-13 01:00:00+00:00,87.0,3,2023-11-12 23:00:00+00:00,2023-11-13 23:00:00+00:00
2023-11-13 02:00:00+00:00,87.25,4,2023-11-12 23:00:00+00:00,2023-11-13 23:00:00+00:00
2023-11-13 03:00:00+00:00,85.28,5,2023-11-12 23:00:00+00:00,2023-11-13 23:00:00+00:00
2023-11-13 04:00:00+00:00,88.56,6,2023-11-12 23:00:00+00:00,2023-11-13 23:00:00+00:00
2023-11-13 05:00:00+00:00,112.2,7,2023-11-12 23:00:00+00:00,2023-11-13 23:00:00+00:00
2023-11-13 06:00:00+00:00,134.21,8,2023-11-12 23:00:00+00:00,2023-11-13 23:00:00+00:00
2023-11-13 07:00:00+00:00,145.0,9,2023-11-12 23:00:00+00:00,2023-11-13 23:00:00+00:00
2023-11-13 08:00:00+00:00,125.9,10,2023-11-12 23:00:00+00:00,2023-11-13 23:00:00+00:00
2023-11-13 09:00:00+00:00,118.86,11,2023-11-12 23:00:00+00:00,2023-11-13 23:00:00+00:00
2023-11-13 10:00:00+00:00,116.67,12,2023-11-12 23:00:00+00:00,2023-11-13 23:00:00+00:00
2023-11-13 11:00:00+00:00,108.5,13,2023-11-12 23:00:00+00:00,2023-11-13 23:00:00+00:00
2023-11-13 12:00:00+00:00,101.61,14,2023-11-12 23:00:00+00:00,2023-11-13 23:00:00+00:00
2023-11-13 13:00:00+00:00,88.25,15,2023-11-12 23:00:00+00:00,2023-11-13 23:00:00+00:00
2023-11-13 14:00:00+00:00,80.13,16,2023-11-12 23:00:00+00:00,2023-11-13 23:00:00+00:00
2023-11-13 15:00:00+00:00,78.67,17,2023-11-12 23:00:00+00:00,2023-11-13 23:00:00+00:00
2023-11-13 16:00:00+00:00,91.33,18,2023-11-12 23:00:00+00:00,2023-11-13 23:00:00+00:00
2023-11-13 17:00:00+00:00,96.0,19,2023-11-12 23:00:00+00:00,2023-11-13 23:00:00+00:00
2023-11-13 18:00:00+00:00,87.6,20,2023-11-12 23:00:00+00:00,2023-11-13 23:00:00+00:00
2023-11-13 19:00:00+00:00,76.8,21,2023-11-12 23:00:00+00:00,2023-11-13 23:00:00+00:00
2023-11-13 20:00:00+00:00,61.99,22,2023-11-12 23:00:00+00:00,2023-11-13 23:00:00+00:00
2023-11-13 21:00:00+00:00,61.48,23,2023-11-12 23:00:00+00:00,2023-11-13 23:00:00+00:00
2023-11-13 22:00:00+00:00,30.01,24,2023-11-12 23:00:00+00:00,2023-11-13 23:00:00+00:00
2023-11-13 23:00:00+00:00,10.6,1,2023-11-13 23:00:00+00:00,2023-11-14 23:00:00+00:00
2023-11-14 00:00:00+00:00,1.48,2,2023-11-13 23:00:00+00:00,2023-11-14 23:00:00+00:00
2023-11-14 01:00:00+00:00,0.29,3,2023-11-13 23:00:00+00:00,2023-11-14 23:00:00+00:00
2023-11-14 02:00:00+00:00,0.08,4,2023-11-13 23:00:00+00:00,2023-11-14 23:00:00+00:00
2023-11-14 03:00:00+00:00,0.32,5,2023-11-13 23:00:00+00:00,2023-11-14 23:00:00+00:00
2023-11-14 04:00:00+00:00,1.82,6,2023-11-13 23:00:00+00:00,2023-11-14 23:00:00+00:00
2023-11-14 05:00:00+00:00,47.63,7,2023-11-13 23:00:00+00:00,2023-11-14 23:00:00+00:00
2023-11-14 06:00:00+00:00,80.03,8,2023-11-13 23:00:00+00:00,2023-11-14 23:00:00+00:00
2023-11-14 07:00:00+00:00,96.31,9,2023-11-13 23:00:00+00:00,2023-11-14 23:00:00+00:00
2023-11-14 08:00:00+00:00,86.46,10,2023-11-13 23:00:00+00:00,2023-11-14 23:00:00+00:00
2023-11-14 09:00:00+00:00,74.8,11,2023-11-13 23:00:00+00:00,2023-11-14 23:00:00+00:00
2023-11-14 10:00:00+00:00,72.82,12,2023-11-13 23:00:00+00:00,2023-11-14 23:00:00+00:00
2023-11-14 11:00:00+00:00,75.08,13,2023-11-13 23:00:00+00:00,2023-11-14 23:00:00+00:00
2023-11-14 12:00:00+00:00,75.22,14,2023-11-13 23:00:00+00:00,2023-11-14 23:00:00+00:00
2023-11-14 13:00:00+00:00,86.38,15,2023-11-13 23:00:00+00:00,2023-11-14 23:00:00+00:00
2023-11-14 14:00:00+00:00,100.6,16,2023-11-13 23:00:00+00:00,2023-11-14 23:00:00+00:00
2023-11-14 15:00:00+00:00,98.91,17,2023-11-13 23:00:00+00:00,2023-11-14 23:00:00+00:00
2023-11-14 16:00:00+00:00,132.8,18,2023-11-13 23:00:00+00:00,2023-11-14 23:00:00+00:00
2023-11-14 17:00:00+00:00,126.03,19,2023-11-13 23:00:00+00:00,2023-11-14 23:00:00+00:00
2023-11-14 18:00:00+00:00,116.97,20,2023-11-13 23:00:00+00:00,2023-11-14 23:00:00+00:00
2023-11-14 19:00:00+00:00,100.45,21,2023-11-13 23:00:00+00:00,2023-11-14 23:00:00+00:00
2023-11-14 20:00:00+00:00,93.4,22,2023-11-13 23:00:00+00:00,2023-11-14 23:00:00+00:00
2023-11-14 21:00:00+00:00,96.16,23,2023-11-13 23:00:00+00:00,2023-11-14 23:00:00+00:00
2023-11-14 22:00:00+00:00,85.5,24,2023-11-13 23:00:00+00:00,2023-11-14 23:00:00+00:00
2023-11-14 23:00:00+00:00,81.1,1,2023-11-14 23:00:00+00:00,2023-11-15 23:00:00+00:00
2023-11-15 00:00:00+00:00,76.42,2,2023-11-14 23:00:00+00:00,2023-11-15 23:00:00+00:00
2023-11-15 01:00:00+00:00,72.9,3,2023-11-14 23:00:00+00:00,2023-11-15 23:00:00+00:00
2023-11-15 02:00:00+00:00,70.69,4,2023-11-14 23:00:00+00:00,2023-11-15 23:00:00+00:00
2023-11-15 03:00:00+00:00,74.45,5,2023-11-14 23:00:00+00:00,2023-11-15 23:00:00+00:00
2023-11-15 04:00:00+00:00,81.99,6,2023-11-14 23:00:00+00:00,2023-11-15 23:00:00+00:00
2023-11-15 05:00:00+00:00,101.27,7,2023-11-14 23:00:00+00:00,2023-11-15 23:00:00+00:00
2023-11-15 06:00:00+00:00,121.36,8,2023-11-14 23:00:00+00:00,2023-11-15 23:00:00+00:00
2023-11-15 07:00:00+00:00,126.23,9,2023-11-14 23:00:00+00:00,2023-11-15 23:00:00+00:00
2023-11-15 08:00:00+00:00,117.48,10,2023-11-14 23:00:00+00:00,2023-11-15 23:00:00+00:00
2023-11-15 09:00:00+00:00,108.46,11,2023-11-14 23:00:00+00:00,2023-11-15 23:00:00+00:00
2023-11-15 10:00:00+00:00,96.82,12,2023-11-14 23:00:00+00:00,2023-11-15 23:00:00+00:00
2023-11-15 11:00:00+00:00,90.94,13,2023-11-14 23:00:00+00:00,2023-11-15 23:00:00+00:00
2023-11-15 12:00:00+00:00,92.46,14,2023-11-14 23:00:00+00:00,2023-11-15 23:00:00+00:00
2023-11-15 13:00:00+00:00,94.55,15,2023-11-14 23:00:00+00:00,2023-11-15 23:00:00+00:00
2023-11-15 14:00:00+00:00,113.76,16,2023-11-14 23:00:00+00:00,2023-11-15 23:00:00+00:00
2023-11-15 15:00:00+00:00,119.21,17,2023-11-14 23:00:00+00:00,2023-11-15 23:00:00+00:00
2023-11-15 16:00:00+00:00,126.6,18,2023-11-14 23:00:00+00:00,2023-11-15 23:00:00+00:00
2023-11-15 17:00:00+00:00,129.9,19,2023-11-14 23:00:00+00:00,2023-11-15 23:00:00+00:00
2023-11-15 18:00:00+00:00,121.08,20,2023-11-14 23:00:00+00:00,2023-11-15 23:00:00+00:00
2023-11-15 19:00:00+00:00,109.9,21,2023-11-14 23:00:00+00:00,2023-11-15 23:00:00+00:00
2023-11-15 20:00:00+00:00,97.5,22,2023-11-14 23:00:00+00:00,2023-11-15 23:00:00+00:00
2023-11-15 21:00:00+00:00,91.66,23,2023-11-14 23:00:00+00:00,2023-11-15 23:00:00+00:00
2023-11-15 22:00:00+00:00,84.21,24,2023-11-14 23:00:00+00:00,2023-11-15 23:00:00+00:00
2023-11-15 23:00:00+00:00,85.46,1,2023-11-15 23:00:00+00:00,2023-11-16 23:00:00+00:00
2023-11-16 00:00:00+00:00,83.4,2,2023-11-15 23:00:00+00:00,2023-11-16 23:00:00+00:00
2023-11-16 01:00:00+00:00,95.57,3,2023-11-15 23:00:00+00:00,2023-11-16 23:00:00+00:00
2023-11-16 03:00:00+00:00,98.3,5,2023-11-15 23:00:00+00:00,2023-11-16 23:00:00+00:00
2023-11-16 04:00:00+00:00,103.2,6,2023-11-15 23:00:00+00:00,2023-11-16 23:00:00+00:00
2023-11-16 05:00:00+00:00,105.0,7,2023-11-15 23:00:00+00:00,2023-11-16 23:00:00+00:00
2023-11-16 06:00:00+00:00,126.9,8,2023-11-15 23:00:00+00:00,2023-11-16 23:00:00+00:00
2023-11-16 07:00:00+00:00,129.99,9,2023-11-15 23:00:00+00:00,2023-11-16 23:00:00+00:00
2023-11-16 08:00:00+00:00,128.59,10,2023-11-15 23:00:00+00:00,2023-11-16 23:00:00+00:00
2023-11-16 09:00:00+00:00,120.1,11,2023-11-15 23:00:00+00:00,2023-11-16 23:00:00+00:00
2023-11-16 10:00:00+00:00,116.62,12,2023-11-15 23:00:00+00:00,2023-11-16 23:00:00+00:00
2023-11-16 11:00:00+00:00,122.63,13,2023-11-15 23:00:00+00:00,2023-11-16 23:00:00+00:00
2023-11-16 12:00:00+00:00,131.64,14,2023-11-15 23:00:00+00:00,2023-11-16 23:00:00+00:00
2023-11-16 13:00:00+00:00,146.52,15,2023-11-15 23:00:00+00:00,2023-11-16 23:00:00+00:00
2023-11-16 14:00:00+00:00,158.5,16,2023-11-15 23:00:00+00:00,2023-11-16 23:00:00+00:00
2023-11-16 15:00:00+00:00,158.24,17,2023-11-15 23:00:00+00:00,2023-11-16 23:00:00+00:00
2023-11-16 16:00:00+00:00,181.22,18,2023-11-15 23:00:00+00:00,2023-11-16 23:00:00+00:00
2023-11-16 17:00:00+00:00,140.44,19,2023-11-15 23:00:00+00:00,2023-11-16 23:00:00+00:00
2023-11-16 18:00:00+00:00,125.26,20,2023-11-15 23:00:00+00:00,2023-11-16 23:00:00+00:00
2023-11-16 19:00:00+00:00,121.19,21,2023-11-15 23:00:00+00:00,2023-11-16 23:00:00+00:00
2023-11-16 20:00:00+00:00,115.0,22,2023-11-15 23:00:00+00:00,2023-11-16 23:00:00+00:00
2023-11-16 21:00:00+00:00,110.2,23,2023-11-15 23:00:00+00:00,2023-11-16 23:00:00+00:00
2023-11-16 22:00:00+00:00,100.85,24,2023-11-15 23:00:00+00:00,2023-11-16 23:00:00+00:00
2023-11-16 23:00:00+00:00,106.0,1,2023-11-16 23:00:00+00:00,2023-11-17 23:00:00+00:00
2023-11-17 00:00:00+00:00,100.0,2,2023-11-16 23:00:00+00:00,2023-11-17 23:00:00+00:00
2023-11-17 02:00:00+00:00,92.86,4,2023-11-16 23:00:00+00:00,2023-11-17 23:00:00+00:00
2023-11-17 03:00:00+00:00,95.7,5,2023-11-16 23:00:00+00:00,2023-11-17 23:00:00+00:00
2023-11-17 04:00:00+00:00,103.2,6,2023-11-16 23:00:00+00:00,2023-11-17 23:00:00+00:00
2023-11-17 05:00:00+00:00,119.35,7,2023-11-16 23:00:00+00:00,2023-11-17 23:00:00+00:00
2023-11-17 06:00:00+00:00,131.03,8,2023-11-16 23:00:00+00:00,2023-11-17 23:00:00+00:00
2023-11-17 07:00:00+00:00,141.92,9,2023-11-16 23:00:00+00:00,2023-11-17 23:00:00+00:00
2023-11-17 08:00:00+00:00,134.75,10,2023-11-16 23:00:00+00:00,2023-11-17 23:00:00+00:00
2023-11-17 09:00:00+00:00,127.9,11,2023-11-16 23:00:00+00:00,2023-11-17 23:00:00+00:00
2023-11-17 10:00:00+00:00,125.18,12,2023-11-16 23:00:00+00:00,2023-11-17 23:00:00+00:00
2023-11-17 11:00:00+00:00,119.54,13,2023-11-16 23:00:00+00:00,2023-11-17 23:00:00+00:00
2023-11-17 12:00:00+00:00,112.1,14,2023-11-16 23:00:00+00:00,2023-11-17 23:00:00+00:00
2023-11-17 13:00:00+00:00,123.91,15,2023-11-16 23:00:00+00:00,2023-11-17 23:00:00+00:00
2023-11-17 14:00:00+00:00,129.76,16,2023-11-16 23:00:00+00:00,2023-11-17 23:00:00+00:00
2023-11-17 15:00:00+00:00,137.65,17,2023-11-16 23:00:00+00:00,2023-11-17 23:00:00+00:00
2023-11-17 16:00:00+00:00,146.32,18,2023-11-16 23:00:00+00:00,2023-11-17 23:00:00+00:00
2023-11-17 17:00:00+00:00,149.8,19,2023-11-16 23:00:00+00:00,2023-11-17 23:00:00+00:00
2023-11-17 18:00:00+00:00,141.83,20,2023-11-16 23:00:00+00:00,2023-11-17 23:00:00+00:00
2023-11-17 19:00:00+00:00,128.44,21,2023-11-16 23:00:00+00:00,2023-11-17 23:00:00+00:00
2023-11-17 20:00:00+00:00,120.36,22,2023-11-16 23:00:00+00:00,2023-11-17 23:00:00+00:00
2023-11-17 21:00:00+00:00,118.24,23,2023-11-16 23:00:00+00:00,2023-11-17 23:00:00+00:00
2023-11-17 22:00:00+00:00,112.1,24,2023-11-16 23:00:00+00:00,2023-11-17 23:00:00+00:00
2023-11-17 23:00:00+00:00,110.56,1,2023-11-17 23:00:00+00:00,2023-11-18 23:00:00+00:00
2023-11-18 00:00:00+00:00,97.38,2,2023-11-17 23:00:00+00:00,2023-11-18 23:00:00+00:00
2023-11-18 01:00:00+00:00,90.61,3,2023-11-17 23:00:00+00:00,2023-11-18 23:00:00+00:00
2023-11-18 02:00:00+00:00,85.94,4,2023-11-17 23:00:00+00:00,2023-11-18 23:00:00+00:00
2023-11-18 03:00:00+00:00,82.46,5,2023-11-17 23:00:00+00:00,2023-11-18 23:00:00+00:00
2023-11-18 04:00:00+00:00,82.5,6,2023-11-17 23:00:00+00:00,2023-11-18 23:00:00+00:00
2023-11-18 05:00:00+00:00,86.19,7,2023-11-17 23:00:00+00:00,2023-11-18 23:00:00+00:00
2023-11-18 06:00:00+00:00,92.08,8,2023-11-17 23:00:00+00:00,2023-11-18 23:00:00+00:00
2023-11-18 07:00:00+00:00,100.17,9,2023-11-17 23:00:00+00:00,2023-11-18 23:00:00+00:00
2023-11-18 08:00:00+00:00,96.95,10,2023-11-17 23:00:00+00:00,2023-11-18 23:00:00+00:00
2023-11-18 09:00:00+00:00,95.21,11,2023-11-17 23:00:00+00:00,2023-11-18 23:00:00+00:00
2023-11-18 10:00:00+00:00,92.89,12,2023-11-17 23:00:00+00:00,2023-11-18 23:00:00+00:00
2023-11-18 11:00:00+00:00,92.64,13,2023-11-17 23:00:00+00:00,2023-11-18 23:00:00+00:00
2023-11-18 12:00:00+00:00,91.61,14,2023-11-17 23:00:00+00:00,2023-11-18 23:00:00+00:00
2023-11-18 13:00:00+00:00,92.89,15,2023-11-17 23:00:00+00:00,2023-11-18 23:00:00+00:00
2023-11-18 14:00:00+00:00,92.23,16,2023-11-17 23:00:00+00:00,2023-11-18 23:00:00+00:00
2023-11-18 15:00:00+00:00,94.48,17,2023-11-17 23:00:00+00:00,2023-11-18 23:00:00+00:00
2023-11-18 16:00:00+00:00,105.28,18,2023-11-17 23:00:00+00:00,2023-11-18 23:00:00+00:00
2023-11-18 17:00:00+00:00,107.62,19,2023-11-17 23:00:00+00:00,2023-11-18 23:00:00+00:00
2023-11-18 18:00:00+00:00,90.8,20,2023-11-17 23:00:00+00:00,2023-11-18 23:00:00+00:00
2023-11-18 19:00:00+00:00,83.54,21,2023-11-17 23:00:00+00:00,2023-11-18 23:00:00+00:00
2023-11-18 20:00:00+00:00,78.11,22,2023-11-17 23:00:00+00:00,2023-11-18 23:00:00+00:00
2023-11-18 21:00:00+00:00,73.76,23,2023-11-17 23:00:00+00:00,2023-11-18 23:00:00+00:00
2023-11-18 22:00:00+00:00,58.11,24,2023-11-17 23:00:00+00:00,2023-11-18 23:00:00+00:00
2023-11-18 23:00:00+00:00,19.24,1,2023-11-18 23:00:00+00:00,2023-11-19 23:00:00+00:00
2023-11-19 00:00:00+00:00,5.75,2,2023-11-18 23:00:00+00:00,2023-11-19 23:00:00+00:00
2023-11-19 01:00:00+00:00,4.1,3,2023-11-18 23:00:00+00:00,2023-11-19 23:00:00+00:00
2023-11-19 02:00:00+00:00,0.13,4,2023-11-18 23:00:00+00:00,2023-11-19 23:00:00+00:00
2023-11-19 03:00:00+00:00,0.07,5,2023-11-18 23:00:00+00:00,2023-11-19 23:00:00+00:00
2023-11-19 04:00:00+00:00,0.09,6,2023-11-18 23:00:00+00:00,2023-11-19 23:00:00+00:00
2023-11-19 05:00:00+00:00,2.33,7,2023-11-18 23:00:00+00:00,2023-11-19 23:00:00+00:00
2023-11-19 06:00:00+00:00,5.59,8,2023-11-18 23:00:00+00:00,2023-11-19 23:00:00+00:00
2023-11-19 07:00:00+00:00,14.49,9,2023-11-18 23:00:00+00:00,2023-11-19 23:00:00+00:00
2023-11-19 08:00:00+00:00,18.92,10,2023-11-18 23:00:00+00:00,2023-11-19 23:00:00+00:00
2023-11-19 09:00:00+00:00,12.57,11,2023-11-18 23:00:00+00:00,2023-11-19 23:00:00+00:00
2023-11-19 10:00:00+00:00,12.61,12,2023-11-18 23:00:00+00:00,2023-11-19 23:00:00+00:00
2023-11-19 11:00:00+00:00,11.66,13,2023-11-18 23:00:00+00:00,2023-11-19 23:00:00+00:00
2023-11-19 12:00:00+00:00,0.79,14,2023-11-18 23:00:00+00:00,2023-11-19 23:00:00+00:00
2023-11-19 13:00:00+00:00,15.29,15,2023-11-18 23:00:00+00:00,2023-11-19 23:00:00+00:00
2023-11-19 14:00:00+00:00,67.31,16,2023-11-18 23:00:00+00:00,2023-11-19 23:00:00+00:00
2023-11-19 15:00:00+00:00,80.98,17,2023-11-18 23:00:00+00:00,2023-11-19 23:00:00+00:00
2023-11-19 16:00:00+00:00,94.99,18,2023-11-18 23:00:00+00:00,2023-11-19 23:00:00+00:00
2023-11-19 17:00:00+00:00,104.58,19,2023-11-18 23:00:00+00:00,2023-11-19 23:00:00+00:00
2023-11-19 18:00:00+00:00,103.86,20,2023-11-18 23:00:00+00:00,2023-11-19 23:00:00+00:00
2023-11-19 19:00:00+00:00,88.74,21,2023-11-18 23:00:00+00:00,2023-11-19 23:00:00+00:00
2023-11-19 20:00:00+00:00,84.42,22,2023-11-18 23:00:00+00:00,2023-11-19 23:00:00+00:00
2023-11-19 21:00:00+00:00,88.05,23,2023-11-18 23:00:00+00:00,2023-11-19 23:00:00+00:00
2023-11-19 22:00:00+00:00,80.05,24,2023-11-18 23:00:00+00:00,2023-11-19 23:00:00+00:00
2023-11-19 23:00:00+00:00,68.3,1,2023-11-19 23:00:00+00:00,2023-11-20 23:00:00+00:00
2023-11-20 00:00:00+00:00,62.68,2,2023-11-19 23:00:00+00:00,2023-11-20 23:00:00+00:00
2023-11-20 01:00:00+00:00,59.91,3,2023-11-19 23:00:00+00:00,2023-11-20 23:00:00+00:00
2023-11-20 02:00:00+00:00,57.61,4,2023-11-19 23:00:00+00:00,2023-11-20 23:00:00+00:00
2023-11-20 03:00:00+00:00,63.4,5,2023-11-19 23:00:00+00:00,2023-11-20 23:00:00+00:00
2023-11-20 04:00:00+00:00,80.43,6,2023-11-19 23:00:00+00:00,2023-11-20 23:00:00+00:00
2023-11-20 05:00:00+00:00,102.47,7,2023-11-19 23:00:00+00:00,2023-11-20 23:00:00+00:00
2023-11-20 06:00:00+00:00,127.72,8,2023-11-19 23:00:00+00:00,2023-11-20 23:00:00+00:00
2023-11-20 07:00:00+00:00,126.0,9,2023-11-19 23:00:00+00:00,2023-11-20 23:00:00+00:00
2023-11-20 08:00:00+00:00,117.59,10,2023-11-19 23:00:00+00:00,2023-11-20 23:00:00+00:00
2023-11-20 09:00:00+00:00,110.59,11,2023-11-19 23:00:00+00:00,2023-11-20 23:00:00+00:00
2023-11-20 10:00:00+00:00,106.0,12,2023-11-19 23:00:00+00:00,2023-11-20 23:00:00+00:00
2023-11-20 11:00:00+00:00,103.0,13,2023-11-19 23:00:00+00:00,2023-11-20 23:00:00+00:00
2023-11-20 12:00:00+00:00,114.3,14,2023-11-19 23:00:00+00:00,2023-11-20 23:00:00+00:00
2023-11-20 13:00:00+00:00,120.35,15,2023-11-19 23:00:00+00:00,2023-11-20 23:00:00+00:00
2023-11-20 14:00:00+00:00,125.37,16,2023-11-19 23:00:00+00:00,2023-11-20 23:00:00+00:00
2023-11-20 15:00:00+00:00,135.86,17,2023-11-19 23:00:00+00:00,2023-11-20 23:00:00+00:00
2023-11-20 16:00:00+00:00,148.12,18,2023-11-19 23:00:00+00:00,2023-11-20 23:00:00+00:00
2023-11-20 17:00:00+00:00,139.98,19,2023-11-19 23:00:00+00:00,2023-11-20 23:00:00+00:00
2023-11-20 18:00:00+00:00,130.1,20,2023-11-19 23:00:00+00:00,2023-11-20 23:00:00+00:00
2023-11-20 19:00:00+00:00,120.05,21,2023-11-19 23:00:00+00:00,2023-11-20 23:00:00+00:00
2023-11-20 20:00:00+00:00,107.01,22,2023-11-19 23:00:00+00:00,2023-11-20 23:00:00+00:00
2023-11-20 21:00:00+00:00,108.05,23,2023-11-19 23:00:00+00:00,2023-11-20 23:00:00+00:00
2023-11-20 22:00:00+00:00,100.0,24,2023-11-19 23:00:00+00:00,2023-11-20 23:00:00+00:00
2023-11-20 23:00:00+00:00,102.75,1,2023-11-20 23:00:00+00:00,2023-11-21 23:00:00+00:00
2023-11-21 00:00:00+00:00,98.2,2,2023-11-20 23:00:00+00:00,2023-11-21 23:00:00+00:00
2023-11-21 01:00:00+00:00,96.12,3,2023-11-20 23:00:00+00:00,2023-11-21 23:00:00+00:00
2023-11-21 02:00:00+00:00,91.17,4,2023-11-20 23:00:00+00:00,2023-11-21 23:00:00+00:00
2023-11-21 03:00:00+00:00,95.36,5,2023-11-20 23:00:00+00:00,2023-11-21 23:00:00+00:00
2023-11-21 04:00:00+00:00,101.12,6,2023-11-20 23:00:00+00:00,2023-11-21 23:00:00+00:00
2023-11-21 05:00:00+00:00,120.1,7,2023-11-20 23:00:00+00:00,2023-11-21 23:00:00+00:00
2023-11-21 06:00:00+00:00,134.5,8,2023-11-20 23:00:00+00:00,2023-11-21 23:00:00+00:00
2023-11-21 07:00:00+00:00,139.3,9,2023-11-20 23:00:00+00:00,2023-11-21 23:00:00+00:00
2023-11-21 08:00:00+00:00,136.02,10,2023-11-20 23:00:00+00:00,2023-11-21 23:00:00+00:00
2023-11-21 09:00:00+00:00,135.0,11,2023-11-20 23:00:00+00:00,2023-11-21 23:00:00+00:00
2023-11-21 10:00:00+00:00,134.12,12,2023-11-20 23:00:00+00:00,2023-11-21 23:00:00+00:00
2023-11-21 11:00:00+00:00,137.83,13,2023-11-20 23:00:00+00:00,2023-11-21 23:00:00+00:00
2023-11-21 12:00:00+00:00,137.02,14,2023-11-20 23:00:00+00:00,2023-11-21 23:00:00+00:00
2023-11-21 13:00:00+00:00,137.07,15,2023-11-20 23:00:00+00:00,2023-11-21 23:00:00+00:00
2023-11-21 14:00:00+00:00,137.23,16,2023-11-20 23:00:00+00:00,2023-11-21 23:00:00+00:00
2023-11-21 15:00:00+00:00,140.57,17,2023-11-20 23:00:00+00:00,2023-11-21 23:00:00+00:00
2023-11-21 16:00:00+00:00,145.8,18,2023-11-20 23:00:00+00:00,2023-11-21 23:00:00+00:00
2023-11-21 17:00:00+00:00,142.08,19,2023-11-20 23:00:00+00:00,2023-11-21 23:00:00+00:00
2023-11-21 18:00:00+00:00,132.35,20,2023-11-20 23:00:00+00:00,2023-11-21 23:00:00+00:00
2023-11-21 19:00:00+00:00,124.79,21,2023-11-20 23:00:00+00:00,2023-11-21 23:00:00+00:00
2023-11-21 20:00:00+00:00,110.52,22,2023-11-20 23:00:00+00:00,2023-11-21 23:00:00+00:00
2023-11-21 21:00:00+00:00,110.91,23,2023-11-20 23:00:00+00:00,2023-11-21 23:00:00+00:00
2023-11-21 22:00:00+00:00,98.04,24,2023-11-20 23:00:00+00:00,2023-11-21 23:00:00+00:00
2023-11-21 23:00:00+00:00,98.0,1,2023-11-21 23:00:00+00:00,2023-11-22 23:00:00+00:00
2023-11-22 00:00:00+00:00,95.01,2,2023-11-21 23:00:00+00:00,2023-11-22 23:00:00+00:00
2023-11-22 02:00:00+00:00,92.0,4,2023-11-21 23:00:00+00:00,2023-11-22 23:00:00+00:00
2023-11-22 03:00:00+00:00,92.59,5,2023-11-21 23:00:00+00:00,2023-11-22 23:00:00+00:00
2023-11-22 04:00:00+00:00,96.5,6,2023-11-21 23:00:00+00:00,2023-11-22 23:00:00+00:00
2023-11-22 05:00:00+00:00,119.25,7,2023-11-21 23:00:00+00:00,2023-11-22 23:00:00+00:00
2023-11-22 06:00:00+00:00,140.55,8,2023-11-21 23:00:00+00:00,2023-11-22 23:00:00+00:00
2023-11-22 07:00:00+00:00,152.23,9,2023-11-21 23:00:00+00:00,2023-11-22 23:00:00+00:00
2023-11-22 08:00:00+00:00,131.3,10,2023-11-21 23:00:00+00:00,2023-11-22 23:00:00+00:00
2023-11-22 09:00:00+00:00,114.99,11,2023-11-21 23:00:00+00:00,2023-11-22 23:00:00+00:00
2023-11-22 10:00:00+00:00,103.57,12,2023-11-21 23:00:00+00:00,2023-11-22 23:00:00+00:00
2023-11-22 11:00:00+00:00,95.6,13,2023-11-21 23:00:00+00:00,2023-11-22 23:00:00+00:00
2023-11-22 12:00:00+00:00,102.41,14,2023-11-21 23:00:00+00:00,2023-11-22 23:00:00+00:00
2023-11-22 13:00:00+00:00,116.09,15,2023-11-21 23:00:00+00:00,2023-11-22 23:00:00+00:00
2023-11-22 14:00:00+00:00,120.0,16,2023-11-21 23:00:00+00:00,2023-11-22 23:00:00+00:00
2023-11-22 15:00:00+00:00,127.2,17,2023-11-21 23:00:00+00:00,2023-11-22 23:00:00+00:00
2023-11-22 16:00:00+00:00,132.95,18,2023-11-21 23:00:00+00:00,2023-11-22 23:00:00+00:00
2023-11-22 17:00:00+00:00,129.89,19,2023-11-21 23:00:00+00:00,2023-11-22 23:00:00+00:00
2023-11-22 18:00:00+00:00,118.78,20,2023-11-21 23:00:00+00:00,2023-11-22 23:00:00+00:00
2023-11-22 19:00:00+00:00,123.0,21,2023-11-21 23:00:00+00:00,2023-11-22 23:00:00+00:00
2023-11-22 20:00:00+00:00,102.82,22,2023-11-21 23:00:00+00:00,2023-11-22 23:00:00+00:00
2023-11-22 21:00:00+00:00,108.57,23,2023-11-21 23:00:00+00:00,2023-11-22 23:00:00+00:00
2023-11-22 22:00:00+00:00,80.2,24,2023-11-21 23:00:00+00:00,2023-11-22 23:00:00+00:00
2023-11-22 23:00:00+00:00,64.97,1,2023-11-22 23:00:00+00:00,2023-11-23 23:00:00+00:00
2023-11-23 00:00:00+00:00,46.05,2,2023-11-22 23:00:00+00:00,2023-11-23 23:00:00+00:00
2023-11-23 01:00:00+00:00,41.12,3,2023-11-22 23:00:00+00:00,2023-11-23 23:00:00+00:00
2023-11-23 02:00:00+00:00,30.13,4,2023-11-22 23:00:00+00:00,2023-11-23 23:00:00+00:00
2023-11-23 03:00:00+00:00,20.18,5,2023-11-22 23:00:00+00:00,2023-11-23 23:00:00+00:00
2023-11-23 04:00:00+00:00,32.17,6,2023-11-22 23:00:00+00:00,2023-11-23 23:00:00+00:00
2023-11-23 05:00:00+00:00,82.0,7,2023-11-22 23:00:00+00:00,2023-11-23 23:00:00+00:00
2023-11-23 06:00:00+00:00,114.43,8,2023-11-22 23:00:00+00:00,2023-11-23 23:00:00+00:00
2023-11-23 07:00:00+00:00,139.8,9,2023-11-22 23:00:00+00:00,2023-11-23 23:00:00+00:00
2023-11-23 08:00:00+00:00,139.9,10,2023-11-22 23:00:00+00:00,2023-11-23 23:00:00+00:00
2023-11-23 09:00:00+00:00,119.01,11,2023-11-22 23:00:00+00:00,2023-11-23 23:00:00+00:00
2023-11-23 10:00:00+00:00,88.0,12,2023-11-22 23:00:00+00:00,2023-11-23 23:00:00+00:00
2023-11-23 11:00:00+00:00,70.87,13,2023-11-22 23:00:00+00:00,2023-11-23 23:00:00+00:00
2023-11-23 12:00:00+00:00,84.89,14,2023-11-22 23:00:00+00:00,2023-11-23 23:00:00+00:00
2023-11-23 13:00:00+00:00,95.0,15,2023-11-22 23:00:00+00:00,2023-11-23 23:00:00+00:00
2023-11-23 14:00:00+00:00,98.0,16,2023-11-22 23:00:00+00:00,2023-11-23 23:00:00+00:00
2023-11-23 15:00:00+00:00,112.1,17,2023-11-22 23:00:00+00:00,2023-11-23 23:00:00+00:00
2023-11-23 16:00:00+00:00,155.77,18,2023-11-22 23:00:00+00:00,2023-11-23 23:00:00+00:00
2023-11-23 17:00:00+00:00,135.9,19,2023-11-22 23:00:00+00:00,2023-11-23 23:00:00+00:00
2023-11-23 18:00:00+00:00,130.1,20,2023-11-22 23:00:00+00:00,2023-11-23 23:00:00+00:00
2023-11-23 19:00:00+00:00,96.0,21,2023-11-22 23:00:00+00:00,2023-11-23 23:00:00+00:00
2023-11-23 20:00:00+00:00,93.0,22,2023-11-22 23:00:00+00:00,2023-11-23 23:00:00+00:00
2023-11-23 21:00:00+00:00,91.8,23,2023-11-22 23:00:00+00:00,2023-11-23 23:00:00+00:00
2023-11-23 22:00:00+00:00,60.32,24,2023-11-22 23:00:00+00:00,2023-11-23 23:00:00+00:00
2023-11-23 23:00:00+00:00,47.0,1,2023-11-23 23:00:00+00:00,2023-11-24 23:00:00+00:00
2023-11-24 00:00:00+00:00,20.4,2,2023-11-23 23:00:00+00:00,2023-11-24 23:00:00+00:00
2023-11-24 01:00:00+00:00,24.4,3,2023-11-23 23:00:00+00:00,2023-11-24 23:00:00+00:00
2023-11-24 02:00:00+00:00,0.59,4,2023-11-23 23:00:00+00:00,2023-11-24 23:00:00+00:00
2023-11-24 03:00:00+00:00,1.77,5,2023-11-23 23:00:00+00:00,2023-11-24 23:00:00+00:00
2023-11-24 04:00:00+00:00,31.68,6,2023-11-23 23:00:00+00:00,2023-11-24 23:00:00+00:00
2023-11-24 05:00:00+00:00,70.9,7,2023-11-23 23:00:00+00:00,2023-11-24 23:00:00+00:00
2023-11-24 06:00:00+00:00,94.61,8,2023-11-23 23:00:00+00:00,2023-11-24 23:00:00+00:00
2023-11-24 07:00:00+00:00,126.57,9,2023-11-23 23:00:00+00:00,2023-11-24 23:00:00+00:00
2023-11-24 08:00:00+00:00,131.22,10,2023-11-23 23:00:00+00:00,2023-11-24 23:00:00+00:00
2023-11-24 09:00:00+00:00,107.15,11,2023-11-23 23:00:00+00:00,2023-11-24 23:00:00+00:00
2023-11-24 10:00:00+00:00,98.85,12,2023-11-23 23:00:00+00:00,2023-11-24 23:00:00+00:00
2023-11-24 11:00:00+00:00,77.86,13,2023-11-23 23:00:00+00:00,2023-11-24 23:00:00+00:00
2023-11-24 12:00:00+00:00,78.29,14,2023-11-23 23:00:00+00:00,2023-11-24 23:00:00+00:00
2023-11-24 13:00:00+00:00,89.31,15,2023-11-23 23:00:00+00:00,2023-11-24 23:00:00+00:00
2023-11-24 14:00:00+00:00,90.09,16,2023-11-23 23:00:00+00:00,2023-11-24 23:00:00+00:00
2023-11-24 15:00:00+00:00,113.1,17,2023-11-23 23:00:00+00:00,2023-11-24 23:00:00+00:00
2023-11-24 16:00:00+00:00,145.1,18,2023-11-23 23:00:00+00:00,2023-11-24 23:00:00+00:00
2023-11-24 17:00:00+00:00,148.02,19,2023-11-23 23:00:00+00:00,2023-11-24 23:00:00+00:00
2023-11-24 18:00:00+00:00,136.34,20,2023-11-23 23:00:00+00:00,2023-11-24 23:00:00+00:00
2023-11-24 19:00:00+00:00,121.6,21,2023-11-23 23:00:00+00:00,2023-11-24 23:00:00+00:00
2023-11-24 20:00:00+00:00,100.1,22,2023-11-23 23:00:00+00:00,2023-11-24 23:00:00+00:00
2023-11-24 21:00:00+00:00,92.97,23,2023-11-23 23:00:00+00:00,2023-11-24 23:00:00+00:00
2023-11-24 22:00:00+00:00,85.35,24,2023-11-23 23:00:00+00:00,2023-11-24 23:00:00+00:00
2023-11-24 23:00:00+00:00,78.07,1,2023-11-24 23:00:00+00:00,2023-11-25 23:00:00+00:00
2023-11-25 00:00:00+00:00,74.03,2,2023-11-24 23:00:00+00:00,2023-11-25 23:00:00+00:00
2023-11-25 01:00:00+00:00,72.07,3,2023-11-24 23:00:00+00:00,2023-11-25 23:00:00+00:00
2023-11-25 02:00:00+00:00,71.61,4,2023-11-24 23:00:00+00:00,2023-11-25 23:00:00+00:00
2023-11-25 03:00:00+00:00,69.99,5,2023-11-24 23:00:00+00:00,2023-11-25 23:00:00+00:00
2023-11-25 04:00:00+00:00,74.19,6,2023-11-24 23:00:00+00:00,2023-11-25 23:00:00+00:00
2023-11-25 05:00:00+00:00,79.81,7,2023-11-24 23:00:00+00:00,2023-11-25 23:00:00+00:00
2023-11-25 06:00:00+00:00,87.08,8,2023-11-24 23:00:00+00:00,2023-11-25 23:00:00+00:00
2023-11-25 07:00:00+00:00,94.29,9,2023-11-24 23:00:00+00:00,2023-11-25 23:00:00+00:00
2023-11-25 08:00:00+00:00,92.02,10,2023-11-24 23:00:00+00:00,2023-11-25 23:00:00+00:00
2023-11-25 09:00:00+00:00,89.17,11,2023-11-24 23:00:00+00:00,2023-11-25 23:00:00+00:00
2023-11-25 10:00:00+00:00,87.06,12,2023-11-24 23:00:00+00:00,2023-11-25 23:00:00+00:00
2023-11-25 11:00:00+00:00,84.84,13,2023-11-24 23:00:00+00:00,2023-11-25 23:00:00+00:00
2023-11-25 12:00:00+00:00,83.09,14,2023-11-24 23:00:00+00:00,2023-11-25 23:00:00+00:00
2023-11-25 13:00:00+00:00,90.09,15,2023-11-24 23:00:00+00:00,2023-11-25 23:00:00+00:00
2023-11-25 14:00:00+00:00,95.8,16,2023-11-24 23:00:00+00:00,2023-11-25 23:00:00+00:00
2023-11-25 15:00:00+00:00,114.95,17,2023-11-24 23:00:00+00:00,2023-11-25 23:00:00+00:00
2023-11-25 16:00:00+00:00,124.1,18,2023-11-24 23:00:00+00:00,2023-11-25 23:00:00+00:00
2023-11-25 17:00:00+00:00,138.79,19,2023-11-24 23:00:00+00:00,2023-11-25 23:00:00+00:00
2023-11-25 18:00:00+00:00,128.05,20,2023-11-24 23:00:00+00:00,2023-11-25 23:00:00+00:00
2023-11-25 19:00:00+00:00,139.12,21,2023-11-24 23:00:00+00:00,2023-11-25 23:00:00+00:00
2023-11-25 20:00:00+00:00,121.0,22,2023-11-24 23:00:00+00:00,2023-11-25 23:00:00+00:00
2023-11-25 21:00:00+00:00,117.86,23,2023-11-24 23:00:00+00:00,2023-11-25 23:00:00+00:00
2023-11-25 22:00:00+00:00,111.15,24,2023-11-24 23:00:00+00:00,2023-11-25 23:00:00+00:00
2023-11-25 23:00:00+00:00,111.73,1,2023-11-25 23:00:00+00:00,2023-11-26 23:00:00+00:00
2023-11-26 00:00:00+00:00,105.07,2,2023-11-25 23:00:00+00:00,2023-11-26 23:00:00+00:00
2023-11-26 01:00:00+00:00,101.84,3,2023-11-25 23:00:00+00:00,2023-11-26 23:00:00+00:00
2023-11-26 02:00:00+00:00,99.34,4,2023-11-25 23:00:00+00:00,2023-11-26 23:00:00+00:00
2023-11-26 03:00:00+00:00,96.58,5,2023-11-25 23:00:00+00:00,2023-11-26 23:00:00+00:00
2023-11-26 04:00:00+00:00,97.16,6,2023-11-25 23:00:00+00:00,2023-11-26 23:00:00+00:00
2023-11-26 05:00:00+00:00,100.1,7,2023-11-25 23:00:00+00:00,2023-11-26 23:00:00+00:00
2023-11-26 06:00:00+00:00,110.08,8,2023-11-25 23:00:00+00:00,2023-11-26 23:00:00+00:00
2023-11-26 07:00:00+00:00,113.13,9,2023-11-25 23:00:00+00:00,2023-11-26 23:00:00+00:00
2023-11-26 08:00:00+00:00,117.7,10,2023-11-25 23:00:00+00:00,2023-11-26 23:00:00+00:00
2023-11-26 09:00:00+00:00,115.88,11,2023-11-25 23:00:00+00:00,2023-11-26 23:00:00+00:00
2023-11-26 10:00:00+00:00,114.8,12,2023-11-25 23:00:00+00:00,2023-11-26 23:00:00+00:00
2023-11-26 11:00:00+00:00,113.67,13,2023-11-25 23:00:00+00:00,2023-11-26 23:00:00+00:00
2023-11-26 12:00:00+00:00,110.14,14,2023-11-25 23:00:00+00:00,2023-11-26 23:00:00+00:00
2023-11-26 13:00:00+00:00,115.1,15,2023-11-25 23:00:00+00:00,2023-11-26 23:00:00+00:00
2023-11-26 14:00:00+00:00,123.26,16,2023-11-25 23:00:00+00:00,2023-11-26 23:00:00+00:00
2023-11-26 15:00:00+00:00,134.15,17,2023-11-25 23:00:00+00:00,2023-11-26 23:00:00+00:00
2023-11-26 16:00:00+00:00,145.7,18,2023-11-25 23:00:00+00:00,2023-11-26 23:00:00+00:00
2023-11-26 17:00:00+00:00,160.6,19,2023-11-25 23:00:00+00:00,2023-11-26 23:00:00+00:00
2023-11-26 18:00:00+00:00,146.63,20,2023-11-25 23:00:00+00:00,2023-11-26 23:00:00+00:00
2023-11-26 19:00:00+00:00,135.91,21,2023-11-25 23:00:00+00:00,2023-11-26 23:00:00+00:00
2023-11-26 20:00:00+00:00,122.41,22,2023-11-25 23:00:00+00:00,2023-11-26 23:00:00+00:00
2023-11-26 21:00:00+00:00,118.99,23,2023-11-25 23:00:00+00:00,2023-11-26 23:00:00+00:00
2023-11-26 22:00:00+00:00,102.49,24,2023-11-25 23:00:00+00:00,2023-11-26 23:00:00+00:00
2023-11-26 23:00:00+00:00,99.31,1,2023-11-26 23:00:00+00:00,2023-11-27 23:00:00+00:00
2023-11-27 00:00:00+00:00,94.15,2,2023-11-26 23:00:00+00:00,2023-11-27 23:00:00+00:00
2023-11-27 01:00:00+00:00,89.9,3,2023-11-26 23:00:00+00:00,2023-11-27 23:00:00+00:00
2023-11-27 02:00:00+00:00,88.82,4,2023-11-26 23:00:00+00:00,2023-11-27 23:00:00+00:00
2023-11-27 03:00:00+00:00,87.91,5,2023-11-26 23:00:00+00:00,2023-11-27 23:00:00+00:00
2023-11-27 04:00:00+00:00,94.09,6,2023-11-26 23:00:00+00:00,2023-11-27 23:00:00+00:00
2023-11-27 05:00:00+00:00,122.01,7,2023-11-26 23:00:00+00:00,2023-11-27 23:00:00+00:00
2023-11-27 06:00:00+00:00,136.89,8,2023-11-26 23:00:00+00:00,2023-11-27 23:00:00+00:00
2023-11-27 07:00:00+00:00,144.99,9,2023-11-26 23:00:00+00:00,2023-11-27 23:00:00+00:00
2023-11-27 08:00:00+00:00,139.41,10,2023-11-26 23:00:00+00:00,2023-11-27 23:00:00+00:00
2023-11-27 09:00:00+00:00,138.0,11,2023-11-26 23:00:00+00:00,2023-11-27 23:00:00+00:00
2023-11-27 10:00:00+00:00,136.94,12,2023-11-26 23:00:00+00:00,2023-11-27 23:00:00+00:00
2023-11-27 11:00:00+00:00,133.97,13,2023-11-26 23:00:00+00:00,2023-11-27 23:00:00+00:00
2023-11-27 12:00:00+00:00,132.67,14,2023-11-26 23:00:00+00:00,2023-11-27 23:00:00+00:00
2023-11-27 13:00:00+00:00,130.09,15,2023-11-26 23:00:00+00:00,2023-11-27 23:00:00+00:00
2023-11-27 14:00:00+00:00,121.63,16,2023-11-26 23:00:00+00:00,2023-11-27 23:00:00+00:00
2023-11-27 15:00:00+00:00,116.84,17,2023-11-26 23:00:00+00:00,2023-11-27 23:00:00+00:00
2023-11-27 16:00:00+00:00,125.56,18,2023-11-26 23:00:00+00:00,2023-11-27 23:00:00+00:00
2023-11-27 17:00:00+00:00,129.1,19,2023-11-26 23:00:00+00:00,2023-11-27 23:00:00+00:00
2023-11-27 18:00:00+00:00,105.58,20,2023-11-26 23:00:00+00:00,2023-11-27 23:00:00+00:00
2023-11-27 19:00:00+00:00,109.0,21,2023-11-26 23:00:00+00:00,2023-11-27 23:00:00+00:00
2023-11-27 20:00:00+00:00,108.1,22,2023-11-26 23:00:00+00:00,2023-11-27 23:00:00+00:00
2023-11-27 21:00:00+00:00,94.3,23,2023-11-26 23:00:00+00:00,2023-11-27 23:00:00+00:00
2023-11-27 22:00:00+00:00,84.89,24,2023-11-26 23:00:00+00:00,2023-11-27 23:00:00+00:00
2023-11-27 23:00:00+00:00,77.74,1,2023-11-27 23:00:00+00:00,2023-11-28 23:00:00+00:00
2023-11-28 00:00:00+00:00,70.49,2,2023-11-27 23:00:00+00:00,2023-11-28 23:00:00+00:00
2023-11-28 01:00:00+00:00,67.47,3,2023-11-27 23:00:00+00:00,2023-11-28 23:00:00+00:00
2023-11-28 02:00:00+00:00,64.5,4,2023-11-27 23:00:00+00:00,2023-11-28 23:00:00+00:00
2023-11-28 03:00:00+00:00,68.29,5,2023-11-27 23:00:00+00:00,2023-11-28 23:00:00+00:00
2023-11-28 04:00:00+00:00,80.08,6,2023-11-27 23:00:00+00:00,2023-11-28 23:00:00+00:00
2023-11-28 05:00:00+00:00,97.62,7,2023-11-27 23:00:00+00:00,2023-11-28 23:00:00+00:00
2023-11-28 06:00:00+00:00,118.38,8,2023-11-27 23:00:00+00:00,2023-11-28 23:00:00+00:00
2023-11-28 07:00:00+00:00,127.6,9,2023-11-27 23:00:00+00:00,2023-11-28 23:00:00+00:00
2023-11-28 08:00:00+00:00,138.28,10,2023-11-27 23:00:00+00:00,2023-11-28 23:00:00+00:00
2023-11-28 09:00:00+00:00,139.27,11,2023-11-27 23:00:00+00:00,2023-11-28 23:00:00+00:00
2023-11-28 10:00:00+00:00,138.51,12,2023-11-27 23:00:00+00:00,2023-11-28 23:00:00+00:00
2023-11-28 11:00:00+00:00,135.61,13,2023-11-27 23:00:00+00:00,2023-11-28 23:00:00+00:00
2023-11-28 12:00:00+00:00,137.73,14,2023-11-27 23:00:00+00:00,2023-11-28 23:00:00+00:00
2023-11-28 13:00:00+00:00,144.01,15,2023-11-27 23:00:00+00:00,2023-11-28 23:00:00+00:00
2023-11-28 14:00:00+00:00,150.0,16,2023-11-27 23:00:00+00:00,2023-11-28 23:00:00+00:00
2023-11-28 15:00:00+00:00,164.01,17,2023-11-27 23:00:00+00:00,2023-11-28 23:00:00+00:00
2023-11-28 16:00:00+00:00,189.98,18,2023-11-27 23:00:00+00:00,2023-11-28 23:00:00+00:00
2023-11-28 17:00:00+00:00,177.0,19,2023-11-27 23:00:00+00:00,2023-11-28 23:00:00+00:00
2023-11-28 18:00:00+00:00,161.49,20,2023-11-27 23:00:00+00:00,2023-11-28 23:00:00+00:00
2023-11-28 19:00:00+00:00,140.51,21,2023-11-27 23:00:00+00:00,2023-11-28 23:00:00+00:00
2023-11-28 20:00:00+00:00,120.0,22,2023-11-27 23:00:00+00:00,2023-11-28 23:00:00+00:00
2023-11-28 21:00:00+00:00,116.84,23,2023-11-27 23:00:00+00:00,2023-11-28 23:00:00+00:00
2023-11-28 22:00:00+00:00,109.29,24,2023-11-27 23:00:00+00:00,2023-11-28 23:00:00+00:00
2023-11-28 23:00:00+00:00,98.43,1,2023-11-28 23:00:00+00:00,2023-11-29 23:00:00+00:00
2023-11-29 00:00:00+00:00,95.11,2,2023-11-28 23:00:00+00:00,2023-11-29 23:00:00+00:00
2023-11-29 01:00:00+00:00,92.08,3,2023-11-28 23:00:00+00:00,2023-11-29 23:00:00+00:00
2023-11-29 02:00:00+00:00,86.12,4,2023-11-28 23:00:00+00:00,2023-11-29 23:00:00+00:00
2023-11-29 03:00:00+00:00,84.94,5,2023-11-28 23:00:00+00:00,2023-11-29 23:00:00+00:00
2023-11-29 04:00:00+00:00,95.7,6,2023-11-28 23:00:00+00:00,2023-11-29 23:00:00+00:00
2023-11-29 05:00:00+00:00,102.84,7,2023-11-28 23:00:00+00:00,2023-11-29 23:00:00+00:00
2023-11-29 06:00:00+00:00,132.59,8,2023-11-28 23:00:00+00:00,2023-11-29 23:00:00+00:00
2023-11-29 07:00:00+00:00,149.58,9,2023-11-28 23:00:00+00:00,2023-11-29 23:00:00+00:00
2023-11-29 08:00:00+00:00,145.0,10,2023-11-28 23:00:00+00:00,2023-11-29 23:00:00+00:00
2023-11-29 09:00:00+00:00,133.85,11,2023-11-28 23:00:00+00:00,2023-11-29 23:00:00+00:00
2023-11-29 10:00:00+00:00,129.99,12,2023-11-28 23:00:00+00:00,2023-11-29 23:00:00+00:00
2023-11-29 11:00:00+00:00,128.21,13,2023-11-28 23:00:00+00:00,2023-11-29 23:00:00+00:00
2023-11-29 12:00:00+00:00,132.38,14,2023-11-28 23:00:00+00:00,2023-11-29 23:00:00+00:00
2023-11-29 13:00:00+00:00,146.66,15,2023-11-28 23:00:00+00:00,2023-11-29 23:00:00+00:00
2023-11-29 14:00:00+00:00,168.0,16,2023-11-28 23:00:00+00:00,2023-11-29 23:00:00+00:00
2023-11-29 15:00:00+00:00,200.0,17,2023-11-28 23:00:00+00:00,2023-11-29 23:00:00+00:00
2023-11-29 16:00:00+00:00,250.0,18,2023-11-28 23:00:00+00:00,2023-11-29 23:00:00+00:00
2023-11-29 18:00:00+00:00,200.0,20,2023-11-28 23:00:00+00:00,2023-11-29 23:00:00+00:00
2023-11-29 19:00:00+00:00,161.0,21,2023-11-28 23:00:00+00:00,2023-11-29 23:00:00+00:00
2023-11-29 20:00:00+00:00,139.01,22,2023-11-28 23:00:00+00:00,2023-11-29 23:00:00+00:00
2023-11-29 21:00:00+00:00,128.5,23,2023-11-28 23:00:00+00:00,2023-11-29 23:00:00+00:00
2023-11-29 22:00:00+00:00,114.27,24,2023-11-28 23:00:00+00:00,2023-11-29 23:00:00+00:00
2023-11-29 23:00:00+00:00,104.79,1,2023-11-29 23:00:00+00:00,2023-11-30 23:00:00+00:00
2023-11-30 00:00:00+00:00,104.52,2,2023-11-29 23:00:00+00:00,2023-11-30 23:00:00+00:00
2023-11-30 01:00:00+00:00,102.2,3,2023-11-29 23:00:00+00:00,2023-11-30 23:00:00+00:00
2023-11-30 02:00:00+00:00,100.0,4,2023-11-29 23:00:00+00:00,2023-11-30 23:00:00+00:00
2023-11-30 03:00:00+00:00,101.63,5,2023-11-29 23:00:00+00:00,2023-11-30 23:00:00+00:00
2023-11-30 04:00:00+00:00,106.3,6,2023-11-29 23:00:00+00:00,2023-11-30 23:00:00+00:00
2023-11-30 05:00:00+00:00,129.41,7,2023-11-29 23:00:00+00:00,2023-11-30 23:00:00+00:00
2023-11-30 06:00:00+00:00,168.09,8,2023-11-29 23:00:00+00:00,2023-11-30 23:00:00+00:00
2023-11-30 07:00:00+00:00,219.27,9,2023-11-29 23:00:00+00:00,2023-11-30 23:00:00+00:00
2023-11-30 08:00:00+00:00,237.06,10,2023-11-29 23:00:00+00:00,2023-11-30 23:00:00+00:00
2023-11-30 09:00:00+00:00,222.4,11,2023-11-29 23:00:00+00:00,2023-11-30 23:00:00+00:00
2023-11-30 10:00:00+00:00,223.22,12,2023-11-29 23:00:00+00:00,2023-11-30 23:00:00+00:00
2023-11-30 11:00:00+00:00,195.15,13,2023-11-29 23:00:00+00:00,2023-11-30 23:00:00+00:00
2023-11-30 12:00:00+00:00,189.76,14,2023-11-29 23:00:00+00:00,2023-11-30 23:00:00+00:00
2023-11-30 13:00:00+00:00,195.0,15,2023-11-29 23:00:00+00:00,2023-11-30 23:00:00+00:00
2023-11-30 15:00:00+00:00,226.0,17,2023-11-29 23:00:00+00:00,2023-11-30 23:00:00+00:00
2023-11-30 16:00:00+00:00,261.0,18,2023-11-29 23:00:00+00:00,2023-11-30 23:00:00+00:00
2023-11-30 17:00:00+00:00,249.41,19,2023-11-29 23:00:00+00:00,2023-11-30 23:00:00+00:00
2023-11-30 18:00:00+00:00,196.66,20,2023-11-29 23:00:00+00:00,2023-11-30 23:00:00+00:00
2023-11-30 19:00:00+00:00,153.93,21,2023-11-29 23:00:00+00:00,2023-11-30 23:00:00+00:00
2023-11-30 20:00:00+00:00,132.71,22,2023-11-29 23:00:00+00:00,2023-11-30 23:00:00+00:00
2023-11-30 21:00:00+00:00,124.67,23,2023-11-29 23:00:00+00:00,2023-11-30 23:00:00+00:00
2023-11-30 22:00:00+00:00,113.72,24,2023-11-29 23:00:00+00:00,2023-11-30 23:00:00+00:00
2023-11-30 23:00:00+00:00,106.91,1,2023-11-30 23:00:00+00:00,2023-12-01 23:00:00+00:00
2023-11-30 23:00:00+00:00,106.91,1,2023-11-30 23:00:00+00:00,2023-12-01 23:00:00+00:00
2023-12-01 00:00:00+00:00,102.63,2,2023-11-30 23:00:00+00:00,2023-12-01 23:00:00+00:00
2023-12-01 00:00:00+00:00,102.63,2,2023-11-30 23:00:00+00:00,2023-12-01 23:00:00+00:00
2023-12-01 01:00:00+00:00,99.1,3,2023-11-30 23:00:00+00:00,2023-12-01 23:00:00+00:00
2023-12-01 01:00:00+00:00,99.1,3,2023-11-30 23:00:00+00:00,2023-12-01 23:00:00+00:00
2023-12-01 02:00:00+00:00,95.89,4,2023-11-30 23:00:00+00:00,2023-12-01 23:00:00+00:00
2023-12-01 02:00:00+00:00,95.89,4,2023-11-30 23:00:00+00:00,2023-12-01 23:00:00+00:00
2023-12-01 03:00:00+00:00,96.07,5,2023-11-30 23:00:00+00:00,2023-12-01 23:00:00+00:00
2023-12-01 03:00:00+00:00,96.07,5,2023-11-30 23:00:00+00:00,2023-12-01 23:00:00+00:00
2023-12-01 04:00:00+00:00,102.29,6,2023-11-30 23:00:00+00:00,2023-12-01 23:00:00+00:00
2023-12-01 04:00:00+00:00,102.29,6,2023-11-30 23:00:00+00:00,2023-12-01 23:00:00+00:00
2023-12-01 05:00:00+00:00,120.0,7,2023-11-30 23:00:00+00:00,2023-12-01 23:00:00+00:00
2023-12-01 05:00:00+00:00,120.0,7,2023-11-30 23:00:00+00:00,2023-12-01 23:00:00+00:00
2023-12-01 06:00:00+00:00,152.07,8,2023-11-30 23:00:00+00:00,2023-12-01 23:00:00+00:00
2023-12-01 06:00:00+00:00,152.07,8,2023-11-30 23:00:00+00:00,2023-12-01 23:00:00+00:00
2023-12-01 07:00:00+00:00,203.32,9,2023-11-30 23:00:00+00:00,2023-12-01 23:00:00+00:00
2023-12-01 07:00:00+00:00,203.32,9,2023-11-30 23:00:00+00:00,2023-12-01 23:00:00+00:00
2023-12-01 08:00:00+00:00,222.35,10,2023-11-30 23:00:00+00:00,2023-12-01 23:00:00+00:00
2023-12-01 08:00:00+00:00,222.35,10,2023-11-30 23:00:00+00:00,2023-12-01 23:00:00+00:00
2023-12-01 09:00:00+00:00,214.99,11,2023-11-30 23:00:00+00:00,2023-12-01 23:00:00+00:00
2023-12-01 09:00:00+00:00,214.99,11,2023-11-30 23:00:00+00:00,2023-12-01 23:00:00+00:00
2023-12-01 10:00:00+00:00,213.09,12,2023-11-30 23:00:00+00:00,2023-12-01 23:00:00+00:00
2023-12-01 10:00:00+00:00,213.09,12,2023-11-30 23:00:00+00:00,2023-12-01 23:00:00+00:00
2023-12-01 11:00:00+00:00,196.72,13,2023-11-30 23:00:00+00:00,2023-12-01 23:00:00+00:00
2023-12-01 11:00:00+00:00,196.72,13,2023-11-30 23:00:00+00:00,2023-12-01 23:00:00+00:00
2023-12-01 12:00:00+00:00,174.54,14,2023-11-30 23:00:00+00:00,2023-12-01 23:00:00+00:00
2023-12-01 12:00:00+00:00,174.54,14,2023-11-30 23:00:00+00:00,2023-12-01 23:00:00+00:00
2023-12-01 13:00:00+00:00,174.11,15,2023-11-30 23:00:00+00:00,2023-12-01 23:00:00+00:00
2023-12-01 13:00:00+00:00,174.11,15,2023-11-30 23:00:00+00:00,2023-12-01 23:00:00+00:00
2023-12-01 14:00:00+00:00,183.6,16,2023-11-30 23:00:00+00:00,2023-12-01 23:00:00+00:00
2023-12-01 14:00:00+00:00,183.6,16,2023-11-30 23:00:00+00:00,2023-12-01 23:00:00+00:00
2023-12-01 15:00:00+00:00,200.0,17,2023-11-30 23:00:00+00:00,2023-12-01 23:00:00+00:00
2023-12-01 15:00:00+00:00,200.0,17,2023-11-30 23:00:00+00:00,2023-12-01 23:00:00+00:00
2023-12-01 16:00:00+00:00,229.77,18,2023-11-30 23:00:00+00:00,2023-12-01 23:00:00+00:00
2023-12-01 16:00:00+00:00,229.77,18,2023-11-30 23:00:00+00:00,2023-12-01 23:00:00+00:00
2023-12-01 17:00:00+00:00,199.1,19,2023-11-30 23:00:00+00:00,2023-12-01 23:00:00+00:00
2023-12-01 17:00:00+00:00,199.1,19,2023-11-30 23:00:00+00:00,2023-12-01 23:00:00+00:00
2023-12-01 18:00:00+00:00,168.49,20,2023-11-30 23:00:00+00:00,2023-12-01 23:00:00+00:00
2023-12-01 18:00:00+00:00,168.49,20,2023-11-30 23:00:00+00:00,2023-12-01 23:00:00+00:00
2023-12-01 19:00:00+00:00,142.33,21,2023-11-30 23:00:00+00:00,2023-12-01 23:00:00+00:00
2023-12-01 19:00:00+00:00,142.33,21,2023-11-30 23:00:00+00:00,2023-12-01 23:00:00+00:00
2023-12-01 20:00:00+00:00,125.11,22,2023-11-30 23:00:00+00:00,2023-12-01 23:00:00+00:00
2023-12-01 20:00:00+00:00,125.11,22,2023-11-30 23:00:00+00:00,2023-12-01 23:00:00+00:00
2023-12-01 21:00:00+00:00,118.31,23,2023-11-30 23:00:00+00:00,2023-12-01 23:00:00+00:00
2023-12-01 21:00:00+00:00,118.31,23,2023-11-30 23:00:00+00:00,2023-12-01 23:00:00+00:00
2023-12-01 22:00:00+00:00,108.12,24,2023-11-30 23:00:00+00:00,2023-12-01 23:00:00+00:00
2023-12-01 22:00:00+00:00,108.12,24,2023-11-30 23:00:00+00:00,2023-12-01 23:00:00+00:00
2023-12-01 23:00:00+00:00,105.3,1,2023-12-01 23:00:00+00:00,2023-12-02 23:00:00+00:00
2023-12-02 00:00:00+00:00,102.78,2,2023-12-01 23:00:00+00:00,2023-12-02 23:00:00+00:00
2023-12-02 01:00:00+00:00,101.74,3,2023-12-01 23:00:00+00:00,2023-12-02 23:00:00+00:00
2023-12-02 02:00:00+00:00,99.24,4,2023-12-01 23:00:00+00:00,2023-12-02 23:00:00+00:00
2023-12-02 03:00:00+00:00,98.35,5,2023-12-01 23:00:00+00:00,2023-12-02 23:00:00+00:00
2023-12-02 04:00:00+00:00,98.01,6,2023-12-01 23:00:00+00:00,2023-12-02 23:00:00+00:00
2023-12-02 05:00:00+00:00,99.06,7,2023-12-01 23:00:00+00:00,2023-12-02 23:00:00+00:00
2023-12-02 06:00:00+00:00,104.75,8,2023-12-01 23:00:00+00:00,2023-12-02 23:00:00+00:00
2023-12-02 07:00:00+00:00,120.34,9,2023-12-01 23:00:00+00:00,2023-12-02 23:00:00+00:00
2023-12-02 08:00:00+00:00,127.99,10,2023-12-01 23:00:00+00:00,2023-12-02 23:00:00+00:00
2023-12-02 09:00:00+00:00,130.75,11,2023-12-01 23:00:00+00:00,2023-12-02 23:00:00+00:00
2023-12-02 10:00:00+00:00,126.24,12,2023-12-01 23:00:00+00:00,2023-12-02 23:00:00+00:00
2023-12-02 11:00:00+00:00,119.9,13,2023-12-01 23:00:00+00:00,2023-12-02 23:00:00+00:00
2023-12-02 12:00:00+00:00,114.58,14,2023-12-01 23:00:00+00:00,2023-12-02 23:00:00+00:00
2023-12-02 13:00:00+00:00,118.52,15,2023-12-01 23:00:00+00:00,2023-12-02 23:00:00+00:00
2023-12-02 14:00:00+00:00,123.5,16,2023-12-01 23:00:00+00:00,2023-12-02 23:00:00+00:00
2023-12-02 15:00:00+00:00,129.79,17,2023-12-01 23:00:00+00:00,2023-12-02 23:00:00+00:00
2023-12-02 16:00:00+00:00,144.15,18,2023-12-01 23:00:00+00:00,2023-12-02 23:00:00+00:00
2023-12-02 17:00:00+00:00,144.85,19,2023-12-01 23:00:00+00:00,2023-12-02 23:00:00+00:00
2023-12-02 18:00:00+00:00,129.56,20,2023-12-01 23:00:00+00:00,2023-12-02 23:00:00+00:00
2023-12-02 19:00:00+00:00,122.56,21,2023-12-01 23:00:00+00:00,2023-12-02 23:00:00+00:00
2023-12-02 20:00:00+00:00,113.0,22,2023-12-01 23:00:00+00:00,2023-12-02 23:00:00+00:00
2023-12-02 21:00:00+00:00,109.01,23,2023-12-01 23:00:00+00:00,2023-12-02 23:00:00+00:00
2023-12-02 22:00:00+00:00,106.3,24,2023-12-01 23:00:00+00:00,2023-12-02 23:00:00+00:00
2023-12-02 23:00:00+00:00,108.63,1,2023-12-02 23:00:00+00:00,2023-12-03 23:00:00+00:00
2023-12-03 00:00:00+00:00,103.38,2,2023-12-02 23:00:00+00:00,2023-12-03 23:00:00+00:00
2023-12-03 01:00:00+00:00,100.2,3,2023-12-02 23:00:00+00:00,2023-12-03 23:00:00+00:00
2023-12-03 02:00:00+00:00,99.13,4,2023-12-02 23:00:00+00:00,2023-12-03 23:00:00+00:00
2023-12-03 03:00:00+00:00,95.15,5,2023-12-02 23:00:00+00:00,2023-12-03 23:00:00+00:00
2023-12-03 04:00:00+00:00,91.83,6,2023-12-02 23:00:00+00:00,2023-12-03 23:00:00+00:00
2023-12-03 05:00:00+00:00,88.89,7,2023-12-02 23:00:00+00:00,2023-12-03 23:00:00+00:00
2023-12-03 06:00:00+00:00,92.31,8,2023-12-02 23:00:00+00:00,2023-12-03 23:00:00+00:00
2023-12-03 07:00:00+00:00,97.02,9,2023-12-02 23:00:00+00:00,2023-12-03 23:00:00+00:00
2023-12-03 08:00:00+00:00,100.15,10,2023-12-02 23:00:00+00:00,2023-12-03 23:00:00+00:00
2023-12-03 09:00:00+00:00,104.96,11,2023-12-02 23:00:00+00:00,2023-12-03 23:00:00+00:00
2023-12-03 10:00:00+00:00,105.07,12,2023-12-02 23:00:00+00:00,2023-12-03 23:00:00+00:00
2023-12-03 11:00:00+00:00,102.91,13,2023-12-02 23:00:00+00:00,2023-12-03 23:00:00+00:00
2023-12-03 12:00:00+00:00,100.0,14,2023-12-02 23:00:00+00:00,2023-12-03 23:00:00+00:00
2023-12-03 13:00:00+00:00,105.68,15,2023-12-02 23:00:00+00:00,2023-12-03 23:00:00+00:00
2023-12-03 14:00:00+00:00,115.0,16,2023-12-02 23:00:00+00:00,2023-12-03 23:00:00+00:00
2023-12-03 15:00:00+00:00,122.2,17,2023-12-02 23:00:00+00:00,2023-12-03 23:00:00+00:00
2023-12-03 16:00:00+00:00,127.9,18,2023-12-02 23:00:00+00:00,2023-12-03 23:00:00+00:00
2023-12-03 17:00:00+00:00,129.05,19,2023-12-02 23:00:00+00:00,2023-12-03 23:00:00+00:00
2023-12-03 18:00:00+00:00,126.07,20,2023-12-02 23:00:00+00:00,2023-12-03 23:00:00+00:00
2023-12-03 19:00:00+00:00,112.33,21,2023-12-02 23:00:00+00:00,2023-12-03 23:00:00+00:00
2023-12-03 20:00:00+00:00,100.0,22,2023-12-02 23:00:00+00:00,2023-12-03 23:00:00+00:00
2023-12-03 21:00:00+00:00,99.09,23,2023-12-02 23:00:00+00:00,2023-12-03 23:00:00+00:00
2023-12-03 22:00:00+00:00,89.0,24,2023-12-02 23:00:00+00:00,2023-12-03 23:00:00+00:00
2023-12-03 23:00:00+00:00,93.86,1,2023-12-03 23:00:00+00:00,2023-12-04 23:00:00+00:00
2023-12-04 00:00:00+00:00,89.81,2,2023-12-03 23:00:00+00:00,2023-12-04 23:00:00+00:00
2023-12-04 01:00:00+00:00,88.02,3,2023-12-03 23:00:00+00:00,2023-12-04 23:00:00+00:00
2023-12-04 02:00:00+00:00,85.38,4,2023-12-03 23:00:00+00:00,2023-12-04 23:00:00+00:00
2023-12-04 03:00:00+00:00,85.83,5,2023-12-03 23:00:00+00:00,2023-12-04 23:00:00+00:00
2023-12-04 04:00:00+00:00,91.98,6,2023-12-03 23:00:00+00:00,2023-12-04 23:00:00+00:00
2023-12-04 05:00:00+00:00,103.38,7,2023-12-03 23:00:00+00:00,2023-12-04 23:00:00+00:00
2023-12-04 06:00:00+00:00,115.75,8,2023-12-03 23:00:00+00:00,2023-12-04 23:00:00+00:00
2023-12-04 07:00:00+00:00,122.64,9,2023-12-03 23:00:00+00:00,2023-12-04 23:00:00+00:00
2023-12-04 08:00:00+00:00,126.12,10,2023-12-03 23:00:00+00:00,2023-12-04 23:00:00+00:00
2023-12-04 09:00:00+00:00,128.02,11,2023-12-03 23:00:00+00:00,2023-12-04 23:00:00+00:00
2023-12-04 10:00:00+00:00,130.7,12,2023-12-03 23:00:00+00:00,2023-12-04 23:00:00+00:00
2023-12-04 11:00:00+00:00,126.45,13,2023-12-03 23:00:00+00:00,2023-12-04 23:00:00+00:00
2023-12-04 12:00:00+00:00,130.0,14,2023-12-03 23:00:00+00:00,2023-12-04 23:00:00+00:00
2023-12-04 13:00:00+00:00,127.1,15,2023-12-03 23:00:00+00:00,2023-12-04 23:00:00+00:00
2023-12-04 14:00:00+00:00,124.84,16,2023-12-03 23:00:00+00:00,2023-12-04 23:00:00+00:00
2023-12-04 15:00:00+00:00,121.96,17,2023-12-03 23:00:00+00:00,2023-12-04 23:00:00+00:00
2023-12-04 16:00:00+00:00,128.06,18,2023-12-03 23:00:00+00:00,2023-12-04 23:00:00+00:00
2023-12-04 17:00:00+00:00,125.6,19,2023-12-03 23:00:00+00:00,2023-12-04 23:00:00+00:00
2023-12-04 18:00:00+00:00,120.0,20,2023-12-03 23:00:00+00:00,2023-12-04 23:00:00+00:00
2023-12-04 19:00:00+00:00,114.33,21,2023-12-03 23:00:00+00:00,2023-12-04 23:00:00+00:00
2023-12-04 20:00:00+00:00,105.55,22,2023-12-03 23:00:00+00:00,2023-12-04 23:00:00+00:00
2023-12-04 21:00:00+00:00,100.0,23,2023-12-03 23:00:00+00:00,2023-12-04 23:00:00+00:00
2023-12-04 22:00:00+00:00,91.76,24,2023-12-03 23:00:00+00:00,2023-12-04 23:00:00+00:00
2023-12-04 23:00:00+00:00,90.85,1,2023-12-04 23:00:00+00:00,2023-12-05 23:00:00+00:00
2023-12-05 00:00:00+00:00,88.01,2,2023-12-04 23:00:00+00:00,2023-12-05 23:00:00+00:00
2023-12-05 01:00:00+00:00,85.73,3,2023-12-04 23:00:00+00:00,2023-12-05 23:00:00+00:00
2023-12-05 02:00:00+00:00,83.62,4,2023-12-04 23:00:00+00:00,2023-12-05 23:00:00+00:00
2023-12-05 03:00:00+00:00,84.71,5,2023-12-04 23:00:00+00:00,2023-12-05 23:00:00+00:00
2023-12-05 04:00:00+00:00,91.02,6,2023-12-04 23:00:00+00:00,2023-12-05 23:00:00+00:00
2023-12-05 05:00:00+00:00,107.95,7,2023-12-04 23:00:00+00:00,2023-12-05 23:00:00+00:00
2023-12-05 06:00:00+00:00,114.36,8,2023-12-04 23:00:00+00:00,2023-12-05 23:00:00+00:00
2023-12-05 07:00:00+00:00,122.79,9,2023-12-04 23:00:00+00:00,2023-12-05 23:00:00+00:00
2023-12-05 08:00:00+00:00,123.29,10,2023-12-04 23:00:00+00:00,2023-12-05 23:00:00+00:00
2023-12-05 09:00:00+00:00,120.69,11,2023-12-04 23:00:00+00:00,2023-12-05 23:00:00+00:00
2023-12-05 10:00:00+00:00,120.79,12,2023-12-04 23:00:00+00:00,2023-12-05 23:00:00+00:00
2023-12-05 11:00:00+00:00,117.96,13,2023-12-04 23:00:00+00:00,2023-12-05 23:00:00+00:00
2023-12-05 12:00:00+00:00,118.12,14,2023-12-04 23:00:00+00:00,2023-12-05 23:00:00+00:00
2023-12-05 13:00:00+00:00,125.07,15,2023-12-04 23:00:00+00:00,2023-12-05 23:00:00+00:00
2023-12-05 14:00:00+00:00,122.59,16,2023-12-04 23:00:00+00:00,2023-12-05 23:00:00+00:00
2023-12-05 15:00:00+00:00,129.24,17,2023-12-04 23:00:00+00:00,2023-12-05 23:00:00+00:00
2023-12-05 16:00:00+00:00,146.05,18,2023-12-04 23:00:00+00:00,2023-12-05 23:00:00+00:00
2023-12-05 17:00:00+00:00,147.47,19,2023-12-04 23:00:00+00:00,2023-12-05 23:00:00+00:00
2023-12-05 18:00:00+00:00,141.56,20,2023-12-04 23:00:00+00:00,2023-12-05 23:00:00+00:00
2023-12-05 19:00:00+00:00,128.63,21,2023-12-04 23:00:00+00:00,2023-12-05 23:00:00+00:00
2023-12-05 20:00:00+00:00,117.83,22,2023-12-04 23:00:00+00:00,2023-12-05 23:00:00+00:00
2023-12-05 21:00:00+00:00,111.55,23,2023-12-04 23:00:00+00:00,2023-12-05 23:00:00+00:00
2023-12-05 22:00:00+00:00,103.28,24,2023-12-04 23:00:00+00:00,2023-12-05 23:00:00+00:00
2023-12-05 23:00:00+00:00,94.97,1,2023-12-05 23:00:00+00:00,2023-12-06 23:00:00+00:00
2023-12-06 00:00:00+00:00,93.1,2,2023-12-05 23:00:00+00:00,2023-12-06 23:00:00+00:00
2023-12-06 01:00:00+00:00,92.57,3,2023-12-05 23:00:00+00:00,2023-12-06 23:00:00+00:00
2023-12-06 02:00:00+00:00,90.96,4,2023-12-05 23:00:00+00:00,2023-12-06 23:00:00+00:00
2023-12-06 03:00:00+00:00,90.59,5,2023-12-05 23:00:00+00:00,2023-12-06 23:00:00+00:00
2023-12-06 04:00:00+00:00,93.89,6,2023-12-05 23:00:00+00:00,2023-12-06 23:00:00+00:00
2023-12-06 05:00:00+00:00,106.52,7,2023-12-05 23:00:00+00:00,2023-12-06 23:00:00+00:00
2023-12-06 06:00:00+00:00,132.76,8,2023-12-05 23:00:00+00:00,2023-12-06 23:00:00+00:00
2023-12-06 07:00:00+00:00,167.0,9,2023-12-05 23:00:00+00:00,2023-12-06 23:00:00+00:00
2023-12-06 08:00:00+00:00,166.54,10,2023-12-05 23:00:00+00:00,2023-12-06 23:00:00+00:00
2023-12-06 09:00:00+00:00,150.0,11,2023-12-05 23:00:00+00:00,2023-12-06 23:00:00+00:00
2023-12-06 10:00:00+00:00,146.29,12,2023-12-05 23:00:00+00:00,2023-12-06 23:00:00+00:00
2023-12-06 11:00:00+00:00,119.0,13,2023-12-05 23:00:00+00:00,2023-12-06 23:00:00+00:00
2023-12-06 12:00:00+00:00,109.73,14,2023-12-05 23:00:00+00:00,2023-12-06 23:00:00+00:00
2023-12-06 13:00:00+00:00,129.89,15,2023-12-05 23:00:00+00:00,2023-12-06 23:00:00+00:00
2023-12-06 14:00:00+00:00,143.99,16,2023-12-05 23:00:00+00:00,2023-12-06 23:00:00+00:00
2023-12-06 15:00:00+00:00,164.0,17,2023-12-05 23:00:00+00:00,2023-12-06 23:00:00+00:00
2023-12-06 16:00:00+00:00,178.07,18,2023-12-05 23:00:00+00:00,2023-12-06 23:00:00+00:00
2023-12-06 17:00:00+00:00,165.28,19,2023-12-05 23:00:00+00:00,2023-12-06 23:00:00+00:00
2023-12-06 18:00:00+00:00,149.93,20,2023-12-05 23:00:00+00:00,2023-12-06 23:00:00+00:00
2023-12-06 19:00:00+00:00,129.91,21,2023-12-05 23:00:00+00:00,2023-12-06 23:00:00+00:00
2023-12-06 20:00:00+00:00,115.68,22,2023-12-05 23:00:00+00:00,2023-12-06 23:00:00+00:00
2023-12-06 21:00:00+00:00,107.33,23,2023-12-05 23:00:00+00:00,2023-12-06 23:00:00+00:00
2023-12-06 22:00:00+00:00,100.44,24,2023-12-05 23:00:00+00:00,2023-12-06 23:00:00+00:00
2023-12-06 23:00:00+00:00,99.2,1,2023-12-06 23:00:00+00:00,2023-12-07 23:00:00+00:00
2023-12-07 00:00:00+00:00,97.85,2,2023-12-06 23:00:00+00:00,2023-12-07 23:00:00+00:00
2023-12-07 01:00:00+00:00,96.86,3,2023-12-06 23:00:00+00:00,2023-12-07 23:00:00+00:00
2023-12-07 02:00:00+00:00,91.81,4,2023-12-06 23:00:00+00:00,2023-12-07 23:00:00+00:00
2023-12-07 03:00:00+00:00,89.92,5,2023-12-06 23:00:00+00:00,2023-12-07 23:00:00+00:00
2023-12-07 04:00:00+00:00,94.53,6,2023-12-06 23:00:00+00:00,2023-12-07 23:00:00+00:00
2023-12-07 05:00:00+00:00,97.05,7,2023-12-06 23:00:00+00:00,2023-12-07 23:00:00+00:00
2023-12-07 06:00:00+00:00,127.99,8,2023-12-06 23:00:00+00:00,2023-12-07 23:00:00+00:00
2023-12-07 07:00:00+00:00,150.0,9,2023-12-06 23:00:00+00:00,2023-12-07 23:00:00+00:00
2023-12-07 08:00:00+00:00,137.7,10,2023-12-06 23:00:00+00:00,2023-12-07 23:00:00+00:00
2023-12-07 09:00:00+00:00,108.2,11,2023-12-06 23:00:00+00:00,2023-12-07 23:00:00+00:00
2023-12-07 10:00:00+00:00,94.3,12,2023-12-06 23:00:00+00:00,2023-12-07 23:00:00+00:00
2023-12-07 11:00:00+00:00,79.0,13,2023-12-06 23:00:00+00:00,2023-12-07 23:00:00+00:00
2023-12-07 12:00:00+00:00,80.3,14,2023-12-06 23:00:00+00:00,2023-12-07 23:00:00+00:00
2023-12-07 13:00:00+00:00,86.0,15,2023-12-06 23:00:00+00:00,2023-12-07 23:00:00+00:00
2023-12-07 14:00:00+00:00,106.7,16,2023-12-06 23:00:00+00:00,2023-12-07 23:00:00+00:00
2023-12-07 15:00:00+00:00,126.13,17,2023-12-06 23:00:00+00:00,2023-12-07 23:00:00+00:00
2023-12-07 16:00:00+00:00,125.21,18,2023-12-06 23:00:00+00:00,2023-12-07 23:00:00+00:00
2023-12-07 17:00:00+00:00,120.28,19,2023-12-06 23:00:00+00:00,2023-12-07 23:00:00+00:00
2023-12-07 18:00:00+00:00,103.19,20,2023-12-06 23:00:00+00:00,2023-12-07 23:00:00+00:00
2023-12-07 19:00:00+00:00,99.88,21,2023-12-06 23:00:00+00:00,2023-12-07 23:00:00+00:00
2023-12-07 20:00:00+00:00,96.1,22,2023-12-06 23:00:00+00:00,2023-12-07 23:00:00+00:00
2023-12-07 21:00:00+00:00,96.47,23,2023-12-06 23:00:00+00:00,2023-12-07 23:00:00+00:00
2023-12-07 22:00:00+00:00,87.08,24,2023-12-06 23:00:00+00:00,2023-12-07 23:00:00+00:00
2023-12-07 23:00:00+00:00,87.09,1,2023-12-07 23:00:00+00:00,2023-12-08 23:00:00+00:00
2023-12-08 00:00:00+00:00,83.26,2,2023-12-07 23:00:00+00:00,2023-12-08 23:00:00+00:00
2023-12-08 01:00:00+00:00,81.43,3,2023-12-07 23:00:00+00:00,2023-12-08 23:00:00+00:00
2023-12-08 02:00:00+00:00,79.52,4,2023-12-07 23:00:00+00:00,2023-12-08 23:00:00+00:00
2023-12-08 03:00:00+00:00,80.0,5,2023-12-07 23:00:00+00:00,2023-12-08 23:00:00+00:00
2023-12-08 04:00:00+00:00,87.04,6,2023-12-07 23:00:00+00:00,2023-12-08 23:00:00+00:00
2023-12-08 05:00:00+00:00,99.94,7,2023-12-07 23:00:00+00:00,2023-12-08 23:00:00+00:00
2023-12-08 06:00:00+00:00,107.54,8,2023-12-07 23:00:00+00:00,2023-12-08 23:00:00+00:00
2023-12-08 07:00:00+00:00,112.8,9,2023-12-07 23:00:00+00:00,2023-12-08 23:00:00+00:00
2023-12-08 08:00:00+00:00,118.58,10,2023-12-07 23:00:00+00:00,2023-12-08 23:00:00+00:00
2023-12-08 09:00:00+00:00,118.78,11,2023-12-07 23:00:00+00:00,2023-12-08 23:00:00+00:00
2023-12-08 10:00:00+00:00,118.07,12,2023-12-07 23:00:00+00:00,2023-12-08 23:00:00+00:00
2023-12-08 11:00:00+00:00,116.74,13,2023-12-07 23:00:00+00:00,2023-12-08 23:00:00+00:00
2023-12-08 12:00:00+00:00,111.89,14,2023-12-07 23:00:00+00:00,2023-12-08 23:00:00+00:00
2023-12-08 13:00:00+00:00,113.09,15,2023-12-07 23:00:00+00:00,2023-12-08 23:00:00+00:00
2023-12-08 14:00:00+00:00,115.75,16,2023-12-07 23:00:00+00:00,2023-12-08 23:00:00+00:00
2023-12-08 15:00:00+00:00,113.35,17,2023-12-07 23:00:00+00:00,2023-12-08 23:00:00+00:00
2023-12-08 16:00:00+00:00,117.63,18,2023-12-07 23:00:00+00:00,2023-12-08 23:00:00+00:00
2023-12-08 17:00:00+00:00,118.6,19,2023-12-07 23:00:00+00:00,2023-12-08 23:00:00+00:00
2023-12-08 18:00:00+00:00,105.56,20,2023-12-07 23:00:00+00:00,2023-12-08 23:00:00+00:00
2023-12-08 19:00:00+00:00,104.67,21,2023-12-07 23:00:00+00:00,2023-12-08 23:00:00+00:00
2023-12-08 20:00:00+00:00,101.12,22,2023-12-07 23:00:00+00:00,2023-12-08 23:00:00+00:00
2023-12-08 21:00:00+00:00,101.39,23,2023-12-07 23:00:00+00:00,2023-12-08 23:00:00+00:00
2023-12-08 22:00:00+00:00,90.58,24,2023-12-07 23:00:00+00:00,2023-12-08 23:00:00+00:00
2023-12-08 23:00:00+00:00,95.0,1,2023-12-08 23:00:00+00:00,2023-12-09 23:00:00+00:00
2023-12-09 00:00:00+00:00,85.1,2,2023-12-08 23:00:00+00:00,2023-12-09 23:00:00+00:00
2023-12-09 01:00:00+00:00,79.49,3,2023-12-08 23:00:00+00:00,2023-12-09 23:00:00+00:00
2023-12-09 02:00:00+00:00,73.07,4,2023-12-08 23:00:00+00:00,2023-12-09 23:00:00+00:00
2023-12-09 03:00:00+00:00,69.57,5,2023-12-08 23:00:00+00:00,2023-12-09 23:00:00+00:00
2023-12-09 04:00:00+00:00,72.38,6,2023-12-08 23:00:00+00:00,2023-12-09 23:00:00+00:00
2023-12-09 05:00:00+00:00,76.04,7,2023-12-08 23:00:00+00:00,2023-12-09 23:00:00+00:00
2023-12-09 06:00:00+00:00,82.49,8,2023-12-08 23:00:00+00:00,2023-12-09 23:00:00+00:00
2023-12-09 07:00:00+00:00,85.14,9,2023-12-08 23:00:00+00:00,2023-12-09 23:00:00+00:00
2023-12-09 08:00:00+00:00,91.76,10,2023-12-08 23:00:00+00:00,2023-12-09 23:00:00+00:00
2023-12-09 09:00:00+00:00,90.58,11,2023-12-08 23:00:00+00:00,2023-12-09 23:00:00+00:00
2023-12-09 10:00:00+00:00,90.75,12,2023-12-08 23:00:00+00:00,2023-12-09 23:00:00+00:00
2023-12-09 11:00:00+00:00,91.17,13,2023-12-08 23:00:00+00:00,2023-12-09 23:00:00+00:00
2023-12-09 12:00:00+00:00,88.69,14,2023-12-08 23:00:00+00:00,2023-12-09 23:00:00+00:00
2023-12-09 13:00:00+00:00,85.6,15,2023-12-08 23:00:00+00:00,2023-12-09 23:00:00+00:00
2023-12-09 14:00:00+00:00,83.5,16,2023-12-08 23:00:00+00:00,2023-12-09 23:00:00+00:00
2023-12-09 15:00:00+00:00,78.7,17,2023-12-08 23:00:00+00:00,2023-12-09 23:00:00+00:00
2023-12-09 16:00:00+00:00,83.44,18,2023-12-08 23:00:00+00:00,2023-12-09 23:00:00+00:00
2023-12-09 17:00:00+00:00,80.0,19,2023-12-08 23:00:00+00:00,2023-12-09 23:00:00+00:00
2023-12-09 18:00:00+00:00,78.69,20,2023-12-08 23:00:00+00:00,2023-12-09 23:00:00+00:00
2023-12-09 19:00:00+00:00,65.62,21,2023-12-08 23:00:00+00:00,2023-12-09 23:00:00+00:00
2023-12-09 20:00:00+00:00,61.4,22,2023-12-08 23:00:00+00:00,2023-12-09 23:00:00+00:00
2023-12-09 21:00:00+00:00,57.2,23,2023-12-08 23:00:00+00:00,2023-12-09 23:00:00+00:00
2023-12-09 22:00:00+00:00,46.18,24,2023-12-08 23:00:00+00:00,2023-12-09 23:00:00+00:00
2023-12-09 23:00:00+00:00,33.78,1,2023-12-09 23:00:00+00:00,2023-12-10 23:00:00+00:00
2023-12-10 00:00:00+00:00,21.34,2,2023-12-09 23:00:00+00:00,2023-12-10 23:00:00+00:00
2023-12-10 01:00:00+00:00,12.49,3,2023-12-09 23:00:00+00:00,2023-12-10 23:00:00+00:00
2023-12-10 02:00:00+00:00,6.37,4,2023-12-09 23:00:00+00:00,2023-12-10 23:00:00+00:00
2023-12-10 03:00:00+00:00,9.36,5,2023-12-09 23:00:00+00:00,2023-12-10 23:00:00+00:00
2023-12-10 04:00:00+00:00,17.54,6,2023-12-09 23:00:00+00:00,2023-12-10 23:00:00+00:00
2023-12-10 05:00:00+00:00,23.84,7,2023-12-09 23:00:00+00:00,2023-12-10 23:00:00+00:00
2023-12-10 06:00:00+00:00,41.85,8,2023-12-09 23:00:00+00:00,2023-12-10 23:00:00+00:00
2023-12-10 07:00:00+00:00,59.67,9,2023-12-09 23:00:00+00:00,2023-12-10 23:00:00+00:00
2023-12-10 08:00:00+00:00,66.24,10,2023-12-09 23:00:00+00:00,2023-12-10 23:00:00+00:00
2023-12-10 09:00:00+00:00,68.01,11,2023-12-09 23:00:00+00:00,2023-12-10 23:00:00+00:00
2023-12-10 10:00:00+00:00,67.96,12,2023-12-09 23:00:00+00:00,2023-12-10 23:00:00+00:00
2023-12-10 11:00:00+00:00,66.38,13,2023-12-09 23:00:00+00:00,2023-12-10 23:00:00+00:00
2023-12-10 12:00:00+00:00,64.73,14,2023-12-09 23:00:00+00:00,2023-12-10 23:00:00+00:00
2023-12-10 13:00:00+00:00,68.98,15,2023-12-09 23:00:00+00:00,2023-12-10 23:00:00+00:00
2023-12-10 14:00:00+00:00,75.84,16,2023-12-09 23:00:00+00:00,2023-12-10 23:00:00+00:00
2023-12-10 15:00:00+00:00,80.3,17,2023-12-09 23:00:00+00:00,2023-12-10 23:00:00+00:00
2023-12-10 17:00:00+00:00,85.42,19,2023-12-09 23:00:00+00:00,2023-12-10 23:00:00+00:00
2023-12-10 18:00:00+00:00,80.76,20,2023-12-09 23:00:00+00:00,2023-12-10 23:00:00+00:00
2023-12-10 19:00:00+00:00,78.05,21,2023-12-09 23:00:00+00:00,2023-12-10 23:00:00+00:00
2023-12-10 20:00:00+00:00,77.06,22,2023-12-09 23:00:00+00:00,2023-12-10 23:00:00+00:00
2023-12-10 21:00:00+00:00,77.47,23,2023-12-09 23:00:00+00:00,2023-12-10 23:00:00+00:00
2023-12-10 22:00:00+00:00,67.15,24,2023-12-09 23:00:00+00:00,2023-12-10 23:00:00+00:00
2023-12-10 23:00:00+00:00,34.55,1,2023-12-10 23:00:00+00:00,2023-12-11 23:00:00+00:00
2023-12-11 00:00:00+00:00,15.74,2,2023-12-10 23:00:00+00:00,2023-12-11 23:00:00+00:00
2023-12-11 01:00:00+00:00,13.0,3,2023-12-10 23:00:00+00:00,2023-12-11 23:00:00+00:00
2023-12-11 02:00:00+00:00,8.9,4,2023-12-10 23:00:00+00:00,2023-12-11 23:00:00+00:00
2023-12-11 03:00:00+00:00,11.99,5,2023-12-10 23:00:00+00:00,2023-12-11 23:00:00+00:00
2023-12-11 04:00:00+00:00,35.79,6,2023-12-10 23:00:00+00:00,2023-12-11 23:00:00+00:00
2023-12-11 05:00:00+00:00,74.29,7,2023-12-10 23:00:00+00:00,2023-12-11 23:00:00+00:00
2023-12-11 06:00:00+00:00,92.74,8,2023-12-10 23:00:00+00:00,2023-12-11 23:00:00+00:00
2023-12-11 07:00:00+00:00,98.65,9,2023-12-10 23:00:00+00:00,2023-12-11 23:00:00+00:00
2023-12-11 08:00:00+00:00,98.37,10,2023-12-10 23:00:00+00:00,2023-12-11 23:00:00+00:00
2023-12-11 09:00:00+00:00,93.29,11,2023-12-10 23:00:00+00:00,2023-12-11 23:00:00+00:00
2023-12-11 10:00:00+00:00,90.98,12,2023-12-10 23:00:00+00:00,2023-12-11 23:00:00+00:00
2023-12-11 11:00:00+00:00,85.97,13,2023-12-10 23:00:00+00:00,2023-12-11 23:00:00+00:00
2023-12-11 12:00:00+00:00,84.48,14,2023-12-10 23:00:00+00:00,2023-12-11 23:00:00+00:00
2023-12-11 13:00:00+00:00,92.0,15,2023-12-10 23:00:00+00:00,2023-12-11 23:00:00+00:00
2023-12-11 14:00:00+00:00,96.79,16,2023-12-10 23:00:00+00:00,2023-12-11 23:00:00+00:00
2023-12-11 15:00:00+00:00,106.12,17,2023-12-10 23:00:00+00:00,2023-12-11 23:00:00+00:00
2023-12-11 16:00:00+00:00,118.45,18,2023-12-10 23:00:00+00:00,2023-12-11 23:00:00+00:00
2023-12-11 17:00:00+00:00,122.9,19,2023-12-10 23:00:00+00:00,2023-12-11 23:00:00+00:00
2023-12-11 18:00:00+00:00,121.55,20,2023-12-10 23:00:00+00:00,2023-12-11 23:00:00+00:00
2023-12-11 19:00:00+00:00,114.11,21,2023-12-10 23:00:00+00:00,2023-12-11 23:00:00+00:00
2023-12-11 20:00:00+00:00,99.42,22,2023-12-10 23:00:00+00:00,2023-12-11 23:00:00+00:00
2023-12-11 21:00:00+00:00,96.53,23,2023-12-10 23:00:00+00:00,2023-12-11 23:00:00+00:00
2023-12-11 22:00:00+00:00,90.37,24,2023-12-10 23:00:00+00:00,2023-12-11 23:00:00+00:00
2023-12-11 23:00:00+00:00,88.07,1,2023-12-11 23:00:00+00:00,2023-12-12 23:00:00+00:00
2023-12-12 00:00:00+00:00,87.06,2,2023-12-11 23:00:00+00:00,2023-12-12 23:00:00+00:00
2023-12-12 01:00:00+00:00,85.62,3,2023-12-11 23:00:00+00:00,2023-12-12 23:00:00+00:00
2023-12-12 02:00:00+00:00,84.42,4,2023-12-11 23:00:00+00:00,2023-12-12 23:00:00+00:00
2023-12-12 03:00:00+00:00,85.55,5,2023-12-11 23:00:00+00:00,2023-12-12 23:00:00+00:00
2023-12-12 04:00:00+00:00,87.31,6,2023-12-11 23:00:00+00:00,2023-12-12 23:00:00+00:00
2023-12-12 05:00:00+00:00,98.9,7,2023-12-11 23:00:00+00:00,2023-12-12 23:00:00+00:00
2023-12-12 06:00:00+00:00,118.4,8,2023-12-11 23:00:00+00:00,2023-12-12 23:00:00+00:00
2023-12-12 07:00:00+00:00,140.79,9,2023-12-11 23:00:00+00:00,2023-12-12 23:00:00+00:00
2023-12-12 08:00:00+00:00,128.77,10,2023-12-11 23:00:00+00:00,2023-12-12 23:00:00+00:00
2023-12-12 09:00:00+00:00,124.57,11,2023-12-11 23:00:00+00:00,2023-12-12 23:00:00+00:00
2023-12-12 10:00:00+00:00,118.81,12,2023-12-11 23:00:00+00:00,2023-12-12 23:00:00+00:00
2023-12-12 11:00:00+00:00,116.82,13,2023-12-11 23:00:00+00:00,2023-12-12 23:00:00+00:00
2023-12-12 12:00:00+00:00,119.47,14,2023-12-11 23:00:00+00:00,2023-12-12 23:00:00+00:00
2023-12-12 13:00:00+00:00,116.69,15,2023-12-11 23:00:00+00:00,2023-12-12 23:00:00+00:00
2023-12-12 14:00:00+00:00,115.54,16,2023-12-11 23:00:00+00:00,2023-12-12 23:00:00+00:00
2023-12-12 15:00:00+00:00,106.5,17,2023-12-11 23:00:00+00:00,2023-12-12 23:00:00+00:00
2023-12-12 16:00:00+00:00,104.13,18,2023-12-11 23:00:00+00:00,2023-12-12 23:00:00+00:00
2023-12-12 17:00:00+00:00,105.0,19,2023-12-11 23:00:00+00:00,2023-12-12 23:00:00+00:00
2023-12-12 18:00:00+00:00,93.6,20,2023-12-11 23:00:00+00:00,2023-12-12 23:00:00+00:00
2023-12-12 19:00:00+00:00,92.15,21,2023-12-11 23:00:00+00:00,2023-12-12 23:00:00+00:00
2023-12-12 20:00:00+00:00,88.14,22,2023-12-11 23:00:00+00:00,2023-12-12 23:00:00+00:00
2023-12-12 21:00:00+00:00,83.37,23,2023-12-11 23:00:00+00:00,2023-12-12 23:00:00+00:00
2023-12-12 22:00:00+00:00,77.5,24,2023-12-11 23:00:00+00:00,2023-12-12 23:00:00+00:00
2023-12-12 23:00:00+00:00,75.43,1,2023-12-12 23:00:00+00:00,2023-12-13 23:00:00+00:00
2023-12-13 00:00:00+00:00,73.01,2,2023-12-12 23:00:00+00:00,2023-12-13 23:00:00+00:00
2023-12-13 01:00:00+00:00,73.72,3,2023-12-12 23:00:00+00:00,2023-12-13 23:00:00+00:00
2023-12-13 02:00:00+00:00,71.46,4,2023-12-12 23:00:00+00:00,2023-12-13 23:00:00+00:00
2023-12-13 03:00:00+00:00,73.05,5,2023-12-12 23:00:00+00:00,2023-12-13 23:00:00+00:00
2023-12-13 04:00:00+00:00,75.57,6,2023-12-12 23:00:00+00:00,2023-12-13 23:00:00+00:00
2023-12-13 05:00:00+00:00,83.1,7,2023-12-12 23:00:00+00:00,2023-12-13 23:00:00+00:00
2023-12-13 06:00:00+00:00,102.19,8,2023-12-12 23:00:00+00:00,2023-12-13 23:00:00+00:00
2023-12-13 07:00:00+00:00,98.77,9,2023-12-12 23:00:00+00:00,2023-12-13 23:00:00+00:00
2023-12-13 08:00:00+00:00,103.51,10,2023-12-12 23:00:00+00:00,2023-12-13 23:00:00+00:00
2023-12-13 09:00:00+00:00,100.23,11,2023-12-12 23:00:00+00:00,2023-12-13 23:00:00+00:00
2023-12-13 10:00:00+00:00,100.0,12,2023-12-12 23:00:00+00:00,2023-12-13 23:00:00+00:00
2023-12-13 11:00:00+00:00,97.62,13,2023-12-12 23:00:00+00:00,2023-12-13 23:00:00+00:00
2023-12-13 12:00:00+00:00,97.34,14,2023-12-12 23:00:00+00:00,2023-12-13 23:00:00+00:00
2023-12-13 13:00:00+00:00,102.06,15,2023-12-12 23:00:00+00:00,2023-12-13 23:00:00+00:00
2023-12-13 14:00:00+00:00,102.83,16,2023-12-12 23:00:00+00:00,2023-12-13 23:00:00+00:00
2023-12-13 15:00:00+00:00,100.78,17,2023-12-12 23:00:00+00:00,2023-12-13 23:00:00+00:00
2023-12-13 16:00:00+00:00,110.04,18,2023-12-12 23:00:00+00:00,2023-12-13 23:00:00+00:00
2023-12-13 17:00:00+00:00,105.42,19,2023-12-12 23:00:00+00:00,2023-12-13 23:00:00+00:00
2023-12-13 18:00:00+00:00,102.04,20,2023-12-12 23:00:00+00:00,2023-12-13 23:00:00+00:00
2023-12-13 19:00:00+00:00,95.3,21,2023-12-12 23:00:00+00:00,2023-12-13 23:00:00+00:00
2023-12-13 20:00:00+00:00,90.88,22,2023-12-12 23:00:00+00:00,2023-12-13 23:00:00+00:00
2023-12-13 21:00:00+00:00,92.35,23,2023-12-12 23:00:00+00:00,2023-12-13 23:00:00+00:00
2023-12-13 22:00:00+00:00,84.25,24,2023-12-12 23:00:00+00:00,2023-12-13 23:00:00+00:00
2023-12-13 23:00:00+00:00,77.34,1,2023-12-13 23:00:00+00:00,2023-12-14 23:00:00+00:00
2023-12-14 00:00:00+00:00,76.13,2,2023-12-13 23:00:00+00:00,2023-12-14 23:00:00+00:00
2023-12-14 01:00:00+00:00,76.5,3,2023-12-13 23:00:00+00:00,2023-12-14 23:00:00+00:00
2023-12-14 02:00:00+00:00,77.53,4,2023-12-13 23:00:00+00:00,2023-12-14 23:00:00+00:00
2023-12-14 03:00:00+00:00,79.05,5,2023-12-13 23:00:00+00:00,2023-12-14 23:00:00+00:00
2023-12-14 04:00:00+00:00,81.92,6,2023-12-13 23:00:00+00:00,2023-12-14 23:00:00+00:00
2023-12-14 05:00:00+00:00,90.92,7,2023-12-13 23:00:00+00:00,2023-12-14 23:00:00+00:00
2023-12-14 06:00:00+00:00,116.34,8,2023-12-13 23:00:00+00:00,2023-12-14 23:00:00+00:00
2023-12-14 07:00:00+00:00,124.66,9,2023-12-13 23:00:00+00:00,2023-12-14 23:00:00+00:00
2023-12-14 08:00:00+00:00,121.7,10,2023-12-13 23:00:00+00:00,2023-12-14 23:00:00+00:00
2023-12-14 09:00:00+00:00,114.33,11,2023-12-13 23:00:00+00:00,2023-12-14 23:00:00+00:00
2023-12-14 10:00:00+00:00,119.32,12,2023-12-13 23:00:00+00:00,2023-12-14 23:00:00+00:00
2023-12-14 11:00:00+00:00,95.0,13,2023-12-13 23:00:00+00:00,2023-12-14 23:00:00+00:00
2023-12-14 12:00:00+00:00,99.9,14,2023-12-13 23:00:00+00:00,2023-12-14 23:00:00+00:00
2023-12-14 13:00:00+00:00,100.8,15,2023-12-13 23:00:00+00:00,2023-12-14 23:00:00+00:00
2023-12-14 14:00:00+00:00,108.1,16,2023-12-13 23:00:00+00:00,2023-12-14 23:00:00+00:00
2023-12-14 15:00:00+00:00,120.0,17,2023-12-13 23:00:00+00:00,2023-12-14 23:00:00+00:00
2023-12-14 16:00:00+00:00,119.9,18,2023-12-13 23:00:00+00:00,2023-12-14 23:00:00+00:00
2023-12-14 17:00:00+00:00,122.3,19,2023-12-13 23:00:00+00:00,2023-12-14 23:00:00+00:00
2023-12-14 18:00:00+00:00,113.82,20,2023-12-13 23:00:00+00:00,2023-12-14 23:00:00+00:00
2023-12-14 19:00:00+00:00,99.9,21,2023-12-13 23:00:00+00:00,2023-12-14 23:00:00+00:00
2023-12-14 20:00:00+00:00,96.2,22,2023-12-13 23:00:00+00:00,2023-12-14 23:00:00+00:00
2023-12-14 21:00:00+00:00,94.46,23,2023-12-13 23:00:00+00:00,2023-12-14 23:00:00+00:00
2023-12-14 22:00:00+00:00,85.57,24,2023-12-13 23:00:00+00:00,2023-12-14 23:00:00+00:00
2023-12-14 23:00:00+00:00,86.11,1,2023-12-14 23:00:00+00:00,2023-12-15 23:00:00+00:00
2023-12-15 00:00:00+00:00,82.93,2,2023-12-14 23:00:00+00:00,2023-12-15 23:00:00+00:00
2023-12-15 01:00:00+00:00,80.1,3,2023-12-14 23:00:00+00:00,2023-12-15 23:00:00+00:00
2023-12-15 02:00:00+00:00,76.55,4,2023-12-14 23:00:00+00:00,2023-12-15 23:00:00+00:00
2023-12-15 03:00:00+00:00,75.16,5,2023-12-14 23:00:00+00:00,2023-12-15 23:00:00+00:00
2023-12-15 04:00:00+00:00,80.41,6,2023-12-14 23:00:00+00:00,2023-12-15 23:00:00+00:00
2023-12-15 05:00:00+00:00,95.97,7,2023-12-14 23:00:00+00:00,2023-12-15 23:00:00+00:00
2023-12-15 06:00:00+00:00,106.92,8,2023-12-14 23:00:00+00:00,2023-12-15 23:00:00+00:00
2023-12-15 07:00:00+00:00,121.5,9,2023-12-14 23:00:00+00:00,2023-12-15 23:00:00+00:00
2023-12-15 08:00:00+00:00,117.47,10,2023-12-14 23:00:00+00:00,2023-12-15 23:00:00+00:00
2023-12-15 09:00:00+00:00,109.97,11,2023-12-14 23:00:00+00:00,2023-12-15 23:00:00+00:00
2023-12-15 10:00:00+00:00,102.77,12,2023-12-14 23:00:00+00:00,2023-12-15 23:00:00+00:00
2023-12-15 11:00:00+00:00,94.2,13,2023-12-14 23:00:00+00:00,2023-12-15 23:00:00+00:00
2023-12-15 12:00:00+00:00,88.37,14,2023-12-14 23:00:00+00:00,2023-12-15 23:00:00+00:00
2023-12-15 13:00:00+00:00,87.1,15,2023-12-14 23:00:00+00:00,2023-12-15 23:00:00+00:00
2023-12-15 14:00:00+00:00,89.86,16,2023-12-14 23:00:00+00:00,2023-12-15 23:00:00+00:00
2023-12-15 15:00:00+00:00,98.4,17,2023-12-14 23:00:00+00:00,2023-12-15 23:00:00+00:00
2023-12-15 16:00:00+00:00,104.4,18,2023-12-14 23:00:00+00:00,2023-12-15 23:00:00+00:00
2023-12-15 17:00:00+00:00,101.86,19,2023-12-14 23:00:00+00:00,2023-12-15 23:00:00+00:00
2023-12-15 18:00:00+00:00,93.3,20,2023-12-14 23:00:00+00:00,2023-12-15 23:00:00+00:00
2023-12-15 19:00:00+00:00,93.36,21,2023-12-14 23:00:00+00:00,2023-12-15 23:00:00+00:00
2023-12-15 20:00:00+00:00,88.36,22,2023-12-14 23:00:00+00:00,2023-12-15 23:00:00+00:00
2023-12-15 21:00:00+00:00,86.77,23,2023-12-14 23:00:00+00:00,2023-12-15 23:00:00+00:00
2023-12-15 22:00:00+00:00,76.71,24,2023-12-14 23:00:00+00:00,2023-12-15 23:00:00+00:00
2023-12-15 23:00:00+00:00,67.2,1,2023-12-15 23:00:00+00:00,2023-12-16 23:00:00+00:00
2023-12-16 00:00:00+00:00,63.21,2,2023-12-15 23:00:00+00:00,2023-12-16 23:00:00+00:00
2023-12-16 01:00:00+00:00,60.37,3,2023-12-15 23:00:00+00:00,2023-12-16 23:00:00+00:00
2023-12-16 02:00:00+00:00,58.0,4,2023-12-15 23:00:00+00:00,2023-12-16 23:00:00+00:00
2023-12-16 03:00:00+00:00,54.1,5,2023-12-15 23:00:00+00:00,2023-12-16 23:00:00+00:00
2023-12-16 04:00:00+00:00,55.64,6,2023-12-15 23:00:00+00:00,2023-12-16 23:00:00+00:00
2023-12-16 05:00:00+00:00,59.34,7,2023-12-15 23:00:00+00:00,2023-12-16 23:00:00+00:00
2023-12-16 06:00:00+00:00,65.1,8,2023-12-15 23:00:00+00:00,2023-12-16 23:00:00+00:00
2023-12-16 07:00:00+00:00,79.89,9,2023-12-15 23:00:00+00:00,2023-12-16 23:00:00+00:00
2023-12-16 08:00:00+00:00,87.69,10,2023-12-15 23:00:00+00:00,2023-12-16 23:00:00+00:00
2023-12-16 09:00:00+00:00,84.42,11,2023-12-15 23:00:00+00:00,2023-12-16 23:00:00+00:00
2023-12-16 10:00:00+00:00,77.0,12,2023-12-15 23:00:00+00:00,2023-12-16 23:00:00+00:00
2023-12-16 11:00:00+00:00,71.45,13,2023-12-15 23:00:00+00:00,2023-12-16 23:00:00+00:00
2023-12-16 12:00:00+00:00,70.62,14,2023-12-15 23:00:00+00:00,2023-12-16 23:00:00+00:00
2023-12-16 13:00:00+00:00,75.31,15,2023-12-15 23:00:00+00:00,2023-12-16 23:00:00+00:00
2023-12-16 14:00:00+00:00,80.38,16,2023-12-15 23:00:00+00:00,2023-12-16 23:00:00+00:00
2023-12-16 15:00:00+00:00,83.9,17,2023-12-15 23:00:00+00:00,2023-12-16 23:00:00+00:00
2023-12-16 16:00:00+00:00,106.78,18,2023-12-15 23:00:00+00:00,2023-12-16 23:00:00+00:00
2023-12-16 17:00:00+00:00,118.81,19,2023-12-15 23:00:00+00:00,2023-12-16 23:00:00+00:00
2023-12-16 18:00:00+00:00,103.0,20,2023-12-15 23:00:00+00:00,2023-12-16 23:00:00+00:00
2023-12-16 19:00:00+00:00,93.6,21,2023-12-15 23:00:00+00:00,2023-12-16 23:00:00+00:00
2023-12-16 20:00:00+00:00,75.0,22,2023-12-15 23:00:00+00:00,2023-12-16 23:00:00+00:00
2023-12-16 21:00:00+00:00,66.46,23,2023-12-15 23:00:00+00:00,2023-12-16 23:00:00+00:00
2023-12-16 22:00:00+00:00,56.0,24,2023-12-15 23:00:00+00:00,2023-12-16 23:00:00+00:00
2023-12-16 23:00:00+00:00,45.48,1,2023-12-16 23:00:00+00:00,2023-12-17 23:00:00+00:00
2023-12-17 00:00:00+00:00,43.11,2,2023-12-16 23:00:00+00:00,2023-12-17 23:00:00+00:00
2023-12-17 01:00:00+00:00,43.71,3,2023-12-16 23:00:00+00:00,2023-12-17 23:00:00+00:00
2023-12-17 02:00:00+00:00,28.69,4,2023-12-16 23:00:00+00:00,2023-12-17 23:00:00+00:00
2023-12-17 03:00:00+00:00,26.37,5,2023-12-16 23:00:00+00:00,2023-12-17 23:00:00+00:00
2023-12-17 04:00:00+00:00,29.87,6,2023-12-16 23:00:00+00:00,2023-12-17 23:00:00+00:00
2023-12-17 05:00:00+00:00,39.03,7,2023-12-16 23:00:00+00:00,2023-12-17 23:00:00+00:00
2023-12-17 06:00:00+00:00,45.53,8,2023-12-16 23:00:00+00:00,2023-12-17 23:00:00+00:00
2023-12-17 07:00:00+00:00,57.67,9,2023-12-16 23:00:00+00:00,2023-12-17 23:00:00+00:00
2023-12-17 08:00:00+00:00,59.17,10,2023-12-16 23:00:00+00:00,2023-12-17 23:00:00+00:00
2023-12-17 09:00:00+00:00,54.43,11,2023-12-16 23:00:00+00:00,2023-12-17 23:00:00+00:00
2023-12-17 10:00:00+00:00,49.0,12,2023-12-16 23:00:00+00:00,2023-12-17 23:00:00+00:00
2023-12-17 11:00:00+00:00,43.71,13,2023-12-16 23:00:00+00:00,2023-12-17 23:00:00+00:00
2023-12-17 12:00:00+00:00,40.03,14,2023-12-16 23:00:00+00:00,2023-12-17 23:00:00+00:00
2023-12-17 13:00:00+00:00,46.1,15,2023-12-16 23:00:00+00:00,2023-12-17 23:00:00+00:00
2023-12-17 14:00:00+00:00,57.18,16,2023-12-16 23:00:00+00:00,2023-12-17 23:00:00+00:00
2023-12-17 15:00:00+00:00,64.13,17,2023-12-16 23:00:00+00:00,2023-12-17 23:00:00+00:00
2023-12-17 16:00:00+00:00,89.0,18,2023-12-16 23:00:00+00:00,2023-12-17 23:00:00+00:00
2023-12-17 17:00:00+00:00,99.89,19,2023-12-16 23:00:00+00:00,2023-12-17 23:00:00+00:00
2023-12-17 18:00:00+00:00,86.0,20,2023-12-16 23:00:00+00:00,2023-12-17 23:00:00+00:00
2023-12-17 19:00:00+00:00,65.99,21,2023-12-16 23:00:00+00:00,2023-12-17 23:00:00+00:00
2023-12-17 20:00:00+00:00,64.89,22,2023-12-16 23:00:00+00:00,2023-12-17 23:00:00+00:00
2023-12-17 21:00:00+00:00,66.84,23,2023-12-16 23:00:00+00:00,2023-12-17 23:00:00+00:00
2023-12-17 22:00:00+00:00,51.63,24,2023-12-16 23:00:00+00:00,2023-12-17 23:00:00+00:00
2023-12-17 23:00:00+00:00,54.46,1,2023-12-17 23:00:00+00:00,2023-12-18 23:00:00+00:00
2023-12-18 00:00:00+00:00,52.02,2,2023-12-17 23:00:00+00:00,2023-12-18 23:00:00+00:00
2023-12-18 01:00:00+00:00,50.29,3,2023-12-17 23:00:00+00:00,2023-12-18 23:00:00+00:00
2023-12-18 02:00:00+00:00,49.2,4,2023-12-17 23:00:00+00:00,2023-12-18 23:00:00+00:00
2023-12-18 03:00:00+00:00,52.77,5,2023-12-17 23:00:00+00:00,2023-12-18 23:00:00+00:00
2023-12-18 04:00:00+00:00,62.58,6,2023-12-17 23:00:00+00:00,2023-12-18 23:00:00+00:00
2023-12-18 05:00:00+00:00,84.0,7,2023-12-17 23:00:00+00:00,2023-12-18 23:00:00+00:00
2023-12-18 06:00:00+00:00,103.39,8,2023-12-17 23:00:00+00:00,2023-12-18 23:00:00+00:00
2023-12-18 07:00:00+00:00,109.28,9,2023-12-17 23:00:00+00:00,2023-12-18 23:00:00+00:00
2023-12-18 08:00:00+00:00,110.28,10,2023-12-17 23:00:00+00:00,2023-12-18 23:00:00+00:00
2023-12-18 09:00:00+00:00,89.03,11,2023-12-17 23:00:00+00:00,2023-12-18 23:00:00+00:00
2023-12-18 10:00:00+00:00,81.17,12,2023-12-17 23:00:00+00:00,2023-12-18 23:00:00+00:00
2023-12-18 11:00:00+00:00,74.89,13,2023-12-17 23:00:00+00:00,2023-12-18 23:00:00+00:00
2023-12-18 12:00:00+00:00,74.95,14,2023-12-17 23:00:00+00:00,2023-12-18 23:00:00+00:00
2023-12-18 13:00:00+00:00,80.87,15,2023-12-17 23:00:00+00:00,2023-12-18 23:00:00+00:00
2023-12-18 14:00:00+00:00,88.0,16,2023-12-17 23:00:00+00:00,2023-12-18 23:00:00+00:00
2023-12-18 15:00:00+00:00,95.41,17,2023-12-17 23:00:00+00:00,2023-12-18 23:00:00+00:00
2023-12-18 16:00:00+00:00,104.33,18,2023-12-17 23:00:00+00:00,2023-12-18 23:00:00+00:00
2023-12-18 17:00:00+00:00,103.15,19,2023-12-17 23:00:00+00:00,2023-12-18 23:00:00+00:00
2023-12-18 18:00:00+00:00,96.3,20,2023-12-17 23:00:00+00:00,2023-12-18 23:00:00+00:00
2023-12-18 19:00:00+00:00,83.09,21,2023-12-17 23:00:00+00:00,2023-12-18 23:00:00+00:00
2023-12-18 20:00:00+00:00,74.89,22,2023-12-17 23:00:00+00:00,2023-12-18 23:00:00+00:00
2023-12-18 21:00:00+00:00,63.79,23,2023-12-17 23:00:00+00:00,2023-12-18 23:00:00+00:00
2023-12-18 22:00:00+00:00,57.94,24,2023-12-17 23:00:00+00:00,2023-12-18 23:00:00+00:00
2023-12-18 23:00:00+00:00,52.24,1,2023-12-18 23:00:00+00:00,2023-12-19 23:00:00+00:00
2023-12-19 00:00:00+00:00,50.89,2,2023-12-18 23:00:00+00:00,2023-12-19 23:00:00+00:00
2023-12-19 01:00:00+00:00,49.99,3,2023-12-18 23:00:00+00:00,2023-12-19 23:00:00+00:00
2023-12-19 02:00:00+00:00,56.27,4,2023-12-18 23:00:00+00:00,2023-12-19 23:00:00+00:00
2023-12-19 03:00:00+00:00,59.0,5,2023-12-18 23:00:00+00:00,2023-12-19 23:00:00+00:00
2023-12-19 04:00:00+00:00,65.05,6,2023-12-18 23:00:00+00:00,2023-12-19 23:00:00+00:00
2023-12-19 05:00:00+00:00,80.0,7,2023-12-18 23:00:00+00:00,2023-12-19 23:00:00+00:00
2023-12-19 06:00:00+00:00,93.74,8,2023-12-18 23:00:00+00:00,2023-12-19 23:00:00+00:00
2023-12-19 07:00:00+00:00,100.24,9,2023-12-18 23:00:00+00:00,2023-12-19 23:00:00+00:00
2023-12-19 08:00:00+00:00,94.28,10,2023-12-18 23:00:00+00:00,2023-12-19 23:00:00+00:00
2023-12-19 09:00:00+00:00,86.1,11,2023-12-18 23:00:00+00:00,2023-12-19 23:00:00+00:00
2023-12-19 10:00:00+00:00,79.71,12,2023-12-18 23:00:00+00:00,2023-12-19 23:00:00+00:00
2023-12-19 11:00:00+00:00,76.5,13,2023-12-18 23:00:00+00:00,2023-12-19 23:00:00+00:00
2023-12-19 12:00:00+00:00,80.0,14,2023-12-18 23:00:00+00:00,2023-12-19 23:00:00+00:00
2023-12-19 13:00:00+00:00,80.66,15,2023-12-18 23:00:00+00:00,2023-12-19 23:00:00+00:00
2023-12-19 14:00:00+00:00,84.82,16,2023-12-18 23:00:00+00:00,2023-12-19 23:00:00+00:00
2023-12-19 15:00:00+00:00,88.67,17,2023-12-18 23:00:00+00:00,2023-12-19 23:00:00+00:00
2023-12-19 16:00:00+00:00,101.81,18,2023-12-18 23:00:00+00:00,2023-12-19 23:00:00+00:00
2023-12-19 17:00:00+00:00,94.4,19,2023-12-18 23:00:00+00:00,2023-12-19 23:00:00+00:00
2023-12-19 18:00:00+00:00,91.1,20,2023-12-18 23:00:00+00:00,2023-12-19 23:00:00+00:00
2023-12-19 19:00:00+00:00,85.2,21,2023-12-18 23:00:00+00:00,2023-12-19 23:00:00+00:00
2023-12-19 20:00:00+00:00,79.64,22,2023-12-18 23:00:00+00:00,2023-12-19 23:00:00+00:00
2023-12-19 21:00:00+00:00,75.86,23,2023-12-18 23:00:00+00:00,2023-12-19 23:00:00+00:00
2023-12-19 22:00:00+00:00,59.84,24,2023-12-18 23:00:00+00:00,2023-12-19 23:00:00+00:00
2023-12-19 23:00:00+00:00,57.85,1,2023-12-19 23:00:00+00:00,2023-12-20 23:00:00+00:00
2023-12-20 00:00:00+00:00,50.48,2,2023-12-19 23:00:00+00:00,2023-12-20 23:00:00+00:00
2023-12-20 01:00:00+00:00,48.0,3,2023-12-19 23:00:00+00:00,2023-12-20 23:00:00+00:00
2023-12-20 02:00:00+00:00,39.98,4,2023-12-19 23:00:00+00:00,2023-12-20 23:00:00+00:00
2023-12-20 03:00:00+00:00,31.51,5,2023-12-19 23:00:00+00:00,2023-12-20 23:00:00+00:00
2023-12-20 04:00:00+00:00,39.97,6,2023-12-19 23:00:00+00:00,2023-12-20 23:00:00+00:00
2023-12-20 05:00:00+00:00,48.13,7,2023-12-19 23:00:00+00:00,2023-12-20 23:00:00+00:00
2023-12-20 06:00:00+00:00,69.53,8,2023-12-19 23:00:00+00:00,2023-12-20 23:00:00+00:00
2023-12-20 07:00:00+00:00,98.09,9,2023-12-19 23:00:00+00:00,2023-12-20 23:00:00+00:00
2023-12-20 08:00:00+00:00,107.1,10,2023-12-19 23:00:00+00:00,2023-12-20 23:00:00+00:00
2023-12-20 09:00:00+00:00,95.0,11,2023-12-19 23:00:00+00:00,2023-12-20 23:00:00+00:00
2023-12-20 10:00:00+00:00,88.0,12,2023-12-19 23:00:00+00:00,2023-12-20 23:00:00+00:00
2023-12-20 11:00:00+00:00,66.54,13,2023-12-19 23:00:00+00:00,2023-12-20 23:00:00+00:00
2023-12-20 12:00:00+00:00,70.1,14,2023-12-19 23:00:00+00:00,2023-12-20 23:00:00+00:00
2023-12-20 13:00:00+00:00,84.31,15,2023-12-19 23:00:00+00:00,2023-12-20 23:00:00+00:00
2023-12-20 14:00:00+00:00,90.66,16,2023-12-19 23:00:00+00:00,2023-12-20 23:00:00+00:00
2023-12-20 15:00:00+00:00,98.0,17,2023-12-19 23:00:00+00:00,2023-12-20 23:00:00+00:00
2023-12-20 16:00:00+00:00,110.91,18,2023-12-19 23:00:00+00:00,2023-12-20 23:00:00+00:00
2023-12-20 17:00:00+00:00,100.81,19,2023-12-19 23:00:00+00:00,2023-12-20 23:00:00+00:00
2023-12-20 18:00:00+00:00,89.06,20,2023-12-19 23:00:00+00:00,2023-12-20 23:00:00+00:00
2023-12-20 19:00:00+00:00,78.07,21,2023-12-19 23:00:00+00:00,2023-12-20 23:00:00+00:00
2023-12-20 20:00:00+00:00,66.87,22,2023-12-19 23:00:00+00:00,2023-12-20 23:00:00+00:00
2023-12-20 21:00:00+00:00,61.42,23,2023-12-19 23:00:00+00:00,2023-12-20 23:00:00+00:00
2023-12-20 22:00:00+00:00,48.93,24,2023-12-19 23:00:00+00:00,2023-12-20 23:00:00+00:00
2023-12-20 23:00:00+00:00,29.9,1,2023-12-20 23:00:00+00:00,2023-12-21 23:00:00+00:00
2023-12-21 00:00:00+00:00,24.83,2,2023-12-20 23:00:00+00:00,2023-12-21 23:00:00+00:00
2023-12-21 01:00:00+00:00,20.48,3,2023-12-20 23:00:00+00:00,2023-12-21 23:00:00+00:00
2023-12-21 02:00:00+00:00,2.76,4,2023-12-20 23:00:00+00:00,2023-12-21 23:00:00+00:00
2023-12-21 03:00:00+00:00,-0.84,5,2023-12-20 23:00:00+00:00,2023-12-21 23:00:00+00:00
2023-12-21 04:00:00+00:00,-0.27,6,2023-12-20 23:00:00+00:00,2023-12-21 23:00:00+00:00
2023-12-21 05:00:00+00:00,24.44,7,2023-12-20 23:00:00+00:00,2023-12-21 23:00:00+00:00
2023-12-21 06:00:00+00:00,46.5,8,2023-12-20 23:00:00+00:00,2023-12-21 23:00:00+00:00
2023-12-21 07:00:00+00:00,78.2,9,2023-12-20 23:00:00+00:00,2023-12-21 23:00:00+00:00
2023-12-21 08:00:00+00:00,83.8,10,2023-12-20 23:00:00+00:00,2023-12-21 23:00:00+00:00
2023-12-21 09:00:00+00:00,87.38,11,2023-12-20 23:00:00+00:00,2023-12-21 23:00:00+00:00
2023-12-21 10:00:00+00:00,85.72,12,2023-12-20 23:00:00+00:00,2023-12-21 23:00:00+00:00
2023-12-21 11:00:00+00:00,75.9,13,2023-12-20 23:00:00+00:00,2023-12-21 23:00:00+00:00
2023-12-21 12:00:00+00:00,64.9,14,2023-12-20 23:00:00+00:00,2023-12-21 23:00:00+00:00
2023-12-21 13:00:00+00:00,75.1,15,2023-12-20 23:00:00+00:00,2023-12-21 23:00:00+00:00
2023-12-21 14:00:00+00:00,75.87,16,2023-12-20 23:00:00+00:00,2023-12-21 23:00:00+00:00
2023-12-21 15:00:00+00:00,73.4,17,2023-12-20 23:00:00+00:00,2023-12-21 23:00:00+00:00
2023-12-21 16:00:00+00:00,100.0,18,2023-12-20 23:00:00+00:00,2023-12-21 23:00:00+00:00
2023-12-21 17:00:00+00:00,102.75,19,2023-12-20 23:00:00+00:00,2023-12-21 23:00:00+00:00
2023-12-21 18:00:00+00:00,90.7,20,2023-12-20 23:00:00+00:00,2023-12-21 23:00:00+00:00
2023-12-21 19:00:00+00:00,89.0,21,2023-12-20 23:00:00+00:00,2023-12-21 23:00:00+00:00
2023-12-21 20:00:00+00:00,60.0,22,2023-12-20 23:00:00+00:00,2023-12-21 23:00:00+00:00
2023-12-21 21:00:00+00:00,47.56,23,2023-12-20 23:00:00+00:00,2023-12-21 23:00:00+00:00
2023-12-21 22:00:00+00:00,13.58,24,2023-12-20 23:00:00+00:00,2023-12-21 23:00:00+00:00
2023-12-21 23:00:00+00:00,0.13,1,2023-12-21 23:00:00+00:00,2023-12-22 23:00:00+00:00
2023-12-22 00:00:00+00:00,-0.25,2,2023-12-21 23:00:00+00:00,2023-12-22 23:00:00+00:00
2023-12-22 01:00:00+00:00,-0.07,3,2023-12-21 23:00:00+00:00,2023-12-22 23:00:00+00:00
2023-12-22 02:00:00+00:00,-0.19,4,2023-12-21 23:00:00+00:00,2023-12-22 23:00:00+00:00
2023-12-22 03:00:00+00:00,-0.21,5,2023-12-21 23:00:00+00:00,2023-12-22 23:00:00+00:00
2023-12-22 04:00:00+00:00,-0.4,6,2023-12-21 23:00:00+00:00,2023-12-22 23:00:00+00:00
2023-12-22 05:00:00+00:00,0.44,7,2023-12-21 23:00:00+00:00,2023-12-22 23:00:00+00:00
2023-12-22 06:00:00+00:00,32.1,8,2023-12-21 23:00:00+00:00,2023-12-22 23:00:00+00:00
2023-12-22 07:00:00+00:00,72.0,9,2023-12-21 23:00:00+00:00,2023-12-22 23:00:00+00:00
2023-12-22 08:00:00+00:00,92.0,10,2023-12-21 23:00:00+00:00,2023-12-22 23:00:00+00:00
2023-12-22 09:00:00+00:00,63.57,11,2023-12-21 23:00:00+00:00,2023-12-22 23:00:00+00:00
2023-12-22 10:00:00+00:00,59.95,12,2023-12-21 23:00:00+00:00,2023-12-22 23:00:00+00:00
2023-12-22 11:00:00+00:00,54.11,13,2023-12-21 23:00:00+00:00,2023-12-22 23:00:00+00:00
2023-12-22 12:00:00+00:00,54.5,14,2023-12-21 23:00:00+00:00,2023-12-22 23:00:00+00:00
2023-12-22 13:00:00+00:00,60.61,15,2023-12-21 23:00:00+00:00,2023-12-22 23:00:00+00:00
2023-12-22 14:00:00+00:00,60.0,16,2023-12-21 23:00:00+00:00,2023-12-22 23:00:00+00:00
2023-12-22 15:00:00+00:00,49.8,17,2023-12-21 23:00:00+00:00,2023-12-22 23:00:00+00:00
2023-12-22 16:00:00+00:00,72.0,18,2023-12-21 23:00:00+00:00,2023-12-22 23:00:00+00:00
2023-12-22 17:00:00+00:00,64.9,19,2023-12-21 23:00:00+00:00,2023-12-22 23:00:00+00:00
2023-12-22 18:00:00+00:00,60.1,20,2023-12-21 23:00:00+00:00,2023-12-22 23:00:00+00:00
2023-12-22 19:00:00+00:00,56.47,21,2023-12-21 23:00:00+00:00,2023-12-22 23:00:00+00:00
2023-12-22 20:00:00+00:00,45.03,22,2023-12-21 23:00:00+00:00,2023-12-22 23:00:00+00:00
2023-12-22 21:00:00+00:00,30.41,23,2023-12-21 23:00:00+00:00,2023-12-22 23:00:00+00:00
2023-12-22 22:00:00+00:00,12.0,24,2023-12-21 23:00:00+00:00,2023-12-22 23:00:00+00:00
2023-12-22 23:00:00+00:00,10.0,1,2023-12-22 23:00:00+00:00,2023-12-23 23:00:00+00:00
2023-12-23 00:00:00+00:00,4.32,2,2023-12-22 23:00:00+00:00,2023-12-23 23:00:00+00:00
2023-12-23 01:00:00+00:00,0.13,3,2023-12-22 23:00:00+00:00,2023-12-23 23:00:00+00:00
2023-12-23 02:00:00+00:00,0.03,4,2023-12-22 23:00:00+00:00,2023-12-23 23:00:00+00:00
2023-12-23 03:00:00+00:00,0.0,5,2023-12-22 23:00:00+00:00,2023-12-23 23:00:00+00:00
2023-12-23 05:00:00+00:00,0.1,7,2023-12-22 23:00:00+00:00,2023-12-23 23:00:00+00:00
2023-12-23 06:00:00+00:00,7.43,8,2023-12-22 23:00:00+00:00,2023-12-23 23:00:00+00:00
2023-12-23 07:00:00+00:00,20.0,9,2023-12-22 23:00:00+00:00,2023-12-23 23:00:00+00:00
2023-12-23 08:00:00+00:00,42.08,10,2023-12-22 23:00:00+00:00,2023-12-23 23:00:00+00:00
2023-12-23 09:00:00+00:00,41.64,11,2023-12-22 23:00:00+00:00,2023-12-23 23:00:00+00:00
2023-12-23 10:00:00+00:00,45.9,12,2023-12-22 23:00:00+00:00,2023-12-23 23:00:00+00:00
2023-12-23 11:00:00+00:00,46.0,13,2023-12-22 23:00:00+00:00,2023-12-23 23:00:00+00:00
2023-12-23 12:00:00+00:00,49.81,14,2023-12-22 23:00:00+00:00,2023-12-23 23:00:00+00:00
2023-12-23 13:00:00+00:00,49.3,15,2023-12-22 23:00:00+00:00,2023-12-23 23:00:00+00:00
2023-12-23 14:00:00+00:00,49.51,16,2023-12-22 23:00:00+00:00,2023-12-23 23:00:00+00:00
2023-12-23 15:00:00+00:00,54.28,17,2023-12-22 23:00:00+00:00,2023-12-23 23:00:00+00:00
2023-12-23 16:00:00+00:00,63.77,18,2023-12-22 23:00:00+00:00,2023-12-23 23:00:00+00:00
2023-12-23 17:00:00+00:00,66.45,19,2023-12-22 23:00:00+00:00,2023-12-23 23:00:00+00:00
2023-12-23 18:00:00+00:00,57.99,20,2023-12-22 23:00:00+00:00,2023-12-23 23:00:00+00:00
2023-12-23 19:00:00+00:00,48.46,21,2023-12-22 23:00:00+00:00,2023-12-23 23:00:00+00:00
2023-12-23 20:00:00+00:00,38.37,22,2023-12-22 23:00:00+00:00,2023-12-23 23:00:00+00:00
2023-12-23 21:00:00+00:00,20.32,23,2023-12-22 23:00:00+00:00,2023-12-23 23:00:00+00:00
2023-12-23 22:00:00+00:00,7.77,24,2023-12-22 23:00:00+00:00,2023-12-23 23:00:00+00:00
2023-12-23 23:00:00+00:00,0.08,1,2023-12-23 23:00:00+00:00,2023-12-24 23:00:00+00:00
2023-12-24 00:00:00+00:00,-0.25,2,2023-12-23 23:00:00+00:00,2023-12-24 23:00:00+00:00
2023-12-24 01:00:00+00:00,-0.55,3,2023-12-23 23:00:00+00:00,2023-12-24 23:00:00+00:00
2023-12-24 02:00:00+00:00,-1.24,4,2023-12-23 23:00:00+00:00,2023-12-24 23:00:00+00:00
2023-12-24 03:00:00+00:00,-4.1,5,2023-12-23 23:00:00+00:00,2023-12-24 23:00:00+00:00
2023-12-24 04:00:00+00:00,-4.97,6,2023-12-23 23:00:00+00:00,2023-12-24 23:00:00+00:00
2023-12-24 05:00:00+00:00,-4.22,7,2023-12-23 23:00:00+00:00,2023-12-24 23:00:00+00:00
2023-12-24 06:00:00+00:00,-2.91,8,2023-12-23 23:00:00+00:00,2023-12-24 23:00:00+00:00
2023-12-24 07:00:00+00:00,-1.62,9,2023-12-23 23:00:00+00:00,2023-12-24 23:00:00+00:00
2023-12-24 08:00:00+00:00,0.0,10,2023-12-23 23:00:00+00:00,2023-12-24 23:00:00+00:00
2023-12-24 09:00:00+00:00,2.09,11,2023-12-23 23:00:00+00:00,2023-12-24 23:00:00+00:00
2023-12-24 10:00:00+00:00,0.06,12,2023-12-23 23:00:00+00:00,2023-12-24 23:00:00+00:00
2023-12-24 11:00:00+00:00,0.05,13,2023-12-23 23:00:00+00:00,2023-12-24 23:00:00+00:00
2023-12-24 12:00:00+00:00,0.06,14,2023-12-23 23:00:00+00:00,2023-12-24 23:00:00+00:00
2023-12-24 13:00:00+00:00,0.03,15,2023-12-23 23:00:00+00:00,2023-12-24 23:00:00+00:00
2023-12-24 14:00:00+00:00,0.13,16,2023-12-23 23:00:00+00:00,2023-12-24 23:00:00+00:00
2023-12-24 15:00:00+00:00,1.0,17,2023-12-23 23:00:00+00:00,2023-12-24 23:00:00+00:00
2023-12-24 16:00:00+00:00,18.5,18,2023-12-23 23:00:00+00:00,2023-12-24 23:00:00+00:00
2023-12-24 17:00:00+00:00,31.21,19,2023-12-23 23:00:00+00:00,2023-12-24 23:00:00+00:00
2023-12-24 18:00:00+00:00,34.8,20,2023-12-23 23:00:00+00:00,2023-12-24 23:00:00+00:00
2023-12-24 19:00:00+00:00,10.0,21,2023-12-23 23:00:00+00:00,2023-12-24 23:00:00+00:00
2023-12-24 20:00:00+00:00,2.01,22,2023-12-23 23:00:00+00:00,2023-12-24 23:00:00+00:00
2023-12-24 21:00:00+00:00,0.0,23,2023-12-23 23:00:00+00:00,2023-12-24 23:00:00+00:00
2023-12-24 22:00:00+00:00,-0.1,24,2023-12-23 23:00:00+00:00,2023-12-24 23:00:00+00:00
2023-12-24 23:00:00+00:00,-1.91,1,2023-12-24 23:00:00+00:00,2023-12-25 23:00:00+00:00
2023-12-25 00:00:00+00:00,-3.79,2,2023-12-24 23:00:00+00:00,2023-12-25 23:00:00+00:00
2023-12-25 01:00:00+00:00,-6.65,3,2023-12-24 23:00:00+00:00,2023-12-25 23:00:00+00:00
2023-12-25 02:00:00+00:00,-10.03,4,2023-12-24 23:00:00+00:00,2023-12-25 23:00:00+00:00
2023-12-25 03:00:00+00:00,-10.0,5,2023-12-24 23:00:00+00:00,2023-12-25 23:00:00+00:00
2023-12-25 04:00:00+00:00,-6.5,6,2023-12-24 23:00:00+00:00,2023-12-25 23:00:00+00:00
2023-12-25 05:00:00+00:00,-7.59,7,2023-12-24 23:00:00+00:00,2023-12-25 23:00:00+00:00
2023-12-25 06:00:00+00:00,-1.5,8,2023-12-24 23:00:00+00:00,2023-12-25 23:00:00+00:00
2023-12-25 07:00:00+00:00,0.08,9,2023-12-24 23:00:00+00:00,2023-12-25 23:00:00+00:00
2023-12-25 08:00:00+00:00,10.05,10,2023-12-24 23:00:00+00:00,2023-12-25 23:00:00+00:00
2023-12-25 09:00:00+00:00,25.0,11,2023-12-24 23:00:00+00:00,2023-12-25 23:00:00+00:00
2023-12-25 10:00:00+00:00,15.1,12,2023-12-24 23:00:00+00:00,2023-12-25 23:00:00+00:00
2023-12-25 11:00:00+00:00,0.09,13,2023-12-24 23:00:00+00:00,2023-12-25 23:00:00+00:00
2023-12-25 12:00:00+00:00,0.0,14,2023-12-24 23:00:00+00:00,2023-12-25 23:00:00+00:00
2023-12-25 13:00:00+00:00,0.07,15,2023-12-24 23:00:00+00:00,2023-12-25 23:00:00+00:00
2023-12-25 14:00:00+00:00,5.0,16,2023-12-24 23:00:00+00:00,2023-12-25 23:00:00+00:00
2023-12-25 15:00:00+00:00,34.99,17,2023-12-24 23:00:00+00:00,2023-12-25 23:00:00+00:00
2023-12-25 16:00:00+00:00,52.5,18,2023-12-24 23:00:00+00:00,2023-12-25 23:00:00+00:00
2023-12-25 17:00:00+00:00,40.1,19,2023-12-24 23:00:00+00:00,2023-12-25 23:00:00+00:00
2023-12-25 18:00:00+00:00,33.0,20,2023-12-24 23:00:00+00:00,2023-12-25 23:00:00+00:00
2023-12-25 19:00:00+00:00,12.01,21,2023-12-24 23:00:00+00:00,2023-12-25 23:00:00+00:00
2023-12-25 20:00:00+00:00,9.62,22,2023-12-24 23:00:00+00:00,2023-12-25 23:00:00+00:00
2023-12-25 21:00:00+00:00,5.0,23,2023-12-24 23:00:00+00:00,2023-12-25 23:00:00+00:00
2023-12-25 22:00:00+00:00,0.08,24,2023-12-24 23:00:00+00:00,2023-12-25 23:00:00+00:00
2023-12-25 23:00:00+00:00,0.0,1,2023-12-25 23:00:00+00:00,2023-12-26 23:00:00+00:00
2023-12-26 00:00:00+00:00,-0.02,2,2023-12-25 23:00:00+00:00,2023-12-26 23:00:00+00:00
2023-12-26 01:00:00+00:00,-0.14,3,2023-12-25 23:00:00+00:00,2023-12-26 23:00:00+00:00
2023-12-26 02:00:00+00:00,-2.83,4,2023-12-25 23:00:00+00:00,2023-12-26 23:00:00+00:00
2023-12-26 03:00:00+00:00,-3.8,5,2023-12-25 23:00:00+00:00,2023-12-26 23:00:00+00:00
2023-12-26 04:00:00+00:00,-1.85,6,2023-12-25 23:00:00+00:00,2023-12-26 23:00:00+00:00
2023-12-26 05:00:00+00:00,0.0,7,2023-12-25 23:00:00+00:00,2023-12-26 23:00:00+00:00
2023-12-26 06:00:00+00:00,1.62,8,2023-12-25 23:00:00+00:00,2023-12-26 23:00:00+00:00
2023-12-26 07:00:00+00:00,38.21,9,2023-12-25 23:00:00+00:00,2023-12-26 23:00:00+00:00
2023-12-26 08:00:00+00:00,51.7,10,2023-12-25 23:00:00+00:00,2023-12-26 23:00:00+00:00
2023-12-26 09:00:00+00:00,48.88,11,2023-12-25 23:00:00+00:00,2023-12-26 23:00:00+00:00
2023-12-26 10:00:00+00:00,25.04,12,2023-12-25 23:00:00+00:00,2023-12-26 23:00:00+00:00
2023-12-26 11:00:00+00:00,10.0,13,2023-12-25 23:00:00+00:00,2023-12-26 23:00:00+00:00
2023-12-26 12:00:00+00:00,2.73,14,2023-12-25 23:00:00+00:00,2023-12-26 23:00:00+00:00
2023-12-26 13:00:00+00:00,40.1,15,2023-12-25 23:00:00+00:00,2023-12-26 23:00:00+00:00
2023-12-26 14:00:00+00:00,74.2,16,2023-12-25 23:00:00+00:00,2023-12-26 23:00:00+00:00
2023-12-26 15:00:00+00:00,91.9,17,2023-12-25 23:00:00+00:00,2023-12-26 23:00:00+00:00
2023-12-26 16:00:00+00:00,113.8,18,2023-12-25 23:00:00+00:00,2023-12-26 23:00:00+00:00
2023-12-26 17:00:00+00:00,130.0,19,2023-12-25 23:00:00+00:00,2023-12-26 23:00:00+00:00
2023-12-26 18:00:00+00:00,129.0,20,2023-12-25 23:00:00+00:00,2023-12-26 23:00:00+00:00
2023-12-26 19:00:00+00:00,113.9,21,2023-12-25 23:00:00+00:00,2023-12-26 23:00:00+00:00
2023-12-26 20:00:00+00:00,83.1,22,2023-12-25 23:00:00+00:00,2023-12-26 23:00:00+00:00
2023-12-26 21:00:00+00:00,97.2,23,2023-12-25 23:00:00+00:00,2023-12-26 23:00:00+00:00
2023-12-26 22:00:00+00:00,85.0,24,2023-12-25 23:00:00+00:00,2023-12-26 23:00:00+00:00
2023-12-26 23:00:00+00:00,89.91,1,2023-12-26 23:00:00+00:00,2023-12-27 23:00:00+00:00
2023-12-27 00:00:00+00:00,79.2,2,2023-12-26 23:00:00+00:00,2023-12-27 23:00:00+00:00
2023-12-27 01:00:00+00:00,57.63,3,2023-12-26 23:00:00+00:00,2023-12-27 23:00:00+00:00
2023-12-27 02:00:00+00:00,51.9,4,2023-12-26 23:00:00+00:00,2023-12-27 23:00:00+00:00
2023-12-27 03:00:00+00:00,50.03,5,2023-12-26 23:00:00+00:00,2023-12-27 23:00:00+00:00
2023-12-27 04:00:00+00:00,55.71,6,2023-12-26 23:00:00+00:00,2023-12-27 23:00:00+00:00
2023-12-27 05:00:00+00:00,65.06,7,2023-12-26 23:00:00+00:00,2023-12-27 23:00:00+00:00
2023-12-27 06:00:00+00:00,77.65,8,2023-12-26 23:00:00+00:00,2023-12-27 23:00:00+00:00
2023-12-27 07:00:00+00:00,82.76,9,2023-12-26 23:00:00+00:00,2023-12-27 23:00:00+00:00
2023-12-27 08:00:00+00:00,80.54,10,2023-12-26 23:00:00+00:00,2023-12-27 23:00:00+00:00
2023-12-27 09:00:00+00:00,74.89,11,2023-12-26 23:00:00+00:00,2023-12-27 23:00:00+00:00
2023-12-27 10:00:00+00:00,74.71,12,2023-12-26 23:00:00+00:00,2023-12-27 23:00:00+00:00
2023-12-27 11:00:00+00:00,73.79,13,2023-12-26 23:00:00+00:00,2023-12-27 23:00:00+00:00
2023-12-27 12:00:00+00:00,72.0,14,2023-12-26 23:00:00+00:00,2023-12-27 23:00:00+00:00
2023-12-27 13:00:00+00:00,73.7,15,2023-12-26 23:00:00+00:00,2023-12-27 23:00:00+00:00
2023-12-27 14:00:00+00:00,80.0,16,2023-12-26 23:00:00+00:00,2023-12-27 23:00:00+00:00
2023-12-27 15:00:00+00:00,79.16,17,2023-12-26 23:00:00+00:00,2023-12-27 23:00:00+00:00
2023-12-27 16:00:00+00:00,80.38,18,2023-12-26 23:00:00+00:00,2023-12-27 23:00:00+00:00
2023-12-27 17:00:00+00:00,74.38,19,2023-12-26 23:00:00+00:00,2023-12-27 23:00:00+00:00
2023-12-27 18:00:00+00:00,64.9,20,2023-12-26 23:00:00+00:00,2023-12-27 23:00:00+00:00
2023-12-27 19:00:00+00:00,54.73,21,2023-12-26 23:00:00+00:00,2023-12-27 23:00:00+00:00
2023-12-27 20:00:00+00:00,24.74,22,2023-12-26 23:00:00+00:00,2023-12-27 23:00:00+00:00
2023-12-27 21:00:00+00:00,16.99,23,2023-12-26 23:00:00+00:00,2023-12-27 23:00:00+00:00
2023-12-27 22:00:00+00:00,0.2,24,2023-12-26 23:00:00+00:00,2023-12-27 23:00:00+00:00
2023-12-27 23:00:00+00:00,-0.02,1,2023-12-27 23:00:00+00:00,2023-12-28 23:00:00+00:00
2023-12-28 00:00:00+00:00,-0.78,2,2023-12-27 23:00:00+00:00,2023-12-28 23:00:00+00:00
2023-12-28 01:00:00+00:00,-1.43,3,2023-12-27 23:00:00+00:00,2023-12-28 23:00:00+00:00
2023-12-28 02:00:00+00:00,-1.39,4,2023-12-27 23:00:00+00:00,2023-12-28 23:00:00+00:00
2023-12-28 03:00:00+00:00,-1.94,5,2023-12-27 23:00:00+00:00,2023-12-28 23:00:00+00:00
2023-12-28 04:00:00+00:00,-1.04,6,2023-12-27 23:00:00+00:00,2023-12-28 23:00:00+00:00
2023-12-28 05:00:00+00:00,-0.7,7,2023-12-27 23:00:00+00:00,2023-12-28 23:00:00+00:00
2023-12-28 06:00:00+00:00,16.06,8,2023-12-27 23:00:00+00:00,2023-12-28 23:00:00+00:00
2023-12-28 07:00:00+00:00,38.2,9,2023-12-27 23:00:00+00:00,2023-12-28 23:00:00+00:00
2023-12-28 08:00:00+00:00,38.79,10,2023-12-27 23:00:00+00:00,2023-12-28 23:00:00+00:00
2023-12-28 09:00:00+00:00,29.6,11,2023-12-27 23:00:00+00:00,2023-12-28 23:00:00+00:00
2023-12-28 10:00:00+00:00,34.89,12,2023-12-27 23:00:00+00:00,2023-12-28 23:00:00+00:00
2023-12-28 11:00:00+00:00,11.65,13,2023-12-27 23:00:00+00:00,2023-12-28 23:00:00+00:00
2023-12-28 12:00:00+00:00,11.4,14,2023-12-27 23:00:00+00:00,2023-12-28 23:00:00+00:00
2023-12-28 13:00:00+00:00,26.37,15,2023-12-27 23:00:00+00:00,2023-12-28 23:00:00+00:00
2023-12-28 14:00:00+00:00,50.72,16,2023-12-27 23:00:00+00:00,2023-12-28 23:00:00+00:00
2023-12-28 15:00:00+00:00,40.87,17,2023-12-27 23:00:00+00:00,2023-12-28 23:00:00+00:00
2023-12-28 16:00:00+00:00,78.4,18,2023-12-27 23:00:00+00:00,2023-12-28 23:00:00+00:00
2023-12-28 18:00:00+00:00,65.02,20,2023-12-27 23:00:00+00:00,2023-12-28 23:00:00+00:00
2023-12-28 19:00:00+00:00,64.9,21,2023-12-27 23:00:00+00:00,2023-12-28 23:00:00+00:00
2023-12-28 20:00:00+00:00,54.0,22,2023-12-27 23:00:00+00:00,2023-12-28 23:00:00+00:00
2023-12-28 21:00:00+00:00,40.0,23,2023-12-27 23:00:00+00:00,2023-12-28 23:00:00+00:00
2023-12-28 22:00:00+00:00,2.0,24,2023-12-27 23:00:00+00:00,2023-12-28 23:00:00+00:00
2023-12-28 23:00:00+00:00,0.0,1,2023-12-28 23:00:00+00:00,2023-12-29 23:00:00+00:00
2023-12-29 00:00:00+00:00,-0.08,2,2023-12-28 23:00:00+00:00,2023-12-29 23:00:00+00:00
2023-12-29 01:00:00+00:00,-0.28,3,2023-12-28 23:00:00+00:00,2023-12-29 23:00:00+00:00
2023-12-29 02:00:00+00:00,-1.51,4,2023-12-28 23:00:00+00:00,2023-12-29 23:00:00+00:00
2023-12-29 03:00:00+00:00,-1.27,5,2023-12-28 23:00:00+00:00,2023-12-29 23:00:00+00:00
2023-12-29 04:00:00+00:00,-0.28,6,2023-12-28 23:00:00+00:00,2023-12-29 23:00:00+00:00
2023-12-29 05:00:00+00:00,-0.07,7,2023-12-28 23:00:00+00:00,2023-12-29 23:00:00+00:00
2023-12-29 06:00:00+00:00,0.1,8,2023-12-28 23:00:00+00:00,2023-12-29 23:00:00+00:00
2023-12-29 07:00:00+00:00,25.0,9,2023-12-28 23:00:00+00:00,2023-12-29 23:00:00+00:00
2023-12-29 08:00:00+00:00,59.0,10,2023-12-28 23:00:00+00:00,2023-12-29 23:00:00+00:00
2023-12-29 09:00:00+00:00,60.05,11,2023-12-28 23:00:00+00:00,2023-12-29 23:00:00+00:00
2023-12-29 10:00:00+00:00,50.04,12,2023-12-28 23:00:00+00:00,2023-12-29 23:00:00+00:00
2023-12-29 11:00:00+00:00,30.44,13,2023-12-28 23:00:00+00:00,2023-12-29 23:00:00+00:00
2023-12-29 12:00:00+00:00,17.13,14,2023-12-28 23:00:00+00:00,2023-12-29 23:00:00+00:00
2023-12-29 13:00:00+00:00,41.28,15,2023-12-28 23:00:00+00:00,2023-12-29 23:00:00+00:00
2023-12-29 14:00:00+00:00,60.0,16,2023-12-28 23:00:00+00:00,2023-12-29 23:00:00+00:00
2023-12-29 15:00:00+00:00,73.7,17,2023-12-28 23:00:00+00:00,2023-12-29 23:00:00+00:00
2023-12-29 16:00:00+00:00,75.1,18,2023-12-28 23:00:00+00:00,2023-12-29 23:00:00+00:00
2023-12-29 17:00:00+00:00,69.53,19,2023-12-28 23:00:00+00:00,2023-12-29 23:00:00+00:00
2023-12-29 18:00:00+00:00,74.9,20,2023-12-28 23:00:00+00:00,2023-12-29 23:00:00+00:00
2023-12-29 19:00:00+00:00,62.54,21,2023-12-28 23:00:00+00:00,2023-12-29 23:00:00+00:00
2023-12-29 20:00:00+00:00,54.89,22,2023-12-28 23:00:00+00:00,2023-12-29 23:00:00+00:00
2023-12-29 21:00:00+00:00,36.04,23,2023-12-28 23:00:00+00:00,2023-12-29 23:00:00+00:00
2023-12-29 22:00:00+00:00,19.35,24,2023-12-28 23:00:00+00:00,2023-12-29 23:00:00+00:00
2023-12-29 23:00:00+00:00,32.49,1,2023-12-29 23:00:00+00:00,2023-12-30 23:00:00+00:00
2023-12-30 00:00:00+00:00,29.16,2,2023-12-29 23:00:00+00:00,2023-12-30 23:00:00+00:00
2023-12-30 01:00:00+00:00,8.88,3,2023-12-29 23:00:00+00:00,2023-12-30 23:00:00+00:00
2023-12-30 02:00:00+00:00,5.61,4,2023-12-29 23:00:00+00:00,2023-12-30 23:00:00+00:00
2023-12-30 03:00:00+00:00,5.74,5,2023-12-29 23:00:00+00:00,2023-12-30 23:00:00+00:00
2023-12-30 04:00:00+00:00,10.0,6,2023-12-29 23:00:00+00:00,2023-12-30 23:00:00+00:00
2023-12-30 05:00:00+00:00,32.17,7,2023-12-29 23:00:00+00:00,2023-12-30 23:00:00+00:00
2023-12-30 06:00:00+00:00,44.9,8,2023-12-29 23:00:00+00:00,2023-12-30 23:00:00+00:00
2023-12-30 07:00:00+00:00,73.5,9,2023-12-29 23:00:00+00:00,2023-12-30 23:00:00+00:00
2023-12-30 09:00:00+00:00,53.0,11,2023-12-29 23:00:00+00:00,2023-12-30 23:00:00+00:00
2023-12-30 10:00:00+00:00,55.0,12,2023-12-29 23:00:00+00:00,2023-12-30 23:00:00+00:00
2023-12-30 11:00:00+00:00,36.38,13,2023-12-29 23:00:00+00:00,2023-12-30 23:00:00+00:00
2023-12-30 12:00:00+00:00,33.25,14,2023-12-29 23:00:00+00:00,2023-12-30 23:00:00+00:00
2023-12-30 13:00:00+00:00,42.04,15,2023-12-29 23:00:00+00:00,2023-12-30 23:00:00+00:00
2023-12-30 14:00:00+00:00,73.5,16,2023-12-29 23:00:00+00:00,2023-12-30 23:00:00+00:00
2023-12-30 15:00:00+00:00,70.62,17,2023-12-29 23:00:00+00:00,2023-12-30 23:00:00+00:00
2023-12-30 16:00:00+00:00,79.51,18,2023-12-29 23:00:00+00:00,2023-12-30 23:00:00+00:00
2023-12-30 17:00:00+00:00,79.99,19,2023-12-29 23:00:00+00:00,2023-12-30 23:00:00+00:00
2023-12-30 18:00:00+00:00,71.09,20,2023-12-29 23:00:00+00:00,2023-12-30 23:00:00+00:00
2023-12-30 19:00:00+00:00,62.01,21,2023-12-29 23:00:00+00:00,2023-12-30 23:00:00+00:00
2023-12-30 20:00:00+00:00,52.78,22,2023-12-29 23:00:00+00:00,2023-12-30 23:00:00+00:00
2023-12-30 21:00:00+00:00,50.1,23,2023-12-29 23:00:00+00:00,2023-12-30 23:00:00+00:00
2023-12-30 22:00:00+00:00,43.23,24,2023-12-29 23:00:00+00:00,2023-12-30 23:00:00+00:00
2023-12-30 23:00:00+00:00,34.91,1,2023-12-30 23:00:00+00:00,2023-12-31 23:00:00+00:00
2023-12-31 00:00:00+00:00,12.56,2,2023-12-30 23:00:00+00:00,2023-12-31 23:00:00+00:00
2023-12-31 01:00:00+00:00,4.0,3,2023-12-30 23:00:00+00:00,2023-12-31 23:00:00+00:00
2023-12-31 02:00:00+00:00,0.31,4,2023-12-30 23:00:00+00:00,2023-12-31 23:00:00+00:00
2023-12-31 03:00:00+00:00,0.13,5,2023-12-30 23:00:00+00:00,2023-12-31 23:00:00+00:00
2023-12-31 04:00:00+00:00,0.38,6,2023-12-30 23:00:00+00:00,2023-12-31 23:00:00+00:00
2023-12-31 05:00:00+00:00,-0.41,7,2023-12-30 23:00:00+00:00,2023-12-31 23:00:00+00:00
2023-12-31 06:00:00+00:00,-0.38,8,2023-12-30 23:00:00+00:00,2023-12-31 23:00:00+00:00
2023-12-31 07:00:00+00:00,3.24,9,2023-12-30 23:00:00+00:00,2023-12-31 23:00:00+00:00
2023-12-31 08:00:00+00:00,9.36,10,2023-12-30 23:00:00+00:00,2023-12-31 23:00:00+00:00
2023-12-31 09:00:00+00:00,14.0,11,2023-12-30 23:00:00+00:00,2023-12-31 23:00:00+00:00
2023-12-31 10:00:00+00:00,10.68,12,2023-12-30 23:00:00+00:00,2023-12-31 23:00:00+00:00
2023-12-31 11:00:00+00:00,11.0,13,2023-12-30 23:00:00+00:00,2023-12-31 23:00:00+00:00
2023-12-31 12:00:00+00:00,6.09,14,2023-12-30 23:00:00+00:00,2023-12-31 23:00:00+00:00
2023-12-31 13:00:00+00:00,8.54,15,2023-12-30 23:00:00+00:00,2023-12-31 23:00:00+00:00
2023-12-31 14:00:00+00:00,13.24,16,2023-12-30 23:00:00+00:00,2023-12-31 23:00:00+00:00
2023-12-31 15:00:00+00:00,28.07,17,2023-12-30 23:00:00+00:00,2023-12-31 23:00:00+00:00
2023-12-31 16:00:00+00:00,50.0,18,2023-12-30 23:00:00+00:00,2023-12-31 23:00:00+00:00
2023-12-31 17:00:00+00:00,45.0,19,2023-12-30 23:00:00+00:00,2023-12-31 23:00:00+00:00
2023-12-31 18:00:00+00:00,39.64,20,2023-12-30 23:00:00+00:00,2023-12-31 23:00:00+00:00
2023-12-31 19:00:00+00:00,34.89,21,2023-12-30 23:00:00+00:00,2023-12-31 23:00:00+00:00
2023-12-31 20:00:00+00:00,13.3,22,2023-12-30 23:00:00+00:00,2023-12-31 23:00:00+00:00
2023-12-31 21:00:00+00:00,10.68,23,2023-12-30 23:00:00+00:00,2023-12-31 23:00:00+00:00
2023-12-31 22:00:00+00:00,3.17,24,2023-12-30 23:00:00+00:00,2023-12-31 23:00:00+00:00
2023-12-31 23:00:00+00:00,0.1,1,2023-12-31 23:00:00+00:00,2024-01-01 23:00:00+00:00
2024-01-01 00:00:00+00:00,0.01,2,2023-12-31 23:00:00+00:00,2024-01-01 23:00:00+00:00
2024-01-01 01:00:00+00:00,0.0,3,2023-12-31 23:00:00+00:00,2024-01-01 23:00:00+00:00
2024-01-01 02:00:00+00:00,-0.01,4,2023-12-31 23:00:00+00:00,2024-01-01 23:00:00+00:00
2024-01-01 03:00:00+00:00,-0.03,5,2023-12-31 23:00:00+00:00,2024-01-01 23:00:00+00:00
2024-01-01 04:00:00+00:00,-0.02,6,2023-12-31 23:00:00+00:00,2024-01-01 23:00:00+00:00
2024-01-01 05:00:00+00:00,-0.05,7,2023-12-31 23:00:00+00:00,2024-01-01 23:00:00+00:00
2024-01-01 06:00:00+00:00,-0.02,8,2023-12-31 23:00:00+00:00,2024-01-01 23:00:00+00:00
2024-01-01 07:00:00+00:00,0.0,9,2023-12-31 23:00:00+00:00,2024-01-01 23:00:00+00:00
2024-01-01 08:00:00+00:00,0.04,10,2023-12-31 23:00:00+00:00,2024-01-01 23:00:00+00:00
2024-01-01 09:00:00+00:00,0.06,11,2023-12-31 23:00:00+00:00,2024-01-01 23:00:00+00:00
2024-01-01 10:00:00+00:00,0.54,12,2023-12-31 23:00:00+00:00,2024-01-01 23:00:00+00:00
2024-01-01 11:00:00+00:00,2.24,13,2023-12-31 23:00:00+00:00,2024-01-01 23:00:00+00:00
2024-01-01 12:00:00+00:00,1.97,14,2023-12-31 23:00:00+00:00,2024-01-01 23:00:00+00:00
2024-01-01 13:00:00+00:00,1.13,15,2023-12-31 23:00:00+00:00,2024-01-01 23:00:00+00:00
2024-01-01 14:00:00+00:00,3.19,16,2023-12-31 23:00:00+00:00,2024-01-01 23:00:00+00:00
2024-01-01 15:00:00+00:00,40.0,17,2023-12-31 23:00:00+00:00,2024-01-01 23:00:00+00:00
2024-01-01 16:00:00+00:00,84.46,18,2023-12-31 23:00:00+00:00,2024-01-01 23:00:00+00:00
2024-01-01 17:00:00+00:00,61.74,19,2023-12-31 23:00:00+00:00,2024-01-01 23:00:00+00:00
2024-01-01 18:00:00+00:00,61.27,20,2023-12-31 23:00:00+00:00,2024-01-01 23:00:00+00:00
2024-01-01 19:00:00+00:00,59.97,21,2023-12-31 23:00:00+00:00,2024-01-01 23:00:00+00:00
2024-01-01 20:00:00+00:00,54.92,22,2023-12-31 23:00:00+00:00,2024-01-01 23:00:00+00:00
2024-01-01 21:00:00+00:00,47.65,23,2023-12-31 23:00:00+00:00,2024-01-01 23:00:00+00:00
2024-01-01 22:00:00+00:00,35.55,24,2023-12-31 23:00:00+00:00,2024-01-01 23:00:00+00:00
